dep_code,dep_nom,groupe,ordre,longitude,latitude
63,Puy-de-Dôme,1,0,2.50859,45.47839
63,Puy-de-Dôme,1,1,2.51442,45.49286
63,Puy-de-Dôme,1,2,2.51601,45.55398
63,Puy-de-Dôme,1,3,2.4964,45.55687
63,Puy-de-Dôme,1,4,2.47467,45.57857
63,Puy-de-Dôme,1,5,2.46566,45.601
63,Puy-de-Dôme,1,6,2.47838,45.60787
63,Puy-de-Dôme,1,7,2.48315,45.63716
63,Puy-de-Dôme,1,8,2.51389,45.63933
63,Puy-de-Dôme,1,9,2.51283,45.66935
63,Puy-de-Dôme,1,10,2.52873,45.68237
63,Puy-de-Dôme,1,11,2.51813,45.71275
63,Puy-de-Dôme,1,12,2.49216,45.7377
63,Puy-de-Dôme,1,13,2.48156,45.74855
63,Puy-de-Dôme,1,14,2.43386,45.77025
63,Puy-de-Dôme,1,15,2.43174,45.78725
63,Puy-de-Dôme,1,16,2.38934,45.82378
63,Puy-de-Dôme,1,17,2.39888,45.83463
63,Puy-de-Dôme,1,18,2.4328,45.83897
63,Puy-de-Dôme,1,19,2.44764,45.84837
63,Puy-de-Dôme,1,20,2.4434,45.86609
63,Puy-de-Dôme,1,21,2.48209,45.86464
63,Puy-de-Dôme,1,22,2.51018,45.88743
63,Puy-de-Dôme,1,23,2.55311,45.91166
63,Puy-de-Dôme,1,24,2.54145,45.9207
63,Puy-de-Dôme,1,25,2.56954,45.95867
63,Puy-de-Dôme,1,26,2.60664,45.96663
63,Puy-de-Dôme,1,27,2.59498,45.98905
63,Puy-de-Dôme,1,28,2.59763,46.03607
63,Puy-de-Dôme,1,29,2.57113,46.04873
63,Puy-de-Dôme,1,30,2.55152,46.08525
63,Puy-de-Dôme,1,31,2.54728,46.11274
63,Puy-de-Dôme,1,32,2.56636,46.14312
63,Puy-de-Dôme,1,33,2.64056,46.11853
63,Puy-de-Dôme,1,34,2.65434,46.12431
63,Puy-de-Dôme,1,35,2.67288,46.15578
63,Puy-de-Dôme,1,36,2.675,46.17097
63,Puy-de-Dôme,1,37,2.72323,46.18146
63,Puy-de-Dôme,1,38,2.72111,46.21184
63,Puy-de-Dôme,1,39,2.73277,46.22341
63,Puy-de-Dôme,1,40,2.79107,46.19918
63,Puy-de-Dôme,1,41,2.81439,46.20026
63,Puy-de-Dôme,1,42,2.81863,46.23281
63,Puy-de-Dôme,1,43,2.83824,46.25126
63,Puy-de-Dôme,1,44,2.88965,46.25343
63,Puy-de-Dôme,1,45,2.92569,46.24945
63,Puy-de-Dôme,1,46,2.94105,46.23932
63,Puy-de-Dôme,1,47,2.91032,46.20496
63,Puy-de-Dôme,1,48,2.92092,46.18941
63,Puy-de-Dôme,1,49,2.91032,46.17856
63,Puy-de-Dôme,1,50,2.95324,46.17097
63,Puy-de-Dôme,1,51,2.96172,46.13155
63,Puy-de-Dôme,1,52,2.99352,46.12395
63,Puy-de-Dôme,1,53,3.01419,46.10406
63,Puy-de-Dôme,1,54,3.05447,46.10189
63,Puy-de-Dôme,1,55,3.0921,46.11238
63,Puy-de-Dôme,1,56,3.10323,46.08128
63,Puy-de-Dôme,1,57,3.12867,46.07151
63,Puy-de-Dôme,1,58,3.16895,46.06573
63,Puy-de-Dôme,1,59,3.17955,46.07368
63,Puy-de-Dôme,1,60,3.21453,46.07477
63,Puy-de-Dôme,1,61,3.24261,46.06283
63,Puy-de-Dôme,1,62,3.3025,46.06609
63,Puy-de-Dôme,1,63,3.31363,46.05668
63,Puy-de-Dôme,1,64,3.35232,46.05198
63,Puy-de-Dôme,1,65,3.41963,46.07441
63,Puy-de-Dôme,1,66,3.43553,46.0603
63,Puy-de-Dôme,1,67,3.45302,46.06392
63,Puy-de-Dôme,1,68,3.46786,46.04511
63,Puy-de-Dôme,1,69,3.46415,46.00822
63,Puy-de-Dôme,1,70,3.48217,46.01437
63,Puy-de-Dôme,1,71,3.56961,46.01762
63,Puy-de-Dôme,1,72,3.60088,46.01545
63,Puy-de-Dôme,1,73,3.62897,45.9782
63,Puy-de-Dôme,1,74,3.63215,45.96084
63,Puy-de-Dôme,1,75,3.66978,45.96121
63,Puy-de-Dôme,1,76,3.69416,45.93083
63,Puy-de-Dôme,1,77,3.72331,45.92179
63,Puy-de-Dôme,1,78,3.75458,45.88598
63,Puy-de-Dôme,1,79,3.72755,45.87043
63,Puy-de-Dôme,1,80,3.71907,45.85126
63,Puy-de-Dôme,1,81,3.72755,45.83209
63,Puy-de-Dôme,1,82,3.71271,45.80135
63,Puy-de-Dôme,1,83,3.69098,45.7905
63,Puy-de-Dôme,1,84,3.73868,45.767
63,Puy-de-Dôme,1,85,3.72967,45.7547
63,Puy-de-Dôme,1,86,3.75882,45.74602
63,Puy-de-Dôme,1,87,3.78213,45.71166
63,Puy-de-Dôme,1,88,3.77683,45.69141
63,Puy-de-Dôme,1,89,3.824,45.6321
63,Puy-de-Dôme,1,90,3.86163,45.62269
63,Puy-de-Dôme,1,91,3.88548,45.60244
63,Puy-de-Dôme,1,92,3.90297,45.59919
63,Puy-de-Dôme,1,93,3.93212,45.57966
63,Puy-de-Dôme,1,94,3.95438,45.55362
63,Puy-de-Dôme,1,95,3.94696,45.54638
63,Puy-de-Dôme,1,96,3.95862,45.51203
63,Puy-de-Dôme,1,97,3.98406,45.49358
63,Puy-de-Dôme,1,98,3.96657,45.46791
63,Puy-de-Dôme,1,99,3.97505,45.44838
63,Puy-de-Dôme,1,100,3.96074,45.43427
63,Puy-de-Dôme,1,101,3.93689,45.42993
63,Puy-de-Dôme,1,102,3.89873,45.40968
63,Puy-de-Dôme,1,103,3.89078,45.39051
63,Puy-de-Dôme,1,104,3.89767,45.35688
63,Puy-de-Dôme,1,105,3.87064,45.35543
63,Puy-de-Dôme,1,106,3.83672,45.36664
63,Puy-de-Dôme,1,107,3.83619,45.38292
63,Puy-de-Dôme,1,108,3.79962,45.39051
63,Puy-de-Dôme,1,109,3.78743,45.35832
63,Puy-de-Dôme,1,110,3.76412,45.3529
63,Puy-de-Dôme,1,111,3.70158,45.3623
63,Puy-de-Dôme,1,112,3.68356,45.37785
63,Puy-de-Dôme,1,113,3.66713,45.37677
63,Puy-de-Dôme,1,114,3.65229,45.35868
63,Puy-de-Dôme,1,115,3.61837,45.33735
63,Puy-de-Dôme,1,116,3.59081,45.35688
63,Puy-de-Dôme,1,117,3.58816,45.37496
63,Puy-de-Dôme,1,118,3.56431,45.39521
63,Puy-de-Dôme,1,119,3.52138,45.40244
63,Puy-de-Dôme,1,120,3.50124,45.42776
63,Puy-de-Dôme,1,121,3.47687,45.41836
63,Puy-de-Dôme,1,122,3.46309,45.40172
63,Puy-de-Dôme,1,123,3.42016,45.39738
63,Puy-de-Dôme,1,124,3.38783,45.40281
63,Puy-de-Dôme,1,125,3.34649,45.42053
63,Puy-de-Dôme,1,126,3.32635,45.40028
63,Puy-de-Dôme,1,127,3.30886,45.41872
63,Puy-de-Dôme,1,128,3.2866,45.39991
63,Puy-de-Dôme,1,129,3.25321,45.3887
63,Puy-de-Dôme,1,130,3.23625,45.3916
63,Puy-de-Dôme,1,131,3.16789,45.35217
63,Puy-de-Dôme,1,132,3.10376,45.35398
63,Puy-de-Dôme,1,133,3.06242,45.3265
63,Puy-de-Dôme,1,134,3.05924,45.30697
63,Puy-de-Dôme,1,135,3.01843,45.28708
63,Puy-de-Dôme,1,136,2.96755,45.30733
63,Puy-de-Dôme,1,137,2.94847,45.30914
63,Puy-de-Dôme,1,138,2.93311,45.32794
63,Puy-de-Dôme,1,139,2.92145,45.36592
63,Puy-de-Dôme,1,140,2.88329,45.384
63,Puy-de-Dôme,1,141,2.86739,45.37641
63,Puy-de-Dôme,1,142,2.85255,45.39232
63,Puy-de-Dôme,1,143,2.83453,45.39051
63,Puy-de-Dôme,1,144,2.81386,45.40136
63,Puy-de-Dôme,1,145,2.78577,45.38798
63,Puy-de-Dôme,1,146,2.76192,45.38581
63,Puy-de-Dôme,1,147,2.74231,45.3934
63,Puy-de-Dôme,1,148,2.71475,45.38147
63,Puy-de-Dôme,1,149,2.68083,45.40932
63,Puy-de-Dôme,1,150,2.68666,45.43825
63,Puy-de-Dôme,1,151,2.58703,45.44946
63,Puy-de-Dôme,1,152,2.56583,45.46501
63,Puy-de-Dôme,1,153,2.53562,45.45814
63,Puy-de-Dôme,1,154,2.5441,45.47912
63,Puy-de-Dôme,1,155,2.50859,45.47839
59,Nord,1,0,2.08938,51.0038
59,Nord,1,1,2.10792,51.00416
59,Nord,1,2,2.14237,51.02261
59,Nord,1,3,2.17099,51.04431
59,Nord,1,4,2.2118,51.03237
59,Nord,1,5,2.26427,51.04467
59,Nord,1,6,2.339,51.05733
59,Nord,1,7,2.38563,51.04973
59,Nord,1,8,2.43227,51.05805
59,Nord,1,9,2.54516,51.08915
59,Nord,1,10,2.55894,51.06998
59,Nord,1,11,2.57855,50.99982
59,Nord,1,12,2.60717,50.99114
59,Nord,1,13,2.62784,50.94268
59,Nord,1,14,2.59551,50.92134
59,Nord,1,15,2.60823,50.91013
59,Nord,1,16,2.60611,50.88482
59,Nord,1,17,2.61459,50.84865
59,Nord,1,18,2.63526,50.81285
59,Nord,1,19,2.66228,50.81646
59,Nord,1,20,2.71051,50.81357
59,Nord,1,21,2.72641,50.79223
59,Nord,1,22,2.75397,50.77596
59,Nord,1,23,2.76457,50.7557
59,Nord,1,24,2.78259,50.74883
59,Nord,1,25,2.7916,50.72713
59,Nord,1,26,2.81333,50.71701
59,Nord,1,27,2.84619,50.72243
59,Nord,1,28,2.86686,50.70616
59,Nord,1,29,2.90979,50.6935
59,Nord,1,30,2.92834,50.70869
59,Nord,1,31,2.95218,50.75245
59,Nord,1,32,3.03327,50.76981
59,Nord,1,33,3.06136,50.78066
59,Nord,1,34,3.0815,50.7727
59,Nord,1,35,3.15093,50.79006
59,Nord,1,36,3.16153,50.7727
59,Nord,1,37,3.20022,50.73473
59,Nord,1,38,3.20552,50.71194
59,Nord,1,39,3.23678,50.71194
59,Nord,1,40,3.25904,50.70254
59,Nord,1,41,3.25798,50.68337
59,Nord,1,42,3.24102,50.66891
59,Nord,1,43,3.24473,50.64106
59,Nord,1,44,3.25904,50.62985
59,Nord,1,45,3.27759,50.5926
59,Nord,1,46,3.2866,50.52786
59,Nord,1,47,3.31893,50.51882
59,Nord,1,48,3.329,50.50833
59,Nord,1,49,3.35868,50.50471
59,Nord,1,50,3.37723,50.49206
59,Nord,1,51,3.44189,50.50797
59,Nord,1,52,3.46786,50.52858
59,Nord,1,53,3.51979,50.52316
59,Nord,1,54,3.497,50.49784
59,Nord,1,55,3.51873,50.49314
59,Nord,1,56,3.56855,50.50073
59,Nord,1,57,3.58551,50.49061
59,Nord,1,58,3.60777,50.49712
59,Nord,1,59,3.64328,50.46348
59,Nord,1,60,3.66342,50.45336
59,Nord,1,61,3.67296,50.39296
59,Nord,1,62,3.65706,50.3709
59,Nord,1,63,3.67349,50.3351
59,Nord,1,64,3.71059,50.30327
59,Nord,1,65,3.72861,50.30942
59,Nord,1,66,3.73497,50.34233
59,Nord,1,67,3.74716,50.35101
59,Nord,1,68,3.85368,50.35101
59,Nord,1,69,3.88548,50.32714
59,Nord,1,70,3.9088,50.32859
59,Nord,1,71,3.96816,50.34992
59,Nord,1,72,3.98671,50.34233
59,Nord,1,73,4.02434,50.35933
59,Nord,1,74,4.036,50.34378
59,Nord,1,75,4.12132,50.29857
59,Nord,1,76,4.13722,50.25698
59,Nord,1,77,4.16743,50.25951
59,Nord,1,78,4.15153,50.27795
59,Nord,1,79,4.20294,50.2747
59,Nord,1,80,4.22149,50.25879
59,Nord,1,81,4.1934,50.23998
59,Nord,1,82,4.17273,50.2172
59,Nord,1,83,4.15206,50.21322
59,Nord,1,84,4.15524,50.16512
59,Nord,1,85,4.12715,50.13546
59,Nord,1,86,4.14517,50.12895
59,Nord,1,87,4.18969,50.13401
59,Nord,1,88,4.19658,50.10653
59,Nord,1,89,4.21672,50.09098
59,Nord,1,90,4.22838,50.06638
59,Nord,1,91,4.18439,50.04794
59,Nord,1,92,4.16054,50.04794
59,Nord,1,93,4.13563,50.01503
59,Nord,1,94,4.16266,49.99767
59,Nord,1,95,4.14146,49.97922
59,Nord,1,96,4.1033,49.97271
59,Nord,1,97,4.05666,49.98537
59,Nord,1,98,4.01162,49.9861
59,Nord,1,99,3.97982,50.00273
59,Nord,1,100,3.99519,50.0266
59,Nord,1,101,3.99042,50.04107
59,Nord,1,102,3.89873,50.01648
59,Nord,1,103,3.87965,50.03347
59,Nord,1,104,3.83778,50.04758
59,Nord,1,105,3.81552,50.0389
59,Nord,1,106,3.79962,50.0483
59,Nord,1,107,3.74557,50.05336
59,Nord,1,108,3.71059,50.06638
59,Nord,1,109,3.65971,50.05156
59,Nord,1,110,3.61572,50.02696
59,Nord,1,111,3.60035,50.04034
59,Nord,1,112,3.56802,50.053
59,Nord,1,113,3.54205,50.05156
59,Nord,1,114,3.52933,50.03745
59,Nord,1,115,3.50707,50.03564
59,Nord,1,116,3.49012,50.01901
59,Nord,1,117,3.42811,50.0219
59,Nord,1,118,3.35391,50.03564
59,Nord,1,119,3.33695,50.0172
59,Nord,1,120,3.28077,50.01539
59,Nord,1,121,3.23042,50.03203
59,Nord,1,122,3.19863,50.01611
59,Nord,1,123,3.17266,50.01177
59,Nord,1,124,3.1186,50.02624
59,Nord,1,125,3.09051,50.05373
59,Nord,1,126,3.08998,50.07543
59,Nord,1,127,3.11436,50.09242
59,Nord,1,128,3.09263,50.12063
59,Nord,1,129,3.1292,50.16548
59,Nord,1,130,3.15623,50.18139
59,Nord,1,131,3.13132,50.19947
59,Nord,1,132,3.14298,50.21937
59,Nord,1,133,3.17849,50.219
59,Nord,1,134,3.17584,50.24143
59,Nord,1,135,3.1504,50.24974
59,Nord,1,136,3.13768,50.2653
59,Nord,1,137,3.01631,50.28266
59,Nord,1,138,3.08415,50.31123
59,Nord,1,139,3.01366,50.35969
59,Nord,1,140,2.99299,50.37958
59,Nord,1,141,2.98981,50.39477
59,Nord,1,142,3.01366,50.40309
59,Nord,1,143,3.04917,50.42587
59,Nord,1,144,3.06878,50.42551
59,Nord,1,145,3.07726,50.4454
59,Nord,1,146,3.06666,50.45878
59,Nord,1,147,3.03327,50.44395
59,Nord,1,148,3.00836,50.45589
59,Nord,1,149,3.02267,50.48229
59,Nord,1,150,2.97073,50.51014
59,Nord,1,151,2.95006,50.51231
59,Nord,1,152,2.91032,50.49965
59,Nord,1,153,2.8817,50.50761
59,Nord,1,154,2.887,50.53328
59,Nord,1,155,2.82605,50.52533
59,Nord,1,156,2.79955,50.52858
59,Nord,1,157,2.79425,50.5492
59,Nord,1,158,2.81651,50.55281
59,Nord,1,159,2.80803,50.57921
59,Nord,1,160,2.78895,50.58319
59,Nord,1,161,2.81068,50.60851
59,Nord,1,162,2.84725,50.62768
59,Nord,1,163,2.86951,50.63129
59,Nord,1,164,2.8393,50.65769
59,Nord,1,165,2.81227,50.66818
59,Nord,1,166,2.77517,50.66457
59,Nord,1,167,2.75874,50.65082
59,Nord,1,168,2.75927,50.63274
59,Nord,1,169,2.74602,50.60489
59,Nord,1,170,2.71846,50.62949
59,Nord,1,171,2.675,50.62804
59,Nord,1,172,2.63049,50.61755
59,Nord,1,173,2.5865,50.63816
59,Nord,1,174,2.56424,50.62478
59,Nord,1,175,2.53668,50.63093
59,Nord,1,176,2.4858,50.6331
59,Nord,1,177,2.45082,50.65335
59,Nord,1,178,2.42909,50.65697
59,Nord,1,179,2.40312,50.6812
59,Nord,1,180,2.37981,50.67071
59,Nord,1,181,2.36391,50.68482
59,Nord,1,182,2.38404,50.70037
59,Nord,1,183,2.33953,50.73075
59,Nord,1,184,2.34271,50.74088
59,Nord,1,185,2.40736,50.76221
59,Nord,1,186,2.39888,50.77487
59,Nord,1,187,2.36073,50.77559
59,Nord,1,188,2.25049,50.7897
59,Nord,1,189,2.21286,50.82225
59,Nord,1,190,2.18371,50.88373
59,Nord,1,191,2.14979,50.94087
59,Nord,1,192,2.12064,50.98065
59,Nord,1,193,2.08938,51.0038
59,Nord,2,0,3.00677,50.14957
59,Nord,2,1,3.02638,50.15101
59,Nord,2,2,3.05871,50.17416
59,Nord,2,3,3.09581,50.16331
59,Nord,2,4,3.06772,50.1474
59,Nord,2,5,3.07408,50.13148
59,Nord,2,6,3.03698,50.1304
59,Nord,2,7,3.01048,50.11268
59,Nord,2,8,2.99776,50.13293
59,Nord,2,9,3.00677,50.14957
75,Paris,1,0,2.31992,48.9004
75,Paris,1,1,2.3851,48.90221
75,Paris,1,2,2.41372,48.87255
75,Paris,1,3,2.41637,48.84941
75,Paris,1,4,2.4699,48.83639
75,Paris,1,5,2.46248,48.81903
75,Paris,1,6,2.43969,48.8183
75,Paris,1,7,2.40153,48.82951
75,Paris,1,8,2.36444,48.81649
75,Paris,1,9,2.33211,48.81686
75,Paris,1,10,2.27911,48.83241
75,Paris,1,11,2.22399,48.85338
75,Paris,1,12,2.23194,48.86893
75,Paris,1,13,2.31992,48.9004
61,Orne,1,0,-0.8605,48.50149
61,Orne,1,1,-0.84725,48.52174
61,Orne,1,2,-0.80538,48.54959
61,Orne,1,3,-0.77411,48.56297
61,Orne,1,4,-0.74231,48.62735
61,Orne,1,5,-0.76298,48.63133
61,Orne,1,6,-0.77252,48.65809
61,Orne,1,7,-0.74496,48.67906
61,Orne,1,8,-0.79796,48.70908
61,Orne,1,9,-0.82128,48.73187
61,Orne,1,10,-0.84248,48.72861
61,Orne,1,11,-0.84142,48.75248
61,Orne,1,12,-0.80856,48.76044
61,Orne,1,13,-0.78153,48.78322
61,Orne,1,14,-0.71422,48.79986
61,Orne,1,15,-0.6819,48.82192
61,Orne,1,16,-0.70521,48.83856
61,Orne,1,17,-0.69196,48.84724
61,Orne,1,18,-0.64374,48.84109
61,Orne,1,19,-0.6236,48.82698
61,Orne,1,20,-0.58597,48.83675
61,Orne,1,21,-0.56954,48.8306
61,Orne,1,22,-0.55099,48.84651
61,Orne,1,23,-0.49428,48.84868
61,Orne,1,24,-0.4646,48.8711
61,Orne,1,25,-0.40948,48.87147
61,Orne,1,26,-0.40578,48.86279
61,Orne,1,27,-0.34536,48.82192
61,Orne,1,28,-0.32946,48.83566
61,Orne,1,29,-0.3284,48.85772
61,Orne,1,30,-0.29872,48.84941
61,Orne,1,31,-0.2701,48.85302
61,Orne,1,32,-0.21551,48.84109
61,Orne,1,33,-0.20491,48.84687
61,Orne,1,34,-0.16993,48.82481
61,Orne,1,35,-0.14661,48.83458
61,Orne,1,36,-0.08514,48.84434
61,Orne,1,37,-0.05917,48.85375
61,Orne,1,38,-0.00988,48.88412
61,Orne,1,39,0.05637,48.90221
61,Orne,1,40,0.07068,48.93186
61,Orne,1,41,0.10248,48.93656
61,Orne,1,42,0.12739,48.95212
61,Orne,1,43,0.15388,48.92463
61,Orne,1,44,0.17985,48.92969
61,Orne,1,45,0.18727,48.9409
61,Orne,1,46,0.21483,48.94633
61,Orne,1,47,0.23338,48.93982
61,Orne,1,48,0.24663,48.96007
61,Orne,1,49,0.27631,48.96586
61,Orne,1,50,0.28055,48.94995
61,Orne,1,51,0.30864,48.95429
61,Orne,1,52,0.33302,48.94271
61,Orne,1,53,0.35846,48.95067
61,Orne,1,54,0.37754,48.97237
61,Orne,1,55,0.40616,48.96333
61,Orne,1,56,0.41252,48.95031
61,Orne,1,57,0.38655,48.91848
61,Orne,1,58,0.41464,48.90004
61,Orne,1,59,0.42047,48.88702
61,Orne,1,60,0.46339,48.88846
61,Orne,1,61,0.50155,48.87834
61,Orne,1,62,0.55137,48.87508
61,Orne,1,63,0.57787,48.89389
61,Orne,1,64,0.58953,48.87255
61,Orne,1,65,0.62239,48.85266
61,Orne,1,66,0.60967,48.83132
61,Orne,1,67,0.66956,48.80709
61,Orne,1,68,0.68917,48.79443
61,Orne,1,69,0.73368,48.78322
61,Orne,1,70,0.77502,48.73729
61,Orne,1,71,0.72997,48.70547
61,Orne,1,72,0.76707,48.6957
61,Orne,1,73,0.76389,48.67581
61,Orne,1,74,0.81477,48.67002
61,Orne,1,75,0.82484,48.64869
61,Orne,1,76,0.81742,48.61577
61,Orne,1,77,0.84657,48.60312
61,Orne,1,78,0.84975,48.58431
61,Orne,1,79,0.89109,48.57201
61,Orne,1,80,0.93402,48.55429
61,Orne,1,81,0.92236,48.53766
61,Orne,1,82,0.96741,48.52391
61,Orne,1,83,0.94144,48.49896
61,Orne,1,84,0.95628,48.48232
61,Orne,1,85,0.93561,48.47545
61,Orne,1,86,0.95787,48.4429
61,Orne,1,87,0.94038,48.39842
61,Orne,1,88,0.90911,48.37021
61,Orne,1,89,0.88367,48.35683
61,Orne,1,90,0.83968,48.35285
61,Orne,1,91,0.78562,48.34055
61,Orne,1,92,0.75594,48.30005
61,Orne,1,93,0.77873,48.30294
61,Orne,1,94,0.79728,48.28703
61,Orne,1,95,0.78562,48.27111
61,Orne,1,96,0.83067,48.21072
61,Orne,1,97,0.79781,48.1948
61,Orne,1,98,0.75541,48.18251
61,Orne,1,99,0.72361,48.19842
61,Orne,1,100,0.68599,48.24435
61,Orne,1,101,0.6844,48.25412
61,Orne,1,102,0.65154,48.26424
61,Orne,1,103,0.62451,48.24544
61,Orne,1,104,0.57893,48.24435
61,Orne,1,105,0.536,48.24978
61,Orne,1,106,0.49307,48.28413
61,Orne,1,107,0.50738,48.29535
61,Orne,1,108,0.43106,48.30656
61,Orne,1,109,0.40616,48.31488
61,Orne,1,110,0.38231,48.33404
61,Orne,1,111,0.38761,48.34742
61,Orne,1,112,0.37277,48.40384
61,Orne,1,113,0.38019,48.42554
61,Orne,1,114,0.35846,48.45592
61,Orne,1,115,0.32719,48.47039
61,Orne,1,116,0.26571,48.48485
61,Orne,1,117,0.25034,48.47437
61,Orne,1,118,0.21801,48.474
61,Orne,1,119,0.18992,48.46207
61,Orne,1,120,0.17243,48.46496
61,Orne,1,121,0.15335,48.43784
61,Orne,1,122,0.11626,48.43603
61,Orne,1,123,0.09983,48.41035
61,Orne,1,124,0.06538,48.40493
61,Orne,1,125,0.0622,48.38287
61,Orne,1,126,0.02033,48.38034
61,Orne,1,127,-0.00246,48.39769
61,Orne,1,128,-0.03638,48.3807
61,Orne,1,129,-0.05493,48.38214
61,Orne,1,130,-0.05705,48.42916
61,Orne,1,131,-0.05122,48.45303
61,Orne,1,132,-0.11641,48.44869
61,Orne,1,133,-0.14979,48.4599
61,Orne,1,134,-0.15615,48.49245
61,Orne,1,135,-0.1694,48.51198
61,Orne,1,136,-0.14449,48.52789
61,Orne,1,137,-0.16834,48.53693
61,Orne,1,138,-0.20597,48.56189
61,Orne,1,139,-0.23459,48.56225
61,Orne,1,140,-0.25844,48.55104
61,Orne,1,141,-0.24148,48.53729
61,Orne,1,142,-0.26533,48.52283
61,Orne,1,143,-0.27169,48.50728
61,Orne,1,144,-0.31992,48.52319
61,Orne,1,145,-0.34642,48.50113
61,Orne,1,146,-0.36868,48.49462
61,Orne,1,147,-0.44446,48.51415
61,Orne,1,148,-0.47838,48.50149
61,Orne,1,149,-0.50965,48.50872
61,Orne,1,150,-0.55205,48.47328
61,Orne,1,151,-0.5971,48.47183
61,Orne,1,152,-0.65116,48.44399
61,Orne,1,153,-0.65805,48.4769
61,Orne,1,154,-0.68613,48.47039
61,Orne,1,155,-0.72482,48.47328
61,Orne,1,156,-0.73701,48.46496
61,Orne,1,157,-0.71475,48.44905
61,Orne,1,158,-0.75927,48.43603
61,Orne,1,159,-0.79213,48.46569
61,Orne,1,160,-0.8181,48.46858
61,Orne,1,161,-0.84036,48.49173
61,Orne,1,162,-0.8605,48.50149
13,Bouches-du-Rhône,1,0,4.22997,43.46034
13,Bouches-du-Rhône,1,1,4.23951,43.49904
13,Bouches-du-Rhône,1,2,4.29675,43.51459
13,Bouches-du-Rhône,1,3,4.3508,43.54678
13,Bouches-du-Rhône,1,4,4.41493,43.56595
13,Bouches-du-Rhône,1,5,4.42447,43.58511
13,Bouches-du-Rhône,1,6,4.45468,43.58511
13,Bouches-du-Rhône,1,7,4.47429,43.60464
13,Bouches-du-Rhône,1,8,4.44461,43.61007
13,Bouches-du-Rhône,1,9,4.42606,43.6249
13,Bouches-du-Rhône,1,10,4.4515,43.66468
13,Bouches-du-Rhône,1,11,4.4727,43.67047
13,Bouches-du-Rhône,1,12,4.48595,43.69904
13,Bouches-du-Rhône,1,13,4.54531,43.70518
13,Bouches-du-Rhône,1,14,4.58241,43.69614
13,Bouches-du-Rhône,1,15,4.59301,43.68746
13,Bouches-du-Rhône,1,16,4.62745,43.68529
13,Bouches-du-Rhône,1,17,4.61208,43.71965
13,Bouches-du-Rhône,1,18,4.63063,43.76269
13,Bouches-du-Rhône,1,19,4.6513,43.78294
13,Bouches-du-Rhône,1,20,4.65501,43.80717
13,Bouches-du-Rhône,1,21,4.64229,43.83032
13,Bouches-du-Rhône,1,22,4.66561,43.84406
13,Bouches-du-Rhône,1,23,4.64229,43.86757
13,Bouches-du-Rhône,1,24,4.68681,43.88276
13,Bouches-du-Rhône,1,25,4.72338,43.90591
13,Bouches-du-Rhône,1,26,4.73928,43.92399
13,Bouches-du-Rhône,1,27,4.82143,43.91278
13,Bouches-du-Rhône,1,28,4.85323,43.91133
13,Bouches-du-Rhône,1,29,4.90251,43.88818
13,Bouches-du-Rhône,1,30,4.9253,43.88674
13,Bouches-du-Rhône,1,31,4.97565,43.86685
13,Bouches-du-Rhône,1,32,4.99738,43.84515
13,Bouches-du-Rhône,1,33,5.03077,43.8267
13,Bouches-du-Rhône,1,34,5.04985,43.78873
13,Bouches-du-Rhône,1,35,5.17333,43.73882
13,Bouches-du-Rhône,1,36,5.18764,43.7352
13,Bouches-du-Rhône,1,37,5.22898,43.7475
13,Bouches-du-Rhône,1,38,5.25654,43.74641
13,Bouches-du-Rhône,1,39,5.31643,43.73629
13,Bouches-du-Rhône,1,40,5.33922,43.72037
13,Bouches-du-Rhône,1,41,5.406,43.69614
13,Bouches-du-Rhône,1,42,5.43886,43.68095
13,Bouches-du-Rhône,1,43,5.53213,43.65925
13,Bouches-du-Rhône,1,44,5.57506,43.66215
13,Bouches-du-Rhône,1,45,5.60686,43.65889
13,Bouches-du-Rhône,1,46,5.64396,43.67336
13,Bouches-du-Rhône,1,47,5.66569,43.68963
13,Bouches-du-Rhône,1,48,5.7171,43.69361
13,Bouches-du-Rhône,1,49,5.75366,43.72471
13,Bouches-du-Rhône,1,50,5.78175,43.71748
13,Bouches-du-Rhône,1,51,5.79288,43.69253
13,Bouches-du-Rhône,1,52,5.81355,43.68927
13,Bouches-du-Rhône,1,53,5.79871,43.66215
13,Bouches-du-Rhône,1,54,5.74412,43.65672
13,Bouches-du-Rhône,1,55,5.71922,43.64985
13,Bouches-du-Rhône,1,56,5.68159,43.61405
13,Bouches-du-Rhône,1,57,5.69166,43.58439
13,Bouches-du-Rhône,1,58,5.65615,43.5739
13,Bouches-du-Rhône,1,59,5.72505,43.55112
13,Bouches-du-Rhône,1,60,5.71445,43.50591
13,Bouches-du-Rhône,1,61,5.69908,43.48204
13,Bouches-du-Rhône,1,62,5.71498,43.47734
13,Bouches-du-Rhône,1,63,5.74942,43.43575
13,Bouches-du-Rhône,1,64,5.78652,43.41405
13,Bouches-du-Rhône,1,65,5.74995,43.40139
13,Bouches-du-Rhône,1,66,5.72452,43.40899
13,Bouches-du-Rhône,1,67,5.68265,43.39922
13,Bouches-du-Rhône,1,68,5.69484,43.36414
13,Bouches-du-Rhône,1,69,5.69113,43.31315
13,Bouches-du-Rhône,1,70,5.72663,43.31713
13,Bouches-du-Rhône,1,71,5.73564,43.30266
13,Bouches-du-Rhône,1,72,5.76267,43.28241
13,Bouches-du-Rhône,1,73,5.76055,43.26722
13,Bouches-du-Rhône,1,74,5.71286,43.25347
13,Bouches-du-Rhône,1,75,5.68318,43.23431
13,Bouches-du-Rhône,1,76,5.67205,43.1797
13,Bouches-du-Rhône,1,77,5.64926,43.18838
13,Bouches-du-Rhône,1,78,5.6217,43.18621
13,Bouches-du-Rhône,1,79,5.60474,43.16017
13,Bouches-du-Rhône,1,80,5.57453,43.17282
13,Bouches-du-Rhône,1,81,5.54856,43.19561
13,Bouches-du-Rhône,1,82,5.54485,43.2108
13,Bouches-du-Rhône,1,83,5.521,43.21008
13,Bouches-du-Rhône,1,84,5.50192,43.19778
13,Bouches-du-Rhône,1,85,5.45528,43.21152
13,Bouches-du-Rhône,1,86,5.44098,43.20574
13,Bouches-du-Rhône,1,87,5.40123,43.21297
13,Bouches-du-Rhône,1,88,5.36307,43.20754
13,Bouches-du-Rhône,1,89,5.34664,43.22671
13,Bouches-du-Rhône,1,90,5.37314,43.24552
13,Bouches-du-Rhône,1,91,5.37579,43.25818
13,Bouches-du-Rhône,1,92,5.34929,43.28024
13,Bouches-du-Rhône,1,93,5.3636,43.31387
13,Bouches-du-Rhône,1,94,5.31272,43.36053
13,Bouches-du-Rhône,1,95,5.28251,43.35365
13,Bouches-du-Rhône,1,96,5.24329,43.33232
13,Bouches-du-Rhône,1,97,5.22209,43.32834
13,Bouches-du-Rhône,1,98,5.18499,43.33268
13,Bouches-du-Rhône,1,99,5.14949,43.32617
13,Bouches-du-Rhône,1,100,5.1267,43.33015
13,Bouches-du-Rhône,1,101,5.03819,43.32942
13,Bouches-du-Rhône,1,102,5.01805,43.34714
13,Bouches-du-Rhône,1,103,5.0101,43.36559
13,Bouches-du-Rhône,1,104,4.9889,43.38982
13,Bouches-du-Rhône,1,105,5.00798,43.40175
13,Bouches-du-Rhône,1,106,5.03607,43.40031
13,Bouches-du-Rhône,1,107,5.05727,43.40429
13,Bouches-du-Rhône,1,108,5.08377,43.39886
13,Bouches-du-Rhône,1,109,5.11716,43.40429
13,Bouches-du-Rhône,1,110,5.12405,43.39705
13,Bouches-du-Rhône,1,111,5.15638,43.40899
13,Bouches-du-Rhône,1,112,5.20195,43.4419
13,Bouches-du-Rhône,1,113,5.2205,43.44913
13,Bouches-du-Rhône,1,114,5.22951,43.46468
13,Bouches-du-Rhône,1,115,5.21944,43.48674
13,Bouches-du-Rhône,1,116,5.20513,43.49217
13,Bouches-du-Rhône,1,117,5.16486,43.47192
13,Bouches-du-Rhône,1,118,5.15214,43.45564
13,Bouches-du-Rhône,1,119,5.13465,43.47119
13,Bouches-du-Rhône,1,120,5.10603,43.52616
13,Bouches-du-Rhône,1,121,5.03819,43.53195
13,Bouches-du-Rhône,1,122,5.0313,43.54859
13,Bouches-du-Rhône,1,123,4.9995,43.50555
13,Bouches-du-Rhône,1,124,5.00003,43.47481
13,Bouches-du-Rhône,1,125,5.03766,43.47083
13,Bouches-du-Rhône,1,126,5.05356,43.45998
13,Bouches-du-Rhône,1,127,5.06098,43.41911
13,Bouches-du-Rhône,1,128,5.05727,43.40899
13,Bouches-du-Rhône,1,129,5.03766,43.40248
13,Bouches-du-Rhône,1,130,4.97724,43.40718
13,Bouches-du-Rhône,1,131,4.96823,43.42599
13,Bouches-du-Rhône,1,132,4.93272,43.43322
13,Bouches-du-Rhône,1,133,4.86436,43.40646
13,Bouches-du-Rhône,1,134,4.83998,43.37716
13,Bouches-du-Rhône,1,135,4.86807,43.36703
13,Bouches-du-Rhône,1,136,4.86913,43.34244
13,Bouches-du-Rhône,1,137,4.84051,43.33304
13,Bouches-du-Rhône,1,138,4.78168,43.34787
13,Bouches-du-Rhône,1,139,4.74246,43.35112
13,Bouches-du-Rhône,1,140,4.65872,43.34678
13,Bouches-du-Rhône,1,141,4.58506,43.36161
13,Bouches-du-Rhône,1,142,4.5522,43.38512
13,Bouches-du-Rhône,1,143,4.59142,43.40682
13,Bouches-du-Rhône,1,144,4.57552,43.43539
13,Bouches-du-Rhône,1,145,4.5204,43.45456
13,Bouches-du-Rhône,1,146,4.45362,43.45817
13,Bouches-du-Rhône,1,147,4.43242,43.45094
13,Bouches-du-Rhône,1,148,4.22997,43.46034
09,Ariège,1,0,0.85823,42.82563
09,Ariège,1,1,0.84286,42.89073
09,Ariège,1,2,0.82643,42.91424
09,Ariège,1,3,0.8418,42.92364
09,Ariège,1,4,0.87625,42.9269
09,Ariège,1,5,0.88632,42.93413
09,Ariège,1,6,0.87466,42.95764
09,Ariège,1,7,0.91229,42.95908
09,Ariège,1,8,0.97907,42.97427
09,Ariège,1,9,1.00715,43.00755
09,Ariège,1,10,1.00662,43.02021
09,Ariège,1,11,0.98649,43.02852
09,Ariège,1,12,0.98278,43.07373
09,Ariège,1,13,0.9992,43.08494
09,Ariège,1,14,0.99231,43.09796
09,Ariège,1,15,1.01192,43.10953
09,Ariège,1,16,1.03842,43.10049
09,Ariège,1,17,1.05273,43.12545
09,Ariège,1,18,1.05167,43.14389
09,Ariège,1,19,1.08983,43.14172
09,Ariège,1,20,1.13488,43.15004
09,Ariège,1,21,1.16456,43.13087
09,Ariège,1,22,1.17516,43.141
09,Ariège,1,23,1.2112,43.11496
09,Ariège,1,24,1.22339,43.08603
09,Ariège,1,25,1.26208,43.09181
09,Ariège,1,26,1.29122,43.12436
09,Ariège,1,27,1.26843,43.14642
09,Ariège,1,28,1.22021,43.15257
09,Ariège,1,29,1.22763,43.18404
09,Ariège,1,30,1.26314,43.18693
09,Ariège,1,31,1.27426,43.19633
09,Ariège,1,32,1.29652,43.18946
09,Ariège,1,33,1.32461,43.19199
09,Ariège,1,34,1.33203,43.20429
09,Ariège,1,35,1.37655,43.21695
09,Ariège,1,36,1.37284,43.24443
09,Ariège,1,37,1.34634,43.24299
09,Ariège,1,38,1.32249,43.26143
09,Ariège,1,39,1.2997,43.27011
09,Ariège,1,40,1.29228,43.28892
09,Ariège,1,41,1.3156,43.29651
09,Ariège,1,42,1.32355,43.30953
09,Ariège,1,43,1.34634,43.31604
09,Ariège,1,44,1.40146,43.27771
09,Ariège,1,45,1.42637,43.24769
09,Ariège,1,46,1.41789,43.22563
09,Ariège,1,47,1.46347,43.2108
09,Ariège,1,48,1.4852,43.22635
09,Ariège,1,49,1.50269,43.25167
09,Ariège,1,50,1.48944,43.2712
09,Ariège,1,51,1.49633,43.29326
09,Ariège,1,52,1.5472,43.27807
09,Ariège,1,53,1.56469,43.25347
09,Ariège,1,54,1.58271,43.26866
09,Ariège,1,55,1.6373,43.25564
09,Ariège,1,56,1.67281,43.27843
09,Ariège,1,57,1.68818,43.27373
09,Ariège,1,58,1.69772,43.24769
09,Ariège,1,59,1.72369,43.22454
09,Ariège,1,60,1.71097,43.18874
09,Ariège,1,61,1.73535,43.18584
09,Ariège,1,62,1.76079,43.1674
09,Ariège,1,63,1.82597,43.14534
09,Ariège,1,64,1.87473,43.14245
09,Ariège,1,65,1.89275,43.11604
09,Ariège,1,66,1.9166,43.1334
09,Ariège,1,67,1.94999,43.11785
09,Ariège,1,68,1.95423,43.0806
09,Ariège,1,69,1.94098,43.05275
09,Ariège,1,70,1.97278,43.04661
09,Ariège,1,71,1.9855,43.02527
09,Ariège,1,72,1.98868,42.96523
09,Ariège,1,73,1.93674,42.95402
09,Ariège,1,74,1.93409,42.93919
09,Ariège,1,75,1.98073,42.92979
09,Ariège,1,76,1.99186,42.9052
09,Ariège,1,77,1.98126,42.8788
09,Ariège,1,78,1.98709,42.87084
09,Ariège,1,79,1.94787,42.85674
09,Ariège,1,80,1.88639,42.8524
09,Ariège,1,81,1.85989,42.82672
09,Ariège,1,82,1.86254,42.81804
09,Ariège,1,83,1.89381,42.80972
09,Ariège,1,84,1.92349,42.77753
09,Ariège,1,85,1.91395,42.758
09,Ariège,1,86,1.95953,42.73667
09,Ariège,1,87,2.00776,42.73413
09,Ariège,1,88,2.05599,42.75583
09,Ariège,1,89,2.08514,42.75185
09,Ariège,1,90,2.08779,42.7392
09,Ariège,1,91,2.16781,42.69616
09,Ariège,1,92,2.17576,42.68206
09,Ariège,1,93,2.16622,42.66397
09,Ariège,1,94,2.12806,42.67229
09,Ariège,1,95,2.10792,42.6647
09,Ariège,1,96,2.04698,42.66361
09,Ariège,1,97,2.01889,42.65385
09,Ariège,1,98,2.00193,42.66108
09,Ariège,1,99,1.97596,42.62744
09,Ariège,1,100,1.93091,42.60575
09,Ariège,1,101,1.90706,42.60864
09,Ariège,1,102,1.8742,42.58151
09,Ariège,1,103,1.83445,42.58368
09,Ariège,1,104,1.78623,42.57356
09,Ariège,1,105,1.72581,42.59056
09,Ariège,1,106,1.73747,42.61153
09,Ariège,1,107,1.68765,42.62383
09,Ariège,1,108,1.64154,42.62817
09,Ariège,1,109,1.60444,42.62636
09,Ariège,1,110,1.55303,42.65385
09,Ariège,1,111,1.5011,42.64517
09,Ariège,1,112,1.4799,42.65131
09,Ariège,1,113,1.46877,42.63034
09,Ariège,1,114,1.46983,42.60755
09,Ariège,1,115,1.43856,42.60285
09,Ariège,1,116,1.41736,42.63504
09,Ariège,1,117,1.41418,42.65059
09,Ariège,1,118,1.38821,42.67193
09,Ariège,1,119,1.3898,42.68531
09,Ariège,1,120,1.35376,42.69978
09,Ariège,1,121,1.35747,42.71967
09,Ariège,1,122,1.31825,42.72003
09,Ariège,1,123,1.26155,42.71533
09,Ariège,1,124,1.22922,42.72762
09,Ariège,1,125,1.16668,42.70918
09,Ariège,1,126,1.13276,42.73052
09,Ariège,1,127,1.12905,42.75475
09,Ariège,1,128,1.07552,42.78513
09,Ariège,1,129,1.05697,42.78296
09,Ariège,1,130,1.00556,42.79091
09,Ariège,1,131,0.98331,42.78694
09,Ariège,1,132,0.96582,42.80357
09,Ariège,1,133,0.92236,42.79128
09,Ariège,1,134,0.85823,42.82563
54,Meurthe-et-Moselle,1,0,5.47065,49.4975
54,Meurthe-et-Moselle,1,1,5.48019,49.50437
54,Meurthe-et-Moselle,1,2,5.53372,49.51341
54,Meurthe-et-Moselle,1,3,5.55651,49.52932
54,Meurthe-et-Moselle,1,4,5.59149,49.52281
54,Meurthe-et-Moselle,1,5,5.61587,49.52715
54,Meurthe-et-Moselle,1,6,5.6429,49.54994
54,Meurthe-et-Moselle,1,7,5.67947,49.54885
54,Meurthe-et-Moselle,1,8,5.70173,49.53981
54,Meurthe-et-Moselle,1,9,5.75684,49.5427
54,Meurthe-et-Moselle,1,10,5.75631,49.55717
54,Meurthe-et-Moselle,1,11,5.83687,49.5427
54,Meurthe-et-Moselle,1,12,5.83581,49.51992
54,Meurthe-et-Moselle,1,13,5.86443,49.50075
54,Meurthe-et-Moselle,1,14,5.89358,49.49677
54,Meurthe-et-Moselle,1,15,5.89782,49.48086
54,Meurthe-et-Moselle,1,16,5.94128,49.4758
54,Meurthe-et-Moselle,1,17,5.94234,49.43023
54,Meurthe-et-Moselle,1,18,5.91902,49.41793
54,Meurthe-et-Moselle,1,19,5.93598,49.37923
54,Meurthe-et-Moselle,1,20,5.95612,49.36187
54,Meurthe-et-Moselle,1,21,5.96195,49.34488
54,Meurthe-et-Moselle,1,22,5.94446,49.33475
54,Meurthe-et-Moselle,1,23,5.9858,49.30509
54,Meurthe-et-Moselle,1,24,6.00646,49.30835
54,Meurthe-et-Moselle,1,25,6.00011,49.27616
54,Meurthe-et-Moselle,1,26,6.0266,49.25193
54,Meurthe-et-Moselle,1,27,6.03084,49.23276
54,Meurthe-et-Moselle,1,28,5.9858,49.20853
54,Meurthe-et-Moselle,1,29,5.98686,49.18394
54,Meurthe-et-Moselle,1,30,6.02766,49.1673
54,Meurthe-et-Moselle,1,31,5.98633,49.1456
54,Meurthe-et-Moselle,1,32,5.99746,49.10763
54,Meurthe-et-Moselle,1,33,5.93174,49.10908
54,Meurthe-et-Moselle,1,34,5.93439,49.07544
54,Meurthe-et-Moselle,1,35,5.95771,49.04796
54,Meurthe-et-Moselle,1,36,6.0054,49.03457
54,Meurthe-et-Moselle,1,37,6.04303,49.01504
54,Meurthe-et-Moselle,1,38,6.04356,48.97743
54,Meurthe-et-Moselle,1,39,6.06476,48.98069
54,Meurthe-et-Moselle,1,40,6.08172,48.96297
54,Meurthe-et-Moselle,1,41,6.09974,48.96875
54,Meurthe-et-Moselle,1,42,6.12465,48.95646
54,Meurthe-et-Moselle,1,43,6.12465,48.94163
54,Meurthe-et-Moselle,1,44,6.14638,48.93259
54,Meurthe-et-Moselle,1,45,6.20945,48.9391
54,Meurthe-et-Moselle,1,46,6.23701,48.92499
54,Meurthe-et-Moselle,1,47,6.27146,48.93331
54,Meurthe-et-Moselle,1,48,6.28841,48.91631
54,Meurthe-et-Moselle,1,49,6.32657,48.90655
54,Meurthe-et-Moselle,1,50,6.29795,48.88087
54,Meurthe-et-Moselle,1,51,6.3112,48.87074
54,Meurthe-et-Moselle,1,52,6.28947,48.8429
54,Meurthe-et-Moselle,1,53,6.33982,48.83349
54,Meurthe-et-Moselle,1,54,6.33134,48.82337
54,Meurthe-et-Moselle,1,55,6.35625,48.7919
54,Meurthe-et-Moselle,1,56,6.396,48.7749
54,Meurthe-et-Moselle,1,57,6.4331,48.78901
54,Meurthe-et-Moselle,1,58,6.4543,48.76803
54,Meurthe-et-Moselle,1,59,6.48557,48.76695
54,Meurthe-et-Moselle,1,60,6.50571,48.75248
54,Meurthe-et-Moselle,1,61,6.56242,48.7561
54,Meurthe-et-Moselle,1,62,6.57937,48.73584
54,Meurthe-et-Moselle,1,63,6.63873,48.70113
54,Meurthe-et-Moselle,1,64,6.66046,48.70691
54,Meurthe-et-Moselle,1,65,6.67636,48.68991
54,Meurthe-et-Moselle,1,66,6.70869,48.67147
54,Meurthe-et-Moselle,1,67,6.73413,48.66387
54,Meurthe-et-Moselle,1,68,6.76116,48.66821
54,Meurthe-et-Moselle,1,69,6.76434,48.65194
54,Meurthe-et-Moselle,1,70,6.78289,48.64254
54,Meurthe-et-Moselle,1,71,6.8343,48.64362
54,Meurthe-et-Moselle,1,72,6.84701,48.62373
54,Meurthe-et-Moselle,1,73,6.90584,48.61975
54,Meurthe-et-Moselle,1,74,6.93446,48.63313
54,Meurthe-et-Moselle,1,75,6.96096,48.60818
54,Meurthe-et-Moselle,1,76,6.98375,48.61252
54,Meurthe-et-Moselle,1,77,7.01025,48.60529
54,Meurthe-et-Moselle,1,78,7.00071,48.59263
54,Meurthe-et-Moselle,1,79,7.03463,48.57635
54,Meurthe-et-Moselle,1,80,7.05742,48.55104
54,Meurthe-et-Moselle,1,81,7.07968,48.53657
54,Meurthe-et-Moselle,1,82,7.06537,48.52428
54,Meurthe-et-Moselle,1,83,7.0818,48.51343
54,Meurthe-et-Moselle,1,84,7.12313,48.51379
54,Meurthe-et-Moselle,1,85,7.0924,48.51234
54,Meurthe-et-Moselle,1,86,7.05,48.49498
54,Meurthe-et-Moselle,1,87,6.9652,48.47003
54,Meurthe-et-Moselle,1,88,6.89365,48.41939
54,Meurthe-et-Moselle,1,89,6.87828,48.41686
54,Meurthe-et-Moselle,1,90,6.85655,48.43278
54,Meurthe-et-Moselle,1,91,6.82847,48.41686
54,Meurthe-et-Moselle,1,92,6.8131,48.39661
54,Meurthe-et-Moselle,1,93,6.77017,48.40312
54,Meurthe-et-Moselle,1,94,6.72247,48.41795
54,Meurthe-et-Moselle,1,95,6.69968,48.41325
54,Meurthe-et-Moselle,1,96,6.64827,48.43386
54,Meurthe-et-Moselle,1,97,6.63873,48.46388
54,Meurthe-et-Moselle,1,98,6.62336,48.47328
54,Meurthe-et-Moselle,1,99,6.58308,48.45954
54,Meurthe-et-Moselle,1,100,6.56718,48.43495
54,Meurthe-et-Moselle,1,101,6.53433,48.43169
54,Meurthe-et-Moselle,1,102,6.502,48.41469
54,Meurthe-et-Moselle,1,103,6.46649,48.41035
54,Meurthe-et-Moselle,1,104,6.45006,48.41542
54,Meurthe-et-Moselle,1,105,6.4225,48.40746
54,Meurthe-et-Moselle,1,106,6.4119,48.39191
54,Meurthe-et-Moselle,1,107,6.3854,48.41144
54,Meurthe-et-Moselle,1,108,6.35413,48.40384
54,Meurthe-et-Moselle,1,109,6.30749,48.4118
54,Meurthe-et-Moselle,1,110,6.30272,48.42844
54,Meurthe-et-Moselle,1,111,6.2704,48.42627
54,Meurthe-et-Moselle,1,112,6.26033,48.40637
54,Meurthe-et-Moselle,1,113,6.23224,48.40023
54,Meurthe-et-Moselle,1,114,6.17871,48.39769
54,Meurthe-et-Moselle,1,115,6.15009,48.40963
54,Meurthe-et-Moselle,1,116,6.15221,48.38178
54,Meurthe-et-Moselle,1,117,6.1167,48.35393
54,Meurthe-et-Moselle,1,118,6.04833,48.36623
54,Meurthe-et-Moselle,1,119,6.02501,48.35683
54,Meurthe-et-Moselle,1,120,6.00117,48.36081
54,Meurthe-et-Moselle,1,121,5.95983,48.35068
54,Meurthe-et-Moselle,1,122,5.9275,48.39372
54,Meurthe-et-Moselle,1,123,5.89941,48.40891
54,Meurthe-et-Moselle,1,124,5.85542,48.40927
54,Meurthe-et-Moselle,1,125,5.89199,48.44326
54,Meurthe-et-Moselle,1,126,5.88934,48.46569
54,Meurthe-et-Moselle,1,127,5.90365,48.48015
54,Meurthe-et-Moselle,1,128,5.89888,48.49353
54,Meurthe-et-Moselle,1,129,5.86231,48.50692
54,Meurthe-et-Moselle,1,130,5.8109,48.49824
54,Meurthe-et-Moselle,1,131,5.78546,48.48485
54,Meurthe-et-Moselle,1,132,5.76532,48.49643
54,Meurthe-et-Moselle,1,133,5.76055,48.52174
54,Meurthe-et-Moselle,1,134,5.77645,48.54019
54,Meurthe-et-Moselle,1,135,5.71498,48.56225
54,Meurthe-et-Moselle,1,136,5.71869,48.59046
54,Meurthe-et-Moselle,1,137,5.75419,48.60601
54,Meurthe-et-Moselle,1,138,5.76426,48.61939
54,Meurthe-et-Moselle,1,139,5.74359,48.65339
54,Meurthe-et-Moselle,1,140,5.75843,48.70366
54,Meurthe-et-Moselle,1,141,5.71922,48.73295
54,Meurthe-et-Moselle,1,142,5.71392,48.74452
54,Meurthe-et-Moselle,1,143,5.74571,48.75935
54,Meurthe-et-Moselle,1,144,5.7367,48.77056
54,Meurthe-et-Moselle,1,145,5.76744,48.79046
54,Meurthe-et-Moselle,1,146,5.78228,48.83241
54,Meurthe-et-Moselle,1,147,5.76426,48.87291
54,Meurthe-et-Moselle,1,148,5.79023,48.88702
54,Meurthe-et-Moselle,1,149,5.76532,48.89968
54,Meurthe-et-Moselle,1,150,5.75101,48.92138
54,Meurthe-et-Moselle,1,151,5.7791,48.92572
54,Meurthe-et-Moselle,1,152,5.79235,48.94271
54,Meurthe-et-Moselle,1,153,5.81726,48.94271
54,Meurthe-et-Moselle,1,154,5.84906,48.96116
54,Meurthe-et-Moselle,1,155,5.80083,48.98611
54,Meurthe-et-Moselle,1,156,5.81673,49.00058
54,Meurthe-et-Moselle,1,157,5.81991,49.02011
54,Meurthe-et-Moselle,1,158,5.84853,49.03747
54,Meurthe-et-Moselle,1,159,5.83369,49.06242
54,Meurthe-et-Moselle,1,160,5.80613,49.06351
54,Meurthe-et-Moselle,1,161,5.82203,49.08774
54,Meurthe-et-Moselle,1,162,5.81832,49.11125
54,Meurthe-et-Moselle,1,163,5.76055,49.10908
54,Meurthe-et-Moselle,1,164,5.74677,49.12499
54,Meurthe-et-Moselle,1,165,5.77221,49.14018
54,Meurthe-et-Moselle,1,166,5.74518,49.15645
54,Meurthe-et-Moselle,1,167,5.76373,49.1919
54,Meurthe-et-Moselle,1,168,5.73405,49.19551
54,Meurthe-et-Moselle,1,169,5.71869,49.21613
54,Meurthe-et-Moselle,1,170,5.73829,49.23095
54,Meurthe-et-Moselle,1,171,5.72081,49.24795
54,Meurthe-et-Moselle,1,172,5.73087,49.26965
54,Meurthe-et-Moselle,1,173,5.76161,49.28231
54,Meurthe-et-Moselle,1,174,5.7632,49.3145
54,Meurthe-et-Moselle,1,175,5.73193,49.31088
54,Meurthe-et-Moselle,1,176,5.72028,49.3315
54,Meurthe-et-Moselle,1,177,5.73723,49.33873
54,Meurthe-et-Moselle,1,178,5.7314,49.36115
54,Meurthe-et-Moselle,1,179,5.71074,49.36621
54,Meurthe-et-Moselle,1,180,5.70756,49.38394
54,Meurthe-et-Moselle,1,181,5.68795,49.41504
54,Meurthe-et-Moselle,1,182,5.63336,49.43782
54,Meurthe-et-Moselle,1,183,5.59997,49.42408
54,Meurthe-et-Moselle,1,184,5.5528,49.41865
54,Meurthe-et-Moselle,1,185,5.52418,49.40708
54,Meurthe-et-Moselle,1,186,5.50775,49.42119
54,Meurthe-et-Moselle,1,187,5.47171,49.42697
54,Meurthe-et-Moselle,1,188,5.4839,49.44469
54,Meurthe-et-Moselle,1,189,5.4627,49.45229
54,Meurthe-et-Moselle,1,190,5.47065,49.4975
46,Lot,1,0,1.06439,44.37859
46,Lot,1,1,1.0575,44.42778
46,Lot,1,2,1.02623,44.44224
46,Lot,1,3,1.01616,44.50626
46,Lot,1,4,0.98172,44.54459
46,Lot,1,5,1.01033,44.54423
46,Lot,1,6,1.07499,44.5775
46,Lot,1,7,1.11103,44.60716
46,Lot,1,8,1.15078,44.63356
46,Lot,1,9,1.14866,44.67045
46,Lot,1,10,1.18152,44.68311
46,Lot,1,11,1.22498,44.68564
46,Lot,1,12,1.27426,44.72217
46,Lot,1,13,1.29599,44.72506
46,Lot,1,14,1.3156,44.74061
46,Lot,1,15,1.32143,44.7652
46,Lot,1,16,1.30182,44.77678
46,Lot,1,17,1.30076,44.79739
46,Lot,1,18,1.36383,44.8115
46,Lot,1,19,1.36012,44.8256
46,Lot,1,20,1.37019,44.84694
46,Lot,1,21,1.40305,44.84947
46,Lot,1,22,1.40517,44.86321
46,Lot,1,23,1.43909,44.87442
46,Lot,1,24,1.43962,44.88889
46,Lot,1,25,1.41312,44.90878
46,Lot,1,26,1.43803,44.92614
46,Lot,1,27,1.43644,44.94097
46,Lot,1,28,1.41736,44.9605
46,Lot,1,29,1.41365,44.9992
46,Lot,1,30,1.4481,45.01945
46,Lot,1,31,1.464,45.01439
46,Lot,1,32,1.4958,45.03536
46,Lot,1,33,1.54032,45.04477
46,Lot,1,34,1.55197,45.02849
46,Lot,1,35,1.57847,45.04006
46,Lot,1,36,1.6267,45.03355
46,Lot,1,37,1.65161,45.02524
46,Lot,1,38,1.67122,45.00426
46,Lot,1,39,1.70143,44.98871
46,Lot,1,40,1.71097,44.96737
46,Lot,1,41,1.74966,44.95616
46,Lot,1,42,1.76768,44.93229
46,Lot,1,43,1.82333,44.92723
46,Lot,1,44,1.86731,44.95327
46,Lot,1,45,1.88692,44.95652
46,Lot,1,46,1.90759,44.97786
46,Lot,1,47,1.93992,44.97171
46,Lot,1,48,1.95105,44.95327
46,Lot,1,49,1.98126,44.97243
46,Lot,1,50,2.04539,44.98365
46,Lot,1,51,2.06288,44.97677
46,Lot,1,52,2.0809,44.95146
46,Lot,1,53,2.07878,44.93265
46,Lot,1,54,2.10792,44.90987
46,Lot,1,55,2.0915,44.90408
46,Lot,1,56,2.08408,44.88744
46,Lot,1,57,2.13972,44.82379
46,Lot,1,58,2.16569,44.8086
46,Lot,1,59,2.17152,44.79052
46,Lot,1,60,2.1535,44.75291
46,Lot,1,61,2.14714,44.72072
46,Lot,1,62,2.13018,44.6983
46,Lot,1,63,2.16251,44.69143
46,Lot,1,64,2.17947,44.67443
46,Lot,1,65,2.16569,44.66177
46,Lot,1,66,2.16834,44.63971
46,Lot,1,67,2.20756,44.61584
46,Lot,1,68,2.20014,44.59486
46,Lot,1,69,2.16887,44.59161
46,Lot,1,70,2.15403,44.57172
46,Lot,1,71,2.12382,44.57606
46,Lot,1,72,2.10368,44.57136
46,Lot,1,73,2.08355,44.58727
46,Lot,1,74,2.06765,44.57533
46,Lot,1,75,2.04433,44.57533
46,Lot,1,76,2.0279,44.55797
46,Lot,1,77,1.98762,44.5511
46,Lot,1,78,1.95794,44.51928
46,Lot,1,79,1.906,44.49975
46,Lot,1,80,1.88215,44.48383
46,Lot,1,81,1.85883,44.48745
46,Lot,1,82,1.83975,44.47588
46,Lot,1,83,1.85247,44.46394
46,Lot,1,84,1.84929,44.4361
46,Lot,1,85,1.87314,44.4238
46,Lot,1,86,1.86731,44.39812
46,Lot,1,87,1.9113,44.35653
46,Lot,1,88,1.88215,44.34026
46,Lot,1,89,1.81432,44.32796
46,Lot,1,90,1.78305,44.32796
46,Lot,1,91,1.70249,44.31458
46,Lot,1,92,1.65161,44.28673
46,Lot,1,93,1.64207,44.27046
46,Lot,1,94,1.6161,44.27805
46,Lot,1,95,1.61663,44.29722
46,Lot,1,96,1.56946,44.29867
46,Lot,1,97,1.5843,44.25237
46,Lot,1,98,1.57529,44.23899
46,Lot,1,99,1.53926,44.2285
46,Lot,1,100,1.52071,44.24514
46,Lot,1,101,1.5223,44.2625
46,Lot,1,102,1.50905,44.27371
46,Lot,1,103,1.48732,44.27226
46,Lot,1,104,1.47301,44.2842
46,Lot,1,105,1.45287,44.25707
46,Lot,1,106,1.42584,44.24189
46,Lot,1,107,1.38132,44.22525
46,Lot,1,108,1.35747,44.20319
46,Lot,1,109,1.32938,44.23067
46,Lot,1,110,1.30235,44.22923
46,Lot,1,111,1.28168,44.23574
46,Lot,1,112,1.29758,44.25997
46,Lot,1,113,1.30129,44.28818
46,Lot,1,114,1.2838,44.29071
46,Lot,1,115,1.23611,44.27624
46,Lot,1,116,1.17728,44.29324
46,Lot,1,117,1.18152,44.30988
46,Lot,1,118,1.15131,44.30735
46,Lot,1,119,1.1105,44.32326
46,Lot,1,120,1.11103,44.33953
46,Lot,1,121,1.08824,44.34785
46,Lot,1,122,1.10414,44.3681
46,Lot,1,123,1.1317,44.37208
46,Lot,1,124,1.13223,44.39378
46,Lot,1,125,1.10255,44.39197
46,Lot,1,126,1.06439,44.37859
64,Pyrénées-Atlantiques,1,0,-1.52139,43.5287
64,Pyrénées-Atlantiques,1,1,-1.50178,43.52725
64,Pyrénées-Atlantiques,1,2,-1.47846,43.53991
64,Pyrénées-Atlantiques,1,3,-1.46097,43.53304
64,Pyrénées-Atlantiques,1,4,-1.46574,43.5164
64,Pyrénées-Atlantiques,1,5,-1.43341,43.51423
64,Pyrénées-Atlantiques,1,6,-1.41804,43.49687
64,Pyrénées-Atlantiques,1,7,-1.37034,43.49506
64,Pyrénées-Atlantiques,1,8,-1.32264,43.50519
64,Pyrénées-Atlantiques,1,9,-1.28766,43.49904
64,Pyrénées-Atlantiques,1,10,-1.21877,43.53014
64,Pyrénées-Atlantiques,1,11,-1.19545,43.54642
64,Pyrénées-Atlantiques,1,12,-1.16842,43.54497
64,Pyrénées-Atlantiques,1,13,-1.13291,43.50989
64,Pyrénées-Atlantiques,1,14,-1.16524,43.50808
64,Pyrénées-Atlantiques,1,15,-1.14881,43.49181
64,Pyrénées-Atlantiques,1,16,-1.108,43.51423
64,Pyrénées-Atlantiques,1,17,-1.07302,43.51748
64,Pyrénées-Atlantiques,1,18,-1.02373,43.50157
64,Pyrénées-Atlantiques,1,19,-0.99246,43.50446
64,Pyrénées-Atlantiques,1,20,-0.98345,43.53955
64,Pyrénées-Atlantiques,1,21,-0.95961,43.53448
64,Pyrénées-Atlantiques,1,22,-0.92198,43.53774
64,Pyrénées-Atlantiques,1,23,-0.89442,43.54967
64,Pyrénées-Atlantiques,1,24,-0.85308,43.54208
64,Pyrénées-Atlantiques,1,25,-0.82817,43.56016
64,Pyrénées-Atlantiques,1,26,-0.80326,43.55618
64,Pyrénées-Atlantiques,1,27,-0.78206,43.56414
64,Pyrénées-Atlantiques,1,28,-0.7704,43.57933
64,Pyrénées-Atlantiques,1,29,-0.73383,43.55582
64,Pyrénées-Atlantiques,1,30,-0.65699,43.55582
64,Pyrénées-Atlantiques,1,31,-0.59657,43.54099
64,Pyrénées-Atlantiques,1,32,-0.56689,43.55835
64,Pyrénées-Atlantiques,1,33,-0.55735,43.5428
64,Pyrénées-Atlantiques,1,34,-0.51124,43.56269
64,Pyrénées-Atlantiques,1,35,-0.49799,43.57535
64,Pyrénées-Atlantiques,1,36,-0.44923,43.59633
64,Pyrénées-Atlantiques,1,37,-0.43174,43.58367
64,Pyrénées-Atlantiques,1,38,-0.45824,43.56522
64,Pyrénées-Atlantiques,1,39,-0.45188,43.5504
64,Pyrénées-Atlantiques,1,40,-0.40578,43.56812
64,Pyrénées-Atlantiques,1,41,-0.35384,43.56161
64,Pyrénées-Atlantiques,1,42,-0.34165,43.55293
64,Pyrénées-Atlantiques,1,43,-0.30402,43.56125
64,Pyrénées-Atlantiques,1,44,-0.28441,43.58077
64,Pyrénées-Atlantiques,1,45,-0.24254,43.58475
64,Pyrénées-Atlantiques,1,46,-0.17682,43.59669
64,Pyrénées-Atlantiques,1,47,-0.16251,43.58186
64,Pyrénées-Atlantiques,1,48,-0.11747,43.58548
64,Pyrénées-Atlantiques,1,49,-0.0968,43.58222
64,Pyrénées-Atlantiques,1,50,-0.08726,43.54244
64,Pyrénées-Atlantiques,1,51,-0.06712,43.5475
64,Pyrénées-Atlantiques,1,52,-0.0438,43.52363
64,Pyrénées-Atlantiques,1,53,-0.04698,43.49832
64,Pyrénées-Atlantiques,1,54,-0.01942,43.46758
64,Pyrénées-Atlantiques,1,55,-0.065,43.4636
64,Pyrénées-Atlantiques,1,56,-0.06659,43.43973
64,Pyrénées-Atlantiques,1,57,-0.04433,43.40935
64,Pyrénées-Atlantiques,1,58,-0.01624,43.44407
64,Pyrénées-Atlantiques,1,59,0.00973,43.42237
64,Pyrénées-Atlantiques,1,60,-0.00405,43.39344
64,Pyrénées-Atlantiques,1,61,-0.00352,43.3721
64,Pyrénées-Atlantiques,1,62,0.02987,43.34606
64,Pyrénées-Atlantiques,1,63,0.01026,43.32508
64,Pyrénées-Atlantiques,1,64,-0.02578,43.32978
64,Pyrénées-Atlantiques,1,65,-0.04486,43.30338
64,Pyrénées-Atlantiques,1,66,-0.04433,43.28566
64,Pyrénées-Atlantiques,1,67,-0.02472,43.28024
64,Pyrénées-Atlantiques,1,68,-0.02366,43.25601
64,Pyrénées-Atlantiques,1,69,-0.04009,43.23973
64,Pyrénées-Atlantiques,1,70,-0.04963,43.21731
64,Pyrénées-Atlantiques,1,71,-0.07189,43.2249
64,Pyrénées-Atlantiques,1,72,-0.06818,43.17716
64,Pyrénées-Atlantiques,1,73,-0.09945,43.17282
64,Pyrénées-Atlantiques,1,74,-0.11747,43.18042
64,Pyrénées-Atlantiques,1,75,-0.13866,43.14932
64,Pyrénées-Atlantiques,1,76,-0.1429,43.13304
64,Pyrénées-Atlantiques,1,77,-0.17046,43.11568
64,Pyrénées-Atlantiques,1,78,-0.19113,43.11134
64,Pyrénées-Atlantiques,1,79,-0.18689,43.09073
64,Pyrénées-Atlantiques,1,80,-0.19908,43.06433
64,Pyrénées-Atlantiques,1,81,-0.18212,43.05239
64,Pyrénées-Atlantiques,1,82,-0.21445,43.03612
64,Pyrénées-Atlantiques,1,83,-0.2595,43.0372
64,Pyrénées-Atlantiques,1,84,-0.25579,43.02274
64,Pyrénées-Atlantiques,1,85,-0.26745,43.00827
64,Pyrénées-Atlantiques,1,86,-0.28759,43.00538
64,Pyrénées-Atlantiques,1,87,-0.29236,42.99163
64,Pyrénées-Atlantiques,1,88,-0.2807,42.94317
64,Pyrénées-Atlantiques,1,89,-0.31091,42.91966
64,Pyrénées-Atlantiques,1,90,-0.32681,42.91677
64,Pyrénées-Atlantiques,1,91,-0.30773,42.86759
64,Pyrénées-Atlantiques,1,92,-0.31303,42.8495
64,Pyrénées-Atlantiques,1,93,-0.33158,42.83504
64,Pyrénées-Atlantiques,1,94,-0.34642,42.83793
64,Pyrénées-Atlantiques,1,95,-0.3655,42.81587
64,Pyrénées-Atlantiques,1,96,-0.39412,42.80068
64,Pyrénées-Atlantiques,1,97,-0.41266,42.80827
64,Pyrénées-Atlantiques,1,98,-0.44181,42.79525
64,Pyrénées-Atlantiques,1,99,-0.48898,42.81695
64,Pyrénées-Atlantiques,1,100,-0.50117,42.8278
64,Pyrénées-Atlantiques,1,101,-0.52396,42.81261
64,Pyrénées-Atlantiques,1,102,-0.5229,42.79923
64,Pyrénées-Atlantiques,1,103,-0.55099,42.77934
64,Pyrénées-Atlantiques,1,104,-0.56742,42.78079
64,Pyrénées-Atlantiques,1,105,-0.56901,42.80683
64,Pyrénées-Atlantiques,1,106,-0.59922,42.80538
64,Pyrénées-Atlantiques,1,107,-0.60187,42.82889
64,Pyrénées-Atlantiques,1,108,-0.63632,42.85348
64,Pyrénées-Atlantiques,1,109,-0.65593,42.85891
64,Pyrénées-Atlantiques,1,110,-0.67607,42.88205
64,Pyrénées-Atlantiques,1,111,-0.69991,42.88061
64,Pyrénées-Atlantiques,1,112,-0.73224,42.89905
64,Pyrénées-Atlantiques,1,113,-0.73065,42.93883
64,Pyrénées-Atlantiques,1,114,-0.75132,42.96559
64,Pyrénées-Atlantiques,1,115,-0.79319,42.96234
64,Pyrénées-Atlantiques,1,116,-0.81174,42.95113
64,Pyrénées-Atlantiques,1,117,-0.89548,42.95547
64,Pyrénées-Atlantiques,1,118,-0.94689,42.95475
64,Pyrénées-Atlantiques,1,119,-1.00041,42.97789
64,Pyrénées-Atlantiques,1,120,-1.01631,42.9938
64,Pyrénées-Atlantiques,1,121,-1.06348,42.99706
64,Pyrénées-Atlantiques,1,122,-1.1186,43.02021
64,Pyrénées-Atlantiques,1,123,-1.18114,43.0325
64,Pyrénées-Atlantiques,1,124,-1.2299,43.05565
64,Pyrénées-Atlantiques,1,125,-1.24738,43.04263
64,Pyrénées-Atlantiques,1,126,-1.26434,43.04588
64,Pyrénées-Atlantiques,1,127,-1.30409,43.06758
64,Pyrénées-Atlantiques,1,128,-1.30091,43.08928
64,Pyrénées-Atlantiques,1,129,-1.27812,43.11858
64,Pyrénées-Atlantiques,1,130,-1.33218,43.10773
64,Pyrénées-Atlantiques,1,131,-1.34437,43.08675
64,Pyrénées-Atlantiques,1,132,-1.3449,43.05058
64,Pyrénées-Atlantiques,1,133,-1.35391,43.02816
64,Pyrénées-Atlantiques,1,134,-1.44136,43.04624
64,Pyrénées-Atlantiques,1,135,-1.47157,43.08096
64,Pyrénées-Atlantiques,1,136,-1.47104,43.09109
64,Pyrénées-Atlantiques,1,137,-1.41433,43.12979
64,Pyrénées-Atlantiques,1,138,-1.41592,43.14968
64,Pyrénées-Atlantiques,1,139,-1.40214,43.17861
64,Pyrénées-Atlantiques,1,140,-1.38571,43.19272
64,Pyrénées-Atlantiques,1,141,-1.37829,43.23214
64,Pyrénées-Atlantiques,1,142,-1.38253,43.25311
64,Pyrénées-Atlantiques,1,143,-1.41327,43.27337
64,Pyrénées-Atlantiques,1,144,-1.43871,43.26649
64,Pyrénées-Atlantiques,1,145,-1.49648,43.28458
64,Pyrénées-Atlantiques,1,146,-1.50602,43.29362
64,Pyrénées-Atlantiques,1,147,-1.56484,43.28783
64,Pyrénées-Atlantiques,1,148,-1.5606,43.27409
64,Pyrénées-Atlantiques,1,149,-1.57491,43.24986
64,Pyrénées-Atlantiques,1,150,-1.61784,43.25818
64,Pyrénées-Atlantiques,1,151,-1.63056,43.28494
64,Pyrénées-Atlantiques,1,152,-1.62473,43.30664
64,Pyrénées-Atlantiques,1,153,-1.66819,43.31496
64,Pyrénées-Atlantiques,1,154,-1.7037,43.30917
64,Pyrénées-Atlantiques,1,155,-1.7302,43.29579
64,Pyrénées-Atlantiques,1,156,-1.74186,43.33159
64,Pyrénées-Atlantiques,1,157,-1.78903,43.35474
64,Pyrénées-Atlantiques,1,158,-1.79221,43.37282
64,Pyrénées-Atlantiques,1,159,-1.72808,43.38259
64,Pyrénées-Atlantiques,1,160,-1.69257,43.39416
64,Pyrénées-Atlantiques,1,161,-1.6666,43.38837
64,Pyrénées-Atlantiques,1,162,-1.59664,43.43611
64,Pyrénées-Atlantiques,1,163,-1.56325,43.48349
64,Pyrénées-Atlantiques,1,164,-1.54576,43.49542
64,Pyrénées-Atlantiques,1,165,-1.52139,43.5287
14,Calvados,1,0,-1.14033,49.30871
14,Calvados,1,1,-1.1133,49.32535
14,Calvados,1,2,-1.11595,49.36224
14,Calvados,1,3,-1.07779,49.38828
14,Calvados,1,4,-1.03274,49.38972
14,Calvados,1,5,-0.98822,49.39696
14,Calvados,1,6,-0.92092,49.39081
14,Calvados,1,7,-0.8817,49.37164
14,Calvados,1,8,-0.82764,49.3579
14,Calvados,1,9,-0.75079,49.34922
14,Calvados,1,10,-0.64533,49.34524
14,Calvados,1,11,-0.59339,49.3409
14,Calvados,1,12,-0.55311,49.34632
14,Calvados,1,13,-0.39783,49.3333
14,Calvados,1,14,-0.35861,49.32209
14,Calvados,1,15,-0.30985,49.30112
14,Calvados,1,16,-0.25208,49.29207
14,Calvados,1,17,-0.24413,49.26604
14,Calvados,1,18,-0.22081,49.27001
14,Calvados,1,19,-0.22505,49.28556
14,Calvados,1,20,-0.16993,49.28629
14,Calvados,1,21,-0.10104,49.2975
14,Calvados,1,22,-0.01359,49.32137
14,Calvados,1,23,0.01397,49.33258
14,Calvados,1,24,0.07598,49.36513
14,Calvados,1,25,0.10884,49.39225
14,Calvados,1,26,0.13216,49.40383
14,Calvados,1,27,0.22066,49.42697
14,Calvados,1,28,0.29698,49.42987
14,Calvados,1,29,0.29698,49.41034
14,Calvados,1,30,0.30864,49.38647
14,Calvados,1,31,0.30175,49.37128
14,Calvados,1,32,0.32136,49.33584
14,Calvados,1,33,0.31288,49.32245
14,Calvados,1,34,0.32295,49.29533
14,Calvados,1,35,0.36588,49.29533
14,Calvados,1,36,0.3839,49.28593
14,Calvados,1,37,0.38284,49.26423
14,Calvados,1,38,0.3203,49.24831
14,Calvados,1,39,0.33938,49.23023
14,Calvados,1,40,0.39503,49.20925
14,Calvados,1,41,0.38549,49.15464
14,Calvados,1,42,0.4263,49.13367
14,Calvados,1,43,0.40934,49.12101
14,Calvados,1,44,0.39132,49.07797
14,Calvados,1,45,0.37913,49.06893
14,Calvados,1,46,0.38125,49.03891
14,Calvados,1,47,0.42577,49.03204
14,Calvados,1,48,0.4459,49.01902
14,Calvados,1,49,0.43371,49.00492
14,Calvados,1,50,0.42842,48.96622
14,Calvados,1,51,0.41252,48.95031
14,Calvados,1,52,0.40616,48.96333
14,Calvados,1,53,0.37754,48.97237
14,Calvados,1,54,0.35846,48.95067
14,Calvados,1,55,0.33302,48.94271
14,Calvados,1,56,0.30864,48.95429
14,Calvados,1,57,0.28055,48.94995
14,Calvados,1,58,0.27631,48.96586
14,Calvados,1,59,0.24663,48.96007
14,Calvados,1,60,0.23338,48.93982
14,Calvados,1,61,0.21483,48.94633
14,Calvados,1,62,0.18727,48.9409
14,Calvados,1,63,0.17985,48.92969
14,Calvados,1,64,0.15388,48.92463
14,Calvados,1,65,0.12739,48.95212
14,Calvados,1,66,0.10248,48.93656
14,Calvados,1,67,0.07068,48.93186
14,Calvados,1,68,0.05637,48.90221
14,Calvados,1,69,-0.00988,48.88412
14,Calvados,1,70,-0.05917,48.85375
14,Calvados,1,71,-0.08514,48.84434
14,Calvados,1,72,-0.14661,48.83458
14,Calvados,1,73,-0.16993,48.82481
14,Calvados,1,74,-0.20491,48.84687
14,Calvados,1,75,-0.21551,48.84109
14,Calvados,1,76,-0.2701,48.85302
14,Calvados,1,77,-0.29872,48.84941
14,Calvados,1,78,-0.3284,48.85772
14,Calvados,1,79,-0.32946,48.83566
14,Calvados,1,80,-0.34536,48.82192
14,Calvados,1,81,-0.40578,48.86279
14,Calvados,1,82,-0.40948,48.87147
14,Calvados,1,83,-0.4646,48.8711
14,Calvados,1,84,-0.49428,48.84868
14,Calvados,1,85,-0.55099,48.84651
14,Calvados,1,86,-0.56954,48.8306
14,Calvados,1,87,-0.58597,48.83675
14,Calvados,1,88,-0.6236,48.82698
14,Calvados,1,89,-0.64374,48.84109
14,Calvados,1,90,-0.69196,48.84724
14,Calvados,1,91,-0.70521,48.83856
14,Calvados,1,92,-0.6819,48.82192
14,Calvados,1,93,-0.71422,48.79986
14,Calvados,1,94,-0.78153,48.78322
14,Calvados,1,95,-0.80856,48.76044
14,Calvados,1,96,-0.84142,48.75248
14,Calvados,1,97,-0.85414,48.76405
14,Calvados,1,98,-0.88276,48.7561
14,Calvados,1,99,-0.89442,48.76695
14,Calvados,1,100,-0.9241,48.77165
14,Calvados,1,101,-0.9506,48.78865
14,Calvados,1,102,-0.97179,48.77816
14,Calvados,1,103,-1.01419,48.77201
14,Calvados,1,104,-1.03751,48.78286
14,Calvados,1,105,-1.0603,48.77454
14,Calvados,1,106,-1.09051,48.78214
14,Calvados,1,107,-1.1027,48.81432
14,Calvados,1,108,-1.1557,48.82337
14,Calvados,1,109,-1.15729,48.83639
14,Calvados,1,110,-1.12337,48.84832
14,Calvados,1,111,-1.09899,48.87544
14,Calvados,1,112,-1.07037,48.87074
14,Calvados,1,113,-1.0497,48.89425
14,Calvados,1,114,-1.01949,48.90727
14,Calvados,1,115,-0.98928,48.95175
14,Calvados,1,116,-0.94477,48.96731
14,Calvados,1,117,-0.9135,48.99118
14,Calvados,1,118,-0.90502,49.01143
14,Calvados,1,119,-0.86315,49.02662
14,Calvados,1,120,-0.8764,49.05483
14,Calvados,1,121,-0.86951,49.06749
14,Calvados,1,122,-0.87905,49.11703
14,Calvados,1,123,-0.88859,49.12969
14,Calvados,1,124,-0.93311,49.14669
14,Calvados,1,125,-0.90343,49.20636
14,Calvados,1,126,-0.92251,49.22264
14,Calvados,1,127,-0.97497,49.19226
14,Calvados,1,128,-1.02532,49.21034
14,Calvados,1,129,-1.05023,49.22698
14,Calvados,1,130,-1.07832,49.23529
14,Calvados,1,131,-1.11383,49.2617
14,Calvados,1,132,-1.14033,49.2975
14,Calvados,1,133,-1.14033,49.30871
89,Yonne,1,0,2.97656,47.5695
89,Yonne,1,1,2.9437,47.59301
89,Yonne,1,2,2.93629,47.63641
89,Yonne,1,3,2.95377,47.64581
89,Yonne,1,4,2.92145,47.66678
89,Yonne,1,5,2.91403,47.68993
89,Yonne,1,6,2.88276,47.70259
89,Yonne,1,7,2.87905,47.72031
89,Yonne,1,8,2.84884,47.71705
89,Yonne,1,9,2.85626,47.7619
89,Yonne,1,10,2.90926,47.7695
89,Yonne,1,11,2.93364,47.76299
89,Yonne,1,12,2.98981,47.78613
89,Yonne,1,13,3.02373,47.78649
89,Yonne,1,14,3.02797,47.80132
89,Yonne,1,15,3.01207,47.83423
89,Yonne,1,16,3.02903,47.83496
89,Yonne,1,17,3.02903,47.85702
89,Yonne,1,18,3.01154,47.87474
89,Yonne,1,19,3.0073,47.89535
89,Yonne,1,20,3.05871,47.92682
89,Yonne,1,21,3.10535,47.94707
89,Yonne,1,22,3.12655,47.96841
89,Yonne,1,23,3.12178,48.00204
89,Yonne,1,24,3.10482,48.01289
89,Yonne,1,25,3.08839,48.05376
89,Yonne,1,26,3.05023,48.0722
89,Yonne,1,27,3.02956,48.13332
89,Yonne,1,28,2.99087,48.15285
89,Yonne,1,29,2.96384,48.15321
89,Yonne,1,30,2.93682,48.16334
89,Yonne,1,31,2.9347,48.17925
89,Yonne,1,32,2.97073,48.19408
89,Yonne,1,33,2.98292,48.20674
89,Yonne,1,34,3.00518,48.20782
89,Yonne,1,35,3.04493,48.27148
89,Yonne,1,36,3.01525,48.30728
89,Yonne,1,37,3.03592,48.32572
89,Yonne,1,38,3.04493,48.35574
89,Yonne,1,39,3.08733,48.359
89,Yonne,1,40,3.10323,48.34923
89,Yonne,1,41,3.11913,48.36695
89,Yonne,1,42,3.1398,48.37274
89,Yonne,1,43,3.20022,48.3637
89,Yonne,1,44,3.22353,48.37057
89,Yonne,1,45,3.25109,48.36515
89,Yonne,1,46,3.26805,48.3778
89,Yonne,1,47,3.33536,48.37021
89,Yonne,1,48,3.36292,48.376
89,Yonne,1,49,3.37564,48.39878
89,Yonne,1,50,3.41486,48.3901
89,Yonne,1,51,3.4138,48.37636
89,Yonne,1,52,3.43394,48.36153
89,Yonne,1,53,3.44719,48.37238
89,Yonne,1,54,3.49753,48.36949
89,Yonne,1,55,3.54258,48.33585
89,Yonne,1,56,3.54364,48.31994
89,Yonne,1,57,3.58816,48.30077
89,Yonne,1,58,3.58763,48.27979
89,Yonne,1,59,3.61784,48.26967
89,Yonne,1,60,3.6242,48.25448
89,Yonne,1,61,3.59982,48.23712
89,Yonne,1,62,3.62155,48.22555
89,Yonne,1,63,3.60883,48.20963
89,Yonne,1,64,3.57491,48.18866
89,Yonne,1,65,3.59399,48.17853
89,Yonne,1,66,3.61943,48.19083
89,Yonne,1,67,3.64063,48.18468
89,Yonne,1,68,3.66766,48.13911
89,Yonne,1,69,3.72172,48.15538
89,Yonne,1,70,3.74557,48.16768
89,Yonne,1,71,3.76783,48.13368
89,Yonne,1,72,3.80439,48.10367
89,Yonne,1,73,3.79803,48.08667
89,Yonne,1,74,3.82506,48.0628
89,Yonne,1,75,3.82188,48.04399
89,Yonne,1,76,3.87064,48.01687
89,Yonne,1,77,3.87064,48.00313
89,Yonne,1,78,3.83937,48.00385
89,Yonne,1,79,3.84997,47.9836
89,Yonne,1,80,3.88124,47.98251
89,Yonne,1,81,3.9035,47.99155
89,Yonne,1,82,3.91463,47.97564
89,Yonne,1,83,3.89555,47.92862
89,Yonne,1,84,3.95491,47.93369
89,Yonne,1,85,3.98565,47.93079
89,Yonne,1,86,4.00526,47.94273
89,Yonne,1,87,4.0254,47.92862
89,Yonne,1,88,4.05401,47.92935
89,Yonne,1,89,4.0609,47.94562
89,Yonne,1,90,4.08952,47.9449
89,Yonne,1,91,4.09588,47.92754
89,Yonne,1,92,4.14199,47.93694
89,Yonne,1,93,4.16743,47.96009
89,Yonne,1,94,4.20771,47.94671
89,Yonne,1,95,4.1987,47.96985
89,Yonne,1,96,4.22573,47.97202
89,Yonne,1,97,4.22202,47.9496
89,Yonne,1,98,4.24799,47.92935
89,Yonne,1,99,4.29304,47.92573
89,Yonne,1,100,4.31106,47.90403
89,Yonne,1,101,4.27714,47.89933
89,Yonne,1,102,4.2464,47.87727
89,Yonne,1,103,4.26389,47.86642
89,Yonne,1,104,4.26124,47.844
89,Yonne,1,105,4.32484,47.84725
89,Yonne,1,106,4.32007,47.81181
89,Yonne,1,107,4.3402,47.79951
89,Yonne,1,108,4.32749,47.78577
89,Yonne,1,109,4.33226,47.75648
89,Yonne,1,110,4.31053,47.75141
89,Yonne,1,111,4.28933,47.73333
89,Yonne,1,112,4.26071,47.74237
89,Yonne,1,113,4.26177,47.70801
89,Yonne,1,114,4.2517,47.68197
89,Yonne,1,115,4.22626,47.67076
89,Yonne,1,116,4.25011,47.65991
89,Yonne,1,117,4.21195,47.62809
89,Yonne,1,118,4.17697,47.55648
89,Yonne,1,119,4.1457,47.54057
89,Yonne,1,120,4.15047,47.53261
89,Yonne,1,121,4.11708,47.51199
89,Yonne,1,122,4.13033,47.47113
89,Yonne,1,123,4.1192,47.44364
89,Yonne,1,124,4.07574,47.41579
89,Yonne,1,125,4.06991,47.39988
89,Yonne,1,126,4.08846,47.37276
89,Yonne,1,127,4.10701,47.37637
89,Yonne,1,128,4.10595,47.33912
89,Yonne,1,129,4.05137,47.34021
89,Yonne,1,130,4.02805,47.31706
89,Yonne,1,131,4.00579,47.31127
89,Yonne,1,132,3.983,47.32249
89,Yonne,1,133,3.96975,47.34238
89,Yonne,1,134,3.96074,47.38578
89,Yonne,1,135,3.93265,47.37963
89,Yonne,1,136,3.9088,47.38216
89,Yonne,1,137,3.87223,47.36589
89,Yonne,1,138,3.86004,47.39156
89,Yonne,1,139,3.8929,47.41073
89,Yonne,1,140,3.87965,47.4299
89,Yonne,1,141,3.85156,47.43569
89,Yonne,1,142,3.84679,47.4129
89,Yonne,1,143,3.81658,47.37854
89,Yonne,1,144,3.78584,47.39048
89,Yonne,1,145,3.77683,47.40494
89,Yonne,1,146,3.7408,47.39663
89,Yonne,1,147,3.71483,47.40675
89,Yonne,1,148,3.67932,47.44726
89,Yonne,1,149,3.62897,47.45485
89,Yonne,1,150,3.61784,47.46462
89,Yonne,1,151,3.58339,47.46136
89,Yonne,1,152,3.57544,47.48632
89,Yonne,1,153,3.51608,47.52574
89,Yonne,1,154,3.51025,47.54925
89,Yonne,1,155,3.49383,47.54635
89,Yonne,1,156,3.488,47.49355
89,Yonne,1,157,3.44083,47.50802
89,Yonne,1,158,3.39843,47.50874
89,Yonne,1,159,3.38253,47.48885
89,Yonne,1,160,3.33854,47.47583
89,Yonne,1,161,3.28501,47.50404
89,Yonne,1,162,3.27282,47.49138
89,Yonne,1,163,3.23625,47.48849
89,Yonne,1,164,3.20446,47.52321
89,Yonne,1,165,3.16524,47.51742
89,Yonne,1,166,3.11648,47.56299
89,Yonne,1,167,3.12019,47.5789
89,Yonne,1,168,3.08044,47.58577
89,Yonne,1,169,3.0603,47.5695
89,Yonne,1,170,3.01843,47.55756
89,Yonne,1,171,2.97656,47.5695
88,Vosges,1,0,5.47012,48.42084
88,Vosges,1,1,5.51411,48.41071
88,Vosges,1,2,5.5157,48.43097
88,Vosges,1,3,5.56075,48.44001
88,Vosges,1,4,5.61852,48.4429
88,Vosges,1,5,5.64926,48.45484
88,Vosges,1,6,5.64025,48.47111
88,Vosges,1,7,5.68212,48.47075
88,Vosges,1,8,5.71763,48.46062
88,Vosges,1,9,5.74041,48.46569
88,Vosges,1,10,5.76532,48.49643
88,Vosges,1,11,5.78546,48.48485
88,Vosges,1,12,5.8109,48.49824
88,Vosges,1,13,5.86231,48.50692
88,Vosges,1,14,5.89888,48.49353
88,Vosges,1,15,5.90365,48.48015
88,Vosges,1,16,5.88934,48.46569
88,Vosges,1,17,5.89199,48.44326
88,Vosges,1,18,5.85542,48.40927
88,Vosges,1,19,5.89941,48.40891
88,Vosges,1,20,5.9275,48.39372
88,Vosges,1,21,5.95983,48.35068
88,Vosges,1,22,6.00117,48.36081
88,Vosges,1,23,6.02501,48.35683
88,Vosges,1,24,6.04833,48.36623
88,Vosges,1,25,6.1167,48.35393
88,Vosges,1,26,6.15221,48.38178
88,Vosges,1,27,6.15009,48.40963
88,Vosges,1,28,6.17871,48.39769
88,Vosges,1,29,6.23224,48.40023
88,Vosges,1,30,6.26033,48.40637
88,Vosges,1,31,6.2704,48.42627
88,Vosges,1,32,6.30272,48.42844
88,Vosges,1,33,6.30749,48.4118
88,Vosges,1,34,6.35413,48.40384
88,Vosges,1,35,6.3854,48.41144
88,Vosges,1,36,6.4119,48.39191
88,Vosges,1,37,6.4225,48.40746
88,Vosges,1,38,6.45006,48.41542
88,Vosges,1,39,6.46649,48.41035
88,Vosges,1,40,6.502,48.41469
88,Vosges,1,41,6.53433,48.43169
88,Vosges,1,42,6.56718,48.43495
88,Vosges,1,43,6.58308,48.45954
88,Vosges,1,44,6.62336,48.47328
88,Vosges,1,45,6.63873,48.46388
88,Vosges,1,46,6.64827,48.43386
88,Vosges,1,47,6.69968,48.41325
88,Vosges,1,48,6.72247,48.41795
88,Vosges,1,49,6.77017,48.40312
88,Vosges,1,50,6.8131,48.39661
88,Vosges,1,51,6.82847,48.41686
88,Vosges,1,52,6.85655,48.43278
88,Vosges,1,53,6.87828,48.41686
88,Vosges,1,54,6.89365,48.41939
88,Vosges,1,55,6.9652,48.47003
88,Vosges,1,56,7.05,48.49498
88,Vosges,1,57,7.0924,48.51234
88,Vosges,1,58,7.12313,48.51379
88,Vosges,1,59,7.09346,48.48919
88,Vosges,1,60,7.1189,48.48377
88,Vosges,1,61,7.09611,48.42699
88,Vosges,1,62,7.10671,48.376
88,Vosges,1,63,7.07862,48.35104
88,Vosges,1,64,7.14115,48.33187
88,Vosges,1,65,7.17083,48.342
88,Vosges,1,66,7.19839,48.31017
88,Vosges,1,67,7.17242,48.29752
88,Vosges,1,68,7.15758,48.2675
88,Vosges,1,69,7.1332,48.24725
88,Vosges,1,70,7.13426,48.23784
88,Vosges,1,71,7.10618,48.19444
88,Vosges,1,72,7.08445,48.17925
88,Vosges,1,73,7.05795,48.13766
88,Vosges,1,74,7.08392,48.12934
88,Vosges,1,75,7.0765,48.10873
88,Vosges,1,76,7.03781,48.07835
88,Vosges,1,77,7.00972,48.04291
88,Vosges,1,78,7.01661,48.03712
88,Vosges,1,79,6.98322,48.01
88,Vosges,1,80,6.94453,47.99987
88,Vosges,1,81,6.944,47.98034
88,Vosges,1,82,6.92227,47.9496
88,Vosges,1,83,6.92704,47.9156
88,Vosges,1,84,6.91803,47.89825
88,Vosges,1,85,6.90001,47.89137
88,Vosges,1,86,6.92015,47.85051
88,Vosges,1,87,6.89524,47.83279
88,Vosges,1,88,6.84595,47.82302
88,Vosges,1,89,6.8237,47.81326
88,Vosges,1,90,6.7919,47.83062
88,Vosges,1,91,6.78236,47.85123
88,Vosges,1,92,6.73519,47.86497
88,Vosges,1,93,6.70392,47.88125
88,Vosges,1,94,6.64509,47.90403
88,Vosges,1,95,6.62495,47.93007
88,Vosges,1,96,6.6011,47.94454
88,Vosges,1,97,6.56242,47.93043
88,Vosges,1,98,6.54387,47.90295
88,Vosges,1,99,6.50306,47.89608
88,Vosges,1,100,6.47815,47.88559
88,Vosges,1,101,6.45748,47.90584
88,Vosges,1,102,6.43469,47.94309
88,Vosges,1,103,6.40819,47.94345
88,Vosges,1,104,6.40183,47.9543
88,Vosges,1,105,6.36473,47.96262
88,Vosges,1,106,6.32498,47.94996
88,Vosges,1,107,6.27729,47.95394
88,Vosges,1,108,6.23807,47.93296
88,Vosges,1,109,6.20521,47.93188
88,Vosges,1,110,6.19355,47.95322
88,Vosges,1,111,6.16122,47.95828
88,Vosges,1,112,6.1644,47.97311
88,Vosges,1,113,6.15221,47.99445
88,Vosges,1,114,6.15645,48.00674
88,Vosges,1,115,6.13154,48.0241
88,Vosges,1,116,6.11352,48.01759
88,Vosges,1,117,6.07324,48.01578
88,Vosges,1,118,6.04091,48.00457
88,Vosges,1,119,6.00911,47.96081
88,Vosges,1,120,5.97043,47.9572
88,Vosges,1,121,5.95347,47.93694
88,Vosges,1,122,5.93757,47.95105
88,Vosges,1,123,5.95983,47.96588
88,Vosges,1,124,5.94764,47.97962
88,Vosges,1,125,5.92114,47.97094
88,Vosges,1,126,5.91796,47.94743
88,Vosges,1,127,5.90047,47.94454
88,Vosges,1,128,5.88457,47.92609
88,Vosges,1,129,5.85701,47.94743
88,Vosges,1,130,5.84641,47.96949
88,Vosges,1,131,5.80507,47.94707
88,Vosges,1,132,5.78652,47.95575
88,Vosges,1,133,5.77857,47.97817
88,Vosges,1,134,5.79182,47.99915
88,Vosges,1,135,5.77751,48.03134
88,Vosges,1,136,5.74041,48.05014
88,Vosges,1,137,5.72134,48.05267
88,Vosges,1,138,5.69643,48.07763
88,Vosges,1,139,5.65774,48.08631
88,Vosges,1,140,5.62965,48.08414
88,Vosges,1,141,5.65668,48.12066
88,Vosges,1,142,5.68424,48.1449
88,Vosges,1,143,5.68371,48.17962
88,Vosges,1,144,5.72981,48.19842
88,Vosges,1,145,5.68795,48.23459
88,Vosges,1,146,5.67629,48.22916
88,Vosges,1,147,5.64078,48.24218
88,Vosges,1,148,5.65403,48.26858
88,Vosges,1,149,5.61163,48.29173
88,Vosges,1,150,5.58778,48.27835
88,Vosges,1,151,5.55227,48.3062
88,Vosges,1,152,5.52471,48.33513
88,Vosges,1,153,5.52312,48.34851
88,Vosges,1,154,5.49132,48.35502
88,Vosges,1,155,5.46164,48.35104
88,Vosges,1,156,5.44522,48.33766
88,Vosges,1,157,5.41819,48.33983
88,Vosges,1,158,5.41872,48.36081
88,Vosges,1,159,5.44151,48.38034
88,Vosges,1,160,5.4166,48.39552
88,Vosges,1,161,5.47012,48.42084
69,Rhône,1,0,4.38737,46.22015
69,Rhône,1,1,4.38525,46.24692
69,Rhône,1,2,4.40592,46.2961
69,Rhône,1,3,4.45839,46.29719
69,Rhône,1,4,4.4886,46.28814
69,Rhône,1,5,4.50397,46.26717
69,Rhône,1,6,4.53736,46.27006
69,Rhône,1,7,4.5575,46.29465
69,Rhône,1,8,4.58824,46.26825
69,Rhône,1,9,4.61473,46.26608
69,Rhône,1,10,4.61738,46.28236
69,Rhône,1,11,4.64547,46.30189
69,Rhône,1,12,4.66084,46.29755
69,Rhône,1,13,4.6937,46.30261
69,Rhône,1,14,4.70748,46.2697
69,Rhône,1,15,4.67939,46.25994
69,Rhône,1,16,4.73663,46.23245
69,Rhône,1,17,4.73557,46.21184
69,Rhône,1,18,4.7202,46.19411
69,Rhône,1,19,4.73239,46.17784
69,Rhône,1,20,4.78062,46.17675
69,Rhône,1,21,4.80182,46.15867
69,Rhône,1,22,4.80023,46.14421
69,Rhône,1,23,4.77214,46.1178
69,Rhône,1,24,4.7467,46.08562
69,Rhône,1,25,4.75942,46.06175
69,Rhône,1,26,4.74246,46.05126
69,Rhône,1,27,4.74882,46.00895
69,Rhône,1,28,4.74882,45.96265
69,Rhône,1,29,4.72921,45.94963
69,Rhône,1,30,4.73663,45.93842
69,Rhône,1,31,4.77903,45.9377
69,Rhône,1,32,4.78857,45.92432
69,Rhône,1,33,4.8103,45.91817
69,Rhône,1,34,4.81719,45.90189
69,Rhône,1,35,4.84846,45.91311
69,Rhône,1,36,4.88079,45.89755
69,Rhône,1,37,4.8845,45.88019
69,Rhône,1,38,4.90887,45.87441
69,Rhône,1,39,4.90092,45.85777
69,Rhône,1,40,4.92106,45.83282
69,Rhône,1,41,4.91841,45.80714
69,Rhône,1,42,4.96399,45.81076
69,Rhône,1,43,5.01063,45.80533
69,Rhône,1,44,5.04773,45.8122
69,Rhône,1,45,5.10126,45.81365
69,Rhône,1,46,5.08907,45.78436
69,Rhône,1,47,5.06204,45.79123
69,Rhône,1,48,5.07105,45.76555
69,Rhône,1,49,5.09119,45.76266
69,Rhône,1,50,5.09437,45.73951
69,Rhône,1,51,5.13359,45.73372
69,Rhône,1,52,5.15797,45.71528
69,Rhône,1,53,5.13677,45.70443
69,Rhône,1,54,5.10497,45.70045
69,Rhône,1,55,5.10709,45.68779
69,Rhône,1,56,5.07317,45.67297
69,Rhône,1,57,5.05833,45.65344
69,Rhône,1,58,5.03501,45.63752
69,Rhône,1,59,5.03342,45.61438
69,Rhône,1,60,5.00533,45.62233
69,Rhône,1,61,4.99791,45.60353
69,Rhône,1,62,4.97088,45.61329
69,Rhône,1,63,4.92583,45.6057
69,Rhône,1,64,4.90145,45.60642
69,Rhône,1,65,4.85959,45.59087
69,Rhône,1,66,4.84687,45.5811
69,Rhône,1,67,4.8103,45.58978
69,Rhône,1,68,4.81242,45.57062
69,Rhône,1,69,4.83733,45.54421
69,Rhône,1,70,4.87178,45.52758
69,Rhône,1,71,4.84157,45.50045
69,Rhône,1,72,4.78327,45.47297
69,Rhône,1,73,4.78115,45.45778
69,Rhône,1,74,4.7573,45.45561
69,Rhône,1,75,4.73981,45.4849
69,Rhône,1,76,4.72179,45.49431
69,Rhône,1,77,4.69953,45.47767
69,Rhône,1,78,4.67568,45.48056
69,Rhône,1,79,4.6513,45.49394
69,Rhône,1,80,4.65501,45.53337
69,Rhône,1,81,4.68522,45.5547
69,Rhône,1,82,4.67303,45.56989
69,Rhône,1,83,4.64865,45.5594
69,Rhône,1,84,4.61473,45.57532
69,Rhône,1,85,4.58665,45.57098
69,Rhône,1,86,4.56757,45.58364
69,Rhône,1,87,4.51828,45.57423
69,Rhône,1,88,4.50132,45.58544
69,Rhône,1,89,4.45415,45.60425
69,Rhône,1,90,4.44196,45.62306
69,Rhône,1,91,4.41016,45.63174
69,Rhône,1,92,4.36564,45.67911
69,Rhône,1,93,4.36564,45.69864
69,Rhône,1,94,4.39002,45.73409
69,Rhône,1,95,4.39055,45.75506
69,Rhône,1,96,4.35928,45.75108
69,Rhône,1,97,4.34815,45.76917
69,Rhône,1,98,4.37889,45.78436
69,Rhône,1,99,4.38366,45.81184
69,Rhône,1,100,4.37571,45.82486
69,Rhône,1,101,4.39055,45.83752
69,Rhône,1,102,4.3826,45.86392
69,Rhône,1,103,4.34232,45.87694
69,Rhône,1,104,4.32378,45.90406
69,Rhône,1,105,4.34603,45.9301
69,Rhône,1,106,4.29622,45.95289
69,Rhône,1,107,4.29092,45.97206
69,Rhône,1,108,4.24852,45.98652
69,Rhône,1,109,4.24905,45.99556
69,Rhône,1,110,4.2994,45.98905
69,Rhône,1,111,4.31212,46.00497
69,Rhône,1,112,4.30576,46.0216
69,Rhône,1,113,4.27979,46.0216
69,Rhône,1,114,4.25329,46.05234
69,Rhône,1,115,4.29092,46.05741
69,Rhône,1,116,4.31053,46.08128
69,Rhône,1,117,4.30947,46.10985
69,Rhône,1,118,4.32219,46.1301
69,Rhône,1,119,4.36193,46.13878
69,Rhône,1,120,4.37677,46.14999
69,Rhône,1,121,4.41705,46.13589
69,Rhône,1,122,4.43878,46.16771
69,Rhône,1,123,4.40645,46.18218
69,Rhône,1,124,4.41917,46.20062
69,Rhône,1,125,4.40645,46.21762
69,Rhône,1,126,4.38737,46.22015
31,Haute-Garonne,1,0,0.4777,42.70014
31,Haute-Garonne,1,1,0.48459,42.71026
31,Haute-Garonne,1,2,0.45491,42.72799
31,Haute-Garonne,1,3,0.46392,42.75945
31,Haute-Garonne,1,4,0.45544,42.77609
31,Haute-Garonne,1,5,0.46339,42.80466
31,Haute-Garonne,1,6,0.45597,42.81659
31,Haute-Garonne,1,7,0.47717,42.87844
31,Haute-Garonne,1,8,0.55402,42.86035
31,Haute-Garonne,1,9,0.57575,42.87084
31,Haute-Garonne,1,10,0.60543,42.93413
31,Haute-Garonne,1,11,0.62663,42.94173
31,Haute-Garonne,1,12,0.64518,42.96198
31,Haute-Garonne,1,13,0.61868,42.97247
31,Haute-Garonne,1,14,0.61444,42.98729
31,Haute-Garonne,1,15,0.62716,43.00031
31,Haute-Garonne,1,16,0.59165,43.02274
31,Haute-Garonne,1,17,0.57045,43.02165
31,Haute-Garonne,1,18,0.5413,43.0014
31,Haute-Garonne,1,19,0.52699,43.00899
31,Haute-Garonne,1,20,0.53812,43.04154
31,Haute-Garonne,1,21,0.5625,43.03576
31,Haute-Garonne,1,22,0.56409,43.07445
31,Haute-Garonne,1,23,0.50261,43.09579
31,Haute-Garonne,1,24,0.48936,43.11532
31,Haute-Garonne,1,25,0.46498,43.11134
31,Haute-Garonne,1,26,0.44166,43.13087
31,Haute-Garonne,1,27,0.45968,43.14896
31,Haute-Garonne,1,28,0.49784,43.17282
31,Haute-Garonne,1,29,0.51798,43.19489
31,Haute-Garonne,1,30,0.51745,43.21261
31,Haute-Garonne,1,31,0.5519,43.20935
31,Haute-Garonne,1,32,0.57416,43.22056
31,Haute-Garonne,1,33,0.55349,43.23684
31,Haute-Garonne,1,34,0.5943,43.27192
31,Haute-Garonne,1,35,0.61179,43.27662
31,Haute-Garonne,1,36,0.63087,43.3023
31,Haute-Garonne,1,37,0.60702,43.31098
31,Haute-Garonne,1,38,0.6473,43.31279
31,Haute-Garonne,1,39,0.67433,43.32906
31,Haute-Garonne,1,40,0.70242,43.3645
31,Haute-Garonne,1,41,0.73368,43.37101
31,Haute-Garonne,1,42,0.75382,43.38946
31,Haute-Garonne,1,43,0.75647,43.41658
31,Haute-Garonne,1,44,0.77078,43.41694
31,Haute-Garonne,1,45,0.80576,43.39995
31,Haute-Garonne,1,46,0.8206,43.41694
31,Haute-Garonne,1,47,0.90699,43.40826
31,Haute-Garonne,1,48,0.93296,43.3891
31,Haute-Garonne,1,49,0.96317,43.38765
31,Haute-Garonne,1,50,0.97748,43.3627
31,Haute-Garonne,1,51,1.00291,43.3768
31,Haute-Garonne,1,52,0.99443,43.40935
31,Haute-Garonne,1,53,1.02305,43.41188
31,Haute-Garonne,1,54,1.01881,43.43069
31,Haute-Garonne,1,55,1.0416,43.4607
31,Haute-Garonne,1,56,1.01775,43.47372
31,Haute-Garonne,1,57,1.05167,43.48711
31,Haute-Garonne,1,58,1.05379,43.51531
31,Haute-Garonne,1,59,1.06227,43.53991
31,Haute-Garonne,1,60,1.07976,43.5475
31,Haute-Garonne,1,61,1.09725,43.5334
31,Haute-Garonne,1,62,1.12481,43.55437
31,Haute-Garonne,1,63,1.15449,43.55763
31,Haute-Garonne,1,64,1.16562,43.57318
31,Haute-Garonne,1,65,1.19954,43.5692
31,Haute-Garonne,1,66,1.19848,43.5985
31,Haute-Garonne,1,67,1.17993,43.61477
31,Haute-Garonne,1,68,1.15873,43.60537
31,Haute-Garonne,1,69,1.13064,43.64262
31,Haute-Garonne,1,70,1.11527,43.63683
31,Haute-Garonne,1,71,1.08983,43.64985
31,Haute-Garonne,1,72,1.05167,43.68168
31,Haute-Garonne,1,73,1.0628,43.70012
31,Haute-Garonne,1,74,0.99602,43.7352
31,Haute-Garonne,1,75,0.96741,43.76052
31,Haute-Garonne,1,76,0.95363,43.78728
31,Haute-Garonne,1,77,0.97695,43.78656
31,Haute-Garonne,1,78,1.01775,43.80175
31,Haute-Garonne,1,79,1.05909,43.79849
31,Haute-Garonne,1,80,1.08294,43.81585
31,Haute-Garonne,1,81,1.11527,43.79777
31,Haute-Garonne,1,82,1.14442,43.82236
31,Haute-Garonne,1,83,1.18311,43.79415
31,Haute-Garonne,1,84,1.2165,43.79198
31,Haute-Garonne,1,85,1.22021,43.77137
31,Haute-Garonne,1,86,1.27479,43.78547
31,Haute-Garonne,1,87,1.36012,43.8173
31,Haute-Garonne,1,88,1.34793,43.83828
31,Haute-Garonne,1,89,1.35959,43.85166
31,Haute-Garonne,1,90,1.34846,43.86902
31,Haute-Garonne,1,91,1.35694,43.88457
31,Haute-Garonne,1,92,1.40835,43.88276
31,Haute-Garonne,1,93,1.41842,43.87119
31,Haute-Garonne,1,94,1.44863,43.87191
31,Haute-Garonne,1,95,1.47354,43.9012
31,Haute-Garonne,1,96,1.50163,43.89252
31,Haute-Garonne,1,97,1.52336,43.90374
31,Haute-Garonne,1,98,1.53714,43.92073
31,Haute-Garonne,1,99,1.55568,43.9182
31,Haute-Garonne,1,100,1.54667,43.90229
31,Haute-Garonne,1,101,1.56098,43.86323
31,Haute-Garonne,1,102,1.57264,43.84876
31,Haute-Garonne,1,103,1.59331,43.84298
31,Haute-Garonne,1,104,1.58854,43.8173
31,Haute-Garonne,1,105,1.63041,43.79922
31,Haute-Garonne,1,106,1.65585,43.76522
31,Haute-Garonne,1,107,1.65956,43.74244
31,Haute-Garonne,1,108,1.69984,43.72544
31,Haute-Garonne,1,109,1.70514,43.71386
31,Haute-Garonne,1,110,1.66433,43.69361
31,Haute-Garonne,1,111,1.72104,43.68819
31,Haute-Garonne,1,112,1.73111,43.65745
31,Haute-Garonne,1,113,1.69348,43.64262
31,Haute-Garonne,1,114,1.69083,43.62562
31,Haute-Garonne,1,115,1.72475,43.61586
31,Haute-Garonne,1,116,1.74913,43.60103
31,Haute-Garonne,1,117,1.76397,43.60356
31,Haute-Garonne,1,118,1.77987,43.58692
31,Haute-Garonne,1,119,1.82438,43.58114
31,Haute-Garonne,1,120,1.84929,43.56739
31,Haute-Garonne,1,121,1.85035,43.54931
31,Haute-Garonne,1,122,1.88003,43.54027
31,Haute-Garonne,1,123,1.88745,43.51676
31,Haute-Garonne,1,124,1.95264,43.49072
31,Haute-Garonne,1,125,2.00723,43.4806
31,Haute-Garonne,1,126,2.01836,43.50844
31,Haute-Garonne,1,127,2.03744,43.50627
31,Haute-Garonne,1,128,2.04857,43.48566
31,Haute-Garonne,1,129,2.01995,43.47372
31,Haute-Garonne,1,130,2.0173,43.45347
31,Haute-Garonne,1,131,2.02896,43.43683
31,Haute-Garonne,1,132,2.03691,43.42707
31,Haute-Garonne,1,133,1.99398,43.41043
31,Haute-Garonne,1,134,1.95794,43.42562
31,Haute-Garonne,1,135,1.89593,43.41839
31,Haute-Garonne,1,136,1.85936,43.44371
31,Haute-Garonne,1,137,1.8228,43.41658
31,Haute-Garonne,1,138,1.82174,43.39886
31,Haute-Garonne,1,139,1.80319,43.39271
31,Haute-Garonne,1,140,1.80637,43.35691
31,Haute-Garonne,1,141,1.81326,43.34136
31,Haute-Garonne,1,142,1.75602,43.34787
31,Haute-Garonne,1,143,1.72369,43.32978
31,Haute-Garonne,1,144,1.73588,43.31423
31,Haute-Garonne,1,145,1.70567,43.30194
31,Haute-Garonne,1,146,1.70673,43.28602
31,Haute-Garonne,1,147,1.68818,43.27373
31,Haute-Garonne,1,148,1.67281,43.27843
31,Haute-Garonne,1,149,1.6373,43.25564
31,Haute-Garonne,1,150,1.58271,43.26866
31,Haute-Garonne,1,151,1.56469,43.25347
31,Haute-Garonne,1,152,1.5472,43.27807
31,Haute-Garonne,1,153,1.49633,43.29326
31,Haute-Garonne,1,154,1.48944,43.2712
31,Haute-Garonne,1,155,1.50269,43.25167
31,Haute-Garonne,1,156,1.4852,43.22635
31,Haute-Garonne,1,157,1.46347,43.2108
31,Haute-Garonne,1,158,1.41789,43.22563
31,Haute-Garonne,1,159,1.42637,43.24769
31,Haute-Garonne,1,160,1.40146,43.27771
31,Haute-Garonne,1,161,1.34634,43.31604
31,Haute-Garonne,1,162,1.32355,43.30953
31,Haute-Garonne,1,163,1.3156,43.29651
31,Haute-Garonne,1,164,1.29228,43.28892
31,Haute-Garonne,1,165,1.2997,43.27011
31,Haute-Garonne,1,166,1.32249,43.26143
31,Haute-Garonne,1,167,1.34634,43.24299
31,Haute-Garonne,1,168,1.37284,43.24443
31,Haute-Garonne,1,169,1.37655,43.21695
31,Haute-Garonne,1,170,1.33203,43.20429
31,Haute-Garonne,1,171,1.32461,43.19199
31,Haute-Garonne,1,172,1.29652,43.18946
31,Haute-Garonne,1,173,1.27426,43.19633
31,Haute-Garonne,1,174,1.26314,43.18693
31,Haute-Garonne,1,175,1.22763,43.18404
31,Haute-Garonne,1,176,1.22021,43.15257
31,Haute-Garonne,1,177,1.26843,43.14642
31,Haute-Garonne,1,178,1.29122,43.12436
31,Haute-Garonne,1,179,1.26208,43.09181
31,Haute-Garonne,1,180,1.22339,43.08603
31,Haute-Garonne,1,181,1.2112,43.11496
31,Haute-Garonne,1,182,1.17516,43.141
31,Haute-Garonne,1,183,1.16456,43.13087
31,Haute-Garonne,1,184,1.13488,43.15004
31,Haute-Garonne,1,185,1.08983,43.14172
31,Haute-Garonne,1,186,1.05167,43.14389
31,Haute-Garonne,1,187,1.05273,43.12545
31,Haute-Garonne,1,188,1.03842,43.10049
31,Haute-Garonne,1,189,1.01192,43.10953
31,Haute-Garonne,1,190,0.99231,43.09796
31,Haute-Garonne,1,191,0.9992,43.08494
31,Haute-Garonne,1,192,0.98278,43.07373
31,Haute-Garonne,1,193,0.98649,43.02852
31,Haute-Garonne,1,194,1.00662,43.02021
31,Haute-Garonne,1,195,1.00715,43.00755
31,Haute-Garonne,1,196,0.97907,42.97427
31,Haute-Garonne,1,197,0.91229,42.95908
31,Haute-Garonne,1,198,0.87466,42.95764
31,Haute-Garonne,1,199,0.88632,42.93413
31,Haute-Garonne,1,200,0.87625,42.9269
31,Haute-Garonne,1,201,0.8418,42.92364
31,Haute-Garonne,1,202,0.82643,42.91424
31,Haute-Garonne,1,203,0.84286,42.89073
31,Haute-Garonne,1,204,0.85823,42.82563
31,Haute-Garonne,1,205,0.83385,42.82853
31,Haute-Garonne,1,206,0.80152,42.84046
31,Haute-Garonne,1,207,0.77555,42.83684
31,Haute-Garonne,1,208,0.70825,42.86144
31,Haute-Garonne,1,209,0.6632,42.84155
31,Haute-Garonne,1,210,0.67062,42.80466
31,Haute-Garonne,1,211,0.65048,42.78585
31,Haute-Garonne,1,212,0.66055,42.77645
31,Haute-Garonne,1,213,0.64412,42.75511
31,Haute-Garonne,1,214,0.6632,42.74679
31,Haute-Garonne,1,215,0.67857,42.71207
31,Haute-Garonne,1,216,0.66638,42.69001
31,Haute-Garonne,1,217,0.61762,42.69616
31,Haute-Garonne,1,218,0.59695,42.70556
31,Haute-Garonne,1,219,0.57628,42.69544
31,Haute-Garonne,1,220,0.52646,42.70267
31,Haute-Garonne,1,221,0.51162,42.69218
31,Haute-Garonne,1,222,0.4777,42.70014
50,Manche,1,0,-1.57067,48.62626
50,Manche,1,1,-1.54046,48.63096
50,Manche,1,2,-1.51079,48.61939
50,Manche,1,3,-1.44984,48.62301
50,Manche,1,4,-1.39949,48.65556
50,Manche,1,5,-1.39313,48.67653
50,Manche,1,6,-1.43235,48.66641
50,Manche,1,7,-1.44931,48.67002
50,Manche,1,8,-1.51079,48.69679
50,Manche,1,9,-1.52033,48.72174
50,Manche,1,10,-1.55212,48.73259
50,Manche,1,11,-1.57385,48.75284
50,Manche,1,12,-1.56908,48.80094
50,Manche,1,13,-1.57438,48.82156
50,Manche,1,14,-1.59823,48.83928
50,Manche,1,15,-1.58604,48.8476
50,Manche,1,16,-1.5447,48.93765
50,Manche,1,17,-1.56166,48.9409
50,Manche,1,18,-1.56166,48.98141
50,Manche,1,19,-1.55212,48.99371
50,Manche,1,20,-1.55053,49.02843
50,Manche,1,21,-1.58498,49.00419
50,Manche,1,22,-1.59558,49.02698
50,Manche,1,23,-1.61042,49.0834
50,Manche,1,24,-1.6083,49.10437
50,Manche,1,25,-1.59187,49.13439
50,Manche,1,26,-1.60671,49.19732
50,Manche,1,27,-1.60883,49.2324
50,Manche,1,28,-1.63374,49.21649
50,Manche,1,29,-1.6454,49.22806
50,Manche,1,30,-1.66713,49.26893
50,Manche,1,31,-1.70317,49.31197
50,Manche,1,32,-1.69522,49.33113
50,Manche,1,33,-1.7249,49.32824
50,Manche,1,34,-1.78638,49.37706
50,Manche,1,35,-1.80863,49.37489
50,Manche,1,36,-1.82294,49.4031
50,Manche,1,37,-1.824,49.44867
50,Manche,1,38,-1.84467,49.47905
50,Manche,1,39,-1.85156,49.50979
50,Manche,1,40,-1.88124,49.5192
50,Manche,1,41,-1.8876,49.53511
50,Manche,1,42,-1.85792,49.55211
50,Manche,1,43,-1.84043,49.57525
50,Manche,1,44,-1.84679,49.62444
50,Manche,1,45,-1.87329,49.65771
50,Manche,1,46,-1.93954,49.67362
50,Manche,1,47,-1.93636,49.69388
50,Manche,1,48,-1.94749,49.70509
50,Manche,1,49,-1.94166,49.7257
50,Manche,1,50,-1.89926,49.71775
50,Manche,1,51,-1.88972,49.70653
50,Manche,1,52,-1.8558,49.7163
50,Manche,1,53,-1.82718,49.69279
50,Manche,1,54,-1.76306,49.67869
50,Manche,1,55,-1.72702,49.6776
50,Manche,1,56,-1.67137,49.65771
50,Manche,1,57,-1.6348,49.65373
50,Manche,1,58,-1.6083,49.64469
50,Manche,1,59,-1.5924,49.65518
50,Manche,1,60,-1.53145,49.65518
50,Manche,1,61,-1.48588,49.66928
50,Manche,1,62,-1.46786,49.69207
50,Manche,1,63,-1.42652,49.70219
50,Manche,1,64,-1.36716,49.70581
50,Manche,1,65,-1.29985,49.69388
50,Manche,1,66,-1.27229,49.68122
50,Manche,1,67,-1.24685,49.65843
50,Manche,1,68,-1.22937,49.62191
50,Manche,1,69,-1.25586,49.6125
50,Manche,1,70,-1.26752,49.58212
50,Manche,1,71,-1.28554,49.58719
50,Manche,1,72,-1.30515,49.57127
50,Manche,1,73,-1.30833,49.5456
50,Manche,1,74,-1.28342,49.51305
50,Manche,1,75,-1.25374,49.48267
50,Manche,1,76,-1.16842,49.40998
50,Manche,1,77,-1.16206,49.38936
50,Manche,1,78,-1.17372,49.37851
50,Manche,1,79,-1.17637,49.35102
50,Manche,1,80,-1.14987,49.36115
50,Manche,1,81,-1.11807,49.34488
50,Manche,1,82,-1.11436,49.32679
50,Manche,1,83,-1.14033,49.30871
50,Manche,1,84,-1.14033,49.2975
50,Manche,1,85,-1.11383,49.2617
50,Manche,1,86,-1.07832,49.23529
50,Manche,1,87,-1.05023,49.22698
50,Manche,1,88,-1.02532,49.21034
50,Manche,1,89,-0.97497,49.19226
50,Manche,1,90,-0.92251,49.22264
50,Manche,1,91,-0.90343,49.20636
50,Manche,1,92,-0.93311,49.14669
50,Manche,1,93,-0.88859,49.12969
50,Manche,1,94,-0.87905,49.11703
50,Manche,1,95,-0.86951,49.06749
50,Manche,1,96,-0.8764,49.05483
50,Manche,1,97,-0.86315,49.02662
50,Manche,1,98,-0.90502,49.01143
50,Manche,1,99,-0.9135,48.99118
50,Manche,1,100,-0.94477,48.96731
50,Manche,1,101,-0.98928,48.95175
50,Manche,1,102,-1.01949,48.90727
50,Manche,1,103,-1.0497,48.89425
50,Manche,1,104,-1.07037,48.87074
50,Manche,1,105,-1.09899,48.87544
50,Manche,1,106,-1.12337,48.84832
50,Manche,1,107,-1.15729,48.83639
50,Manche,1,108,-1.1557,48.82337
50,Manche,1,109,-1.1027,48.81432
50,Manche,1,110,-1.09051,48.78214
50,Manche,1,111,-1.0603,48.77454
50,Manche,1,112,-1.03751,48.78286
50,Manche,1,113,-1.01419,48.77201
50,Manche,1,114,-0.97179,48.77816
50,Manche,1,115,-0.9506,48.78865
50,Manche,1,116,-0.9241,48.77165
50,Manche,1,117,-0.89442,48.76695
50,Manche,1,118,-0.88276,48.7561
50,Manche,1,119,-0.85414,48.76405
50,Manche,1,120,-0.84142,48.75248
50,Manche,1,121,-0.84248,48.72861
50,Manche,1,122,-0.82128,48.73187
50,Manche,1,123,-0.79796,48.70908
50,Manche,1,124,-0.74496,48.67906
50,Manche,1,125,-0.77252,48.65809
50,Manche,1,126,-0.76298,48.63133
50,Manche,1,127,-0.74231,48.62735
50,Manche,1,128,-0.77411,48.56297
50,Manche,1,129,-0.80538,48.54959
50,Manche,1,130,-0.84725,48.52174
50,Manche,1,131,-0.8605,48.50149
50,Manche,1,132,-0.89601,48.49498
50,Manche,1,133,-0.92463,48.51343
50,Manche,1,134,-0.95749,48.51632
50,Manche,1,135,-0.97232,48.49462
50,Manche,1,136,-1.00306,48.48919
50,Manche,1,137,-1.055,48.51126
50,Manche,1,138,-1.06984,48.50872
50,Manche,1,139,-1.11701,48.52174
50,Manche,1,140,-1.14722,48.51777
50,Manche,1,141,-1.16683,48.53042
50,Manche,1,142,-1.19227,48.52861
50,Manche,1,143,-1.20446,48.54127
50,Manche,1,144,-1.23202,48.53766
50,Manche,1,145,-1.25162,48.5438
50,Manche,1,146,-1.27282,48.53404
50,Manche,1,147,-1.27918,48.50945
50,Manche,1,148,-1.34914,48.48232
50,Manche,1,149,-1.3449,48.47292
50,Manche,1,150,-1.37829,48.45737
50,Manche,1,151,-1.4191,48.46098
50,Manche,1,152,-1.44083,48.47183
50,Manche,1,153,-1.44931,48.48702
50,Manche,1,154,-1.49012,48.48919
50,Manche,1,155,-1.49542,48.50872
50,Manche,1,156,-1.5341,48.54923
50,Manche,1,157,-1.52244,48.57057
50,Manche,1,158,-1.54311,48.57997
50,Manche,1,159,-1.53728,48.59878
50,Manche,1,160,-1.57067,48.62626
04,Alpes-de-Haute-Provence,1,0,5.49874,44.11603
04,Alpes-de-Haute-Provence,1,1,5.54114,44.13266
04,Alpes-de-Haute-Provence,1,2,5.55121,44.14966
04,Alpes-de-Haute-Provence,1,3,5.58301,44.15798
04,Alpes-de-Haute-Provence,1,4,5.56446,44.171
04,Alpes-de-Haute-Provence,1,5,5.57506,44.18583
04,Alpes-de-Haute-Provence,1,6,5.60951,44.18764
04,Alpes-de-Haute-Provence,1,7,5.63972,44.16775
04,Alpes-de-Haute-Provence,1,8,5.63124,44.15039
04,Alpes-de-Haute-Provence,1,9,5.67788,44.14894
04,Alpes-de-Haute-Provence,1,10,5.68265,44.16377
04,Alpes-de-Haute-Provence,1,11,5.64714,44.1663
04,Alpes-de-Haute-Provence,1,12,5.65774,44.18908
04,Alpes-de-Haute-Provence,1,13,5.67576,44.19161
04,Alpes-de-Haute-Provence,1,14,5.69219,44.18655
04,Alpes-de-Haute-Provence,1,15,5.71392,44.19921
04,Alpes-de-Haute-Provence,1,16,5.75472,44.2097
04,Alpes-de-Haute-Provence,1,17,5.795,44.21368
04,Alpes-de-Haute-Provence,1,18,5.82892,44.20066
04,Alpes-de-Haute-Provence,1,19,5.8904,44.19017
04,Alpes-de-Haute-Provence,1,20,5.91478,44.20355
04,Alpes-de-Haute-Provence,1,21,5.88086,44.21151
04,Alpes-de-Haute-Provence,1,22,5.8533,44.24803
04,Alpes-de-Haute-Provence,1,23,5.8268,44.26322
04,Alpes-de-Haute-Provence,1,24,5.82468,44.27986
04,Alpes-de-Haute-Provence,1,25,5.84906,44.30084
04,Alpes-de-Haute-Provence,1,26,5.87715,44.28962
04,Alpes-de-Haute-Provence,1,27,5.8745,44.27733
04,Alpes-de-Haute-Provence,1,28,5.90842,44.2531
04,Alpes-de-Haute-Provence,1,29,5.92061,44.26358
04,Alpes-de-Haute-Provence,1,30,5.91372,44.28565
04,Alpes-de-Haute-Provence,1,31,5.92644,44.2936
04,Alpes-de-Haute-Provence,1,32,5.89676,44.32073
04,Alpes-de-Haute-Provence,1,33,5.93969,44.36449
04,Alpes-de-Haute-Provence,1,34,5.95347,44.39523
04,Alpes-de-Haute-Provence,1,35,6.00593,44.41693
04,Alpes-de-Haute-Provence,1,36,6.02501,44.43356
04,Alpes-de-Haute-Provence,1,37,6.05628,44.44948
04,Alpes-de-Haute-Provence,1,38,6.07589,44.4408
04,Alpes-de-Haute-Provence,1,39,6.0796,44.47552
04,Alpes-de-Haute-Provence,1,40,6.11617,44.47515
04,Alpes-de-Haute-Provence,1,41,6.15539,44.46177
04,Alpes-de-Haute-Provence,1,42,6.15645,44.44224
04,Alpes-de-Haute-Provence,1,43,6.17447,44.43971
04,Alpes-de-Haute-Provence,1,44,6.22747,44.38185
04,Alpes-de-Haute-Provence,1,45,6.23913,44.38474
04,Alpes-de-Haute-Provence,1,46,6.26245,44.41223
04,Alpes-de-Haute-Provence,1,47,6.2333,44.46358
04,Alpes-de-Haute-Provence,1,48,6.25662,44.46611
04,Alpes-de-Haute-Provence,1,49,6.29106,44.47949
04,Alpes-de-Haute-Provence,1,50,6.3271,44.46358
04,Alpes-de-Haute-Provence,1,51,6.34406,44.49251
04,Alpes-de-Haute-Provence,1,52,6.3324,44.51024
04,Alpes-de-Haute-Provence,1,53,6.36208,44.52217
04,Alpes-de-Haute-Provence,1,54,6.39865,44.49432
04,Alpes-de-Haute-Provence,1,55,6.41137,44.47081
04,Alpes-de-Haute-Provence,1,56,6.45801,44.46647
04,Alpes-de-Haute-Provence,1,57,6.48133,44.45382
04,Alpes-de-Haute-Provence,1,58,6.54758,44.44695
04,Alpes-de-Haute-Provence,1,59,6.63237,44.44695
04,Alpes-de-Haute-Provence,1,60,6.6435,44.48781
04,Alpes-de-Haute-Provence,1,61,6.66841,44.50047
04,Alpes-de-Haute-Provence,1,62,6.68166,44.52904
04,Alpes-de-Haute-Provence,1,63,6.73837,44.55291
04,Alpes-de-Haute-Provence,1,64,6.7548,44.57136
04,Alpes-de-Haute-Provence,1,65,6.79985,44.60427
04,Alpes-de-Haute-Provence,1,66,6.8433,44.60897
04,Alpes-de-Haute-Provence,1,67,6.85814,44.62814
04,Alpes-de-Haute-Provence,1,68,6.88358,44.63248
04,Alpes-de-Haute-Provence,1,69,6.91538,44.65996
04,Alpes-de-Haute-Provence,1,70,6.94824,44.6549
04,Alpes-de-Haute-Provence,1,71,6.96361,44.62343
04,Alpes-de-Haute-Provence,1,72,6.93287,44.59486
04,Alpes-de-Haute-Provence,1,73,6.93287,44.57859
04,Alpes-de-Haute-Provence,1,74,6.9122,44.5587
04,Alpes-de-Haute-Provence,1,75,6.87828,44.55219
04,Alpes-de-Haute-Provence,1,76,6.85973,44.53483
04,Alpes-de-Haute-Provence,1,77,6.85761,44.51385
04,Alpes-de-Haute-Provence,1,78,6.87828,44.48022
04,Alpes-de-Haute-Provence,1,79,6.90425,44.46864
04,Alpes-de-Haute-Provence,1,80,6.91114,44.45237
04,Alpes-de-Haute-Provence,1,81,6.94188,44.4285
04,Alpes-de-Haute-Provence,1,82,6.89312,44.41657
04,Alpes-de-Haute-Provence,1,83,6.89683,44.37498
04,Alpes-de-Haute-Provence,1,84,6.88729,44.36123
04,Alpes-de-Haute-Provence,1,85,6.86291,44.34677
04,Alpes-de-Haute-Provence,1,86,6.83801,44.34496
04,Alpes-de-Haute-Provence,1,87,6.80674,44.32615
04,Alpes-de-Haute-Provence,1,88,6.7866,44.28782
04,Alpes-de-Haute-Provence,1,89,6.76275,44.27914
04,Alpes-de-Haute-Provence,1,90,6.75851,44.26503
04,Alpes-de-Haute-Provence,1,91,6.72406,44.24984
04,Alpes-de-Haute-Provence,1,92,6.72459,44.22561
04,Alpes-de-Haute-Provence,1,93,6.68643,44.16847
04,Alpes-de-Haute-Provence,1,94,6.7071,44.12579
04,Alpes-de-Haute-Provence,1,95,6.73996,44.09903
04,Alpes-de-Haute-Provence,1,96,6.75427,44.07769
04,Alpes-de-Haute-Provence,1,97,6.74579,44.04297
04,Alpes-de-Haute-Provence,1,98,6.78395,44.02272
04,Alpes-de-Haute-Provence,1,99,6.79826,44.00536
04,Alpes-de-Haute-Provence,1,100,6.83854,43.98981
04,Alpes-de-Haute-Provence,1,101,6.85178,43.95473
04,Alpes-de-Haute-Provence,1,102,6.86821,43.95437
04,Alpes-de-Haute-Provence,1,103,6.89471,43.92797
04,Alpes-de-Haute-Provence,1,104,6.9122,43.92833
04,Alpes-de-Haute-Provence,1,105,6.9334,43.90771
04,Alpes-de-Haute-Provence,1,106,6.93287,43.89469
04,Alpes-de-Haute-Provence,1,107,6.88464,43.88891
04,Alpes-de-Haute-Provence,1,108,6.86556,43.90591
04,Alpes-de-Haute-Provence,1,109,6.83218,43.91856
04,Alpes-de-Haute-Provence,1,110,6.80409,43.91133
04,Alpes-de-Haute-Provence,1,111,6.78183,43.88348
04,Alpes-de-Haute-Provence,1,112,6.74897,43.87155
04,Alpes-de-Haute-Provence,1,113,6.6965,43.87553
04,Alpes-de-Haute-Provence,1,114,6.70286,43.856
04,Alpes-de-Haute-Provence,1,115,6.68007,43.85202
04,Alpes-de-Haute-Provence,1,116,6.66788,43.83068
04,Alpes-de-Haute-Provence,1,117,6.70339,43.82309
04,Alpes-de-Haute-Provence,1,118,6.70551,43.80826
04,Alpes-de-Haute-Provence,1,119,6.64456,43.7956
04,Alpes-de-Haute-Provence,1,120,6.63608,43.78909
04,Alpes-de-Haute-Provence,1,121,6.62442,43.80139
04,Alpes-de-Haute-Provence,1,122,6.58732,43.80536
04,Alpes-de-Haute-Provence,1,123,6.55447,43.78366
04,Alpes-de-Haute-Provence,1,124,6.52691,43.805
04,Alpes-de-Haute-Provence,1,125,6.48186,43.7909
04,Alpes-de-Haute-Provence,1,126,6.41402,43.79162
04,Alpes-de-Haute-Provence,1,127,6.40713,43.75618
04,Alpes-de-Haute-Provence,1,128,6.37851,43.7399
04,Alpes-de-Haute-Provence,1,129,6.34724,43.74027
04,Alpes-de-Haute-Provence,1,130,6.26775,43.77824
04,Alpes-de-Haute-Provence,1,131,6.25768,43.79741
04,Alpes-de-Haute-Provence,1,132,6.21422,43.79922
04,Alpes-de-Haute-Provence,1,133,6.19037,43.78005
04,Alpes-de-Haute-Provence,1,134,6.18295,43.76233
04,Alpes-de-Haute-Provence,1,135,6.14055,43.73773
04,Alpes-de-Haute-Provence,1,136,6.1061,43.74171
04,Alpes-de-Haute-Provence,1,137,6.07695,43.70699
04,Alpes-de-Haute-Provence,1,138,6.03508,43.69397
04,Alpes-de-Haute-Provence,1,139,6.03932,43.67842
04,Alpes-de-Haute-Provence,1,140,6.02183,43.6683
04,Alpes-de-Haute-Provence,1,141,6.00488,43.68783
04,Alpes-de-Haute-Provence,1,142,5.98792,43.69542
04,Alpes-de-Haute-Provence,1,143,5.98474,43.71459
04,Alpes-de-Haute-Provence,1,144,5.95718,43.71929
04,Alpes-de-Haute-Provence,1,145,5.9381,43.7305
04,Alpes-de-Haute-Provence,1,146,5.93916,43.74569
04,Alpes-de-Haute-Provence,1,147,5.92273,43.75763
04,Alpes-de-Haute-Provence,1,148,5.90365,43.75112
04,Alpes-de-Haute-Provence,1,149,5.89199,43.72797
04,Alpes-de-Haute-Provence,1,150,5.85648,43.72363
04,Alpes-de-Haute-Provence,1,151,5.82468,43.74786
04,Alpes-de-Haute-Provence,1,152,5.78122,43.75582
04,Alpes-de-Haute-Provence,1,153,5.75737,43.72942
04,Alpes-de-Haute-Provence,1,154,5.74836,43.74135
04,Alpes-de-Haute-Provence,1,155,5.71657,43.75582
04,Alpes-de-Haute-Provence,1,156,5.71286,43.78113
04,Alpes-de-Haute-Provence,1,157,5.69484,43.78403
04,Alpes-de-Haute-Provence,1,158,5.65456,43.82526
04,Alpes-de-Haute-Provence,1,159,5.62276,43.83032
04,Alpes-de-Haute-Provence,1,160,5.5793,43.8296
04,Alpes-de-Haute-Provence,1,161,5.54485,43.81766
04,Alpes-de-Haute-Provence,1,162,5.54856,43.85166
04,Alpes-de-Haute-Provence,1,163,5.57029,43.86214
04,Alpes-de-Haute-Provence,1,164,5.60792,43.91495
04,Alpes-de-Haute-Provence,1,165,5.5846,43.91712
04,Alpes-de-Haute-Provence,1,166,5.5687,43.94243
04,Alpes-de-Haute-Provence,1,167,5.54485,43.93882
04,Alpes-de-Haute-Provence,1,168,5.51252,43.94533
04,Alpes-de-Haute-Provence,1,169,5.50828,43.95871
04,Alpes-de-Haute-Provence,1,170,5.51782,43.99162
04,Alpes-de-Haute-Provence,1,171,5.54379,44.02598
04,Alpes-de-Haute-Provence,1,172,5.54485,44.06974
04,Alpes-de-Haute-Provence,1,173,5.50245,44.06359
04,Alpes-de-Haute-Provence,1,174,5.49768,44.07444
04,Alpes-de-Haute-Provence,1,175,5.49874,44.11603
60,Oise,1,0,1.70461,49.2324
60,Oise,1,1,1.70143,49.25193
60,Oise,1,2,1.7115,49.26459
60,Oise,1,3,1.75125,49.26748
60,Oise,1,4,1.78941,49.25374
60,Oise,1,5,1.80266,49.27182
60,Oise,1,6,1.79736,49.28846
60,Oise,1,7,1.77139,49.29497
60,Oise,1,8,1.77139,49.33837
60,Oise,1,9,1.75973,49.36838
60,Oise,1,10,1.71998,49.39551
60,Oise,1,11,1.71415,49.40925
60,Oise,1,12,1.72316,49.43421
60,Oise,1,13,1.74754,49.45952
60,Oise,1,14,1.76609,49.46603
60,Oise,1,15,1.78729,49.50618
60,Oise,1,16,1.77139,49.51305
60,Oise,1,17,1.75284,49.4975
60,Oise,1,18,1.7168,49.50364
60,Oise,1,19,1.74807,49.53728
60,Oise,1,20,1.72263,49.54415
60,Oise,1,21,1.72528,49.5644
60,Oise,1,22,1.69401,49.60129
60,Oise,1,23,1.71786,49.61576
60,Oise,1,24,1.7115,49.65012
60,Oise,1,25,1.72263,49.66892
60,Oise,1,26,1.75231,49.68122
60,Oise,1,27,1.74224,49.70183
60,Oise,1,28,1.70249,49.68447
60,Oise,1,29,1.68924,49.69496
60,Oise,1,30,1.71521,49.71268
60,Oise,1,31,1.71256,49.72968
60,Oise,1,32,1.74595,49.73872
60,Oise,1,33,1.73906,49.74921
60,Oise,1,34,1.78358,49.75825
60,Oise,1,35,1.80955,49.75427
60,Oise,1,36,1.83975,49.73945
60,Oise,1,37,1.83816,49.70907
60,Oise,1,38,1.84929,49.70183
60,Oise,1,39,1.89434,49.69966
60,Oise,1,40,1.93303,49.71992
60,Oise,1,41,1.94893,49.70075
60,Oise,1,42,1.97808,49.70979
60,Oise,1,43,2.02843,49.71087
60,Oise,1,44,2.05493,49.69858
60,Oise,1,45,2.12011,49.68845
60,Oise,1,46,2.15138,49.70111
60,Oise,1,47,2.24731,49.70183
60,Oise,1,48,2.37345,49.65626
60,Oise,1,49,2.41319,49.66024
60,Oise,1,50,2.44552,49.65301
60,Oise,1,51,2.47785,49.62082
60,Oise,1,52,2.507,49.63493
60,Oise,1,53,2.58173,49.59948
60,Oise,1,54,2.59339,49.61214
60,Oise,1,55,2.62731,49.60997
60,Oise,1,56,2.62572,49.58719
60,Oise,1,57,2.64957,49.57164
60,Oise,1,58,2.67076,49.5814
60,Oise,1,59,2.675,49.60563
60,Oise,1,60,2.70733,49.62588
60,Oise,1,61,2.7386,49.62733
60,Oise,1,62,2.76828,49.61503
60,Oise,1,63,2.79743,49.61757
60,Oise,1,64,2.79372,49.6559
60,Oise,1,65,2.8499,49.66241
60,Oise,1,66,2.84725,49.67218
60,Oise,1,67,2.8923,49.69894
60,Oise,1,68,2.91721,49.70219
60,Oise,1,69,2.9294,49.68339
60,Oise,1,70,2.9967,49.70762
60,Oise,1,71,3.01631,49.6852
60,Oise,1,72,3.05553,49.69351
60,Oise,1,73,3.05553,49.71304
60,Oise,1,74,3.11807,49.70581
60,Oise,1,75,3.12761,49.66965
60,Oise,1,76,3.10429,49.65771
60,Oise,1,77,3.11277,49.63131
60,Oise,1,78,3.09369,49.62263
60,Oise,1,79,3.12178,49.60382
60,Oise,1,80,3.13185,49.54379
60,Oise,1,81,3.12125,49.52064
60,Oise,1,82,3.09581,49.51811
60,Oise,1,83,3.12072,49.49099
60,Oise,1,84,3.10747,49.4682
60,Oise,1,85,3.15517,49.4541
60,Oise,1,86,3.16524,49.44072
60,Oise,1,87,3.13132,49.43167
60,Oise,1,88,3.10058,49.43927
60,Oise,1,89,3.09051,49.37526
60,Oise,1,90,3.07726,49.37164
60,Oise,1,91,3.07514,49.34922
60,Oise,1,92,3.0338,49.33113
60,Oise,1,93,3.00147,49.34018
60,Oise,1,94,2.96914,49.32643
60,Oise,1,95,2.97444,49.30292
60,Oise,1,96,3.02691,49.27544
60,Oise,1,97,3.03592,49.22191
60,Oise,1,98,3.02002,49.21685
60,Oise,1,99,3.002,49.23566
60,Oise,1,100,2.96437,49.23276
60,Oise,1,101,2.97179,49.18792
60,Oise,1,102,3.00253,49.18828
60,Oise,1,103,2.99935,49.20781
60,Oise,1,104,3.0179,49.21685
60,Oise,1,105,3.06401,49.19298
60,Oise,1,106,3.11489,49.19117
60,Oise,1,107,3.11224,49.17309
60,Oise,1,108,3.14033,49.15392
60,Oise,1,109,3.07196,49.11776
60,Oise,1,110,3.05606,49.10184
60,Oise,1,111,3.06613,49.08521
60,Oise,1,112,3.00889,49.09172
60,Oise,1,113,2.97603,49.07399
60,Oise,1,114,2.94582,49.08846
60,Oise,1,115,2.92304,49.07761
60,Oise,1,116,2.90131,49.08521
60,Oise,1,117,2.85626,49.07002
60,Oise,1,118,2.84513,49.08484
60,Oise,1,119,2.80909,49.0975
60,Oise,1,120,2.78153,49.08521
60,Oise,1,121,2.78418,49.07363
60,Oise,1,122,2.75556,49.06134
60,Oise,1,123,2.70627,49.06532
60,Oise,1,124,2.67129,49.09172
60,Oise,1,125,2.63314,49.10871
60,Oise,1,126,2.59021,49.07978
60,Oise,1,127,2.55735,49.1004
60,Oise,1,128,2.55417,49.12101
60,Oise,1,129,2.53297,49.11956
60,Oise,1,130,2.53138,49.09931
60,Oise,1,131,2.49004,49.10618
60,Oise,1,132,2.50276,49.11776
60,Oise,1,133,2.45877,49.1409
60,Oise,1,134,2.41319,49.15247
60,Oise,1,135,2.34589,49.16224
60,Oise,1,136,2.31303,49.18575
60,Oise,1,137,2.28653,49.15971
60,Oise,1,138,2.22346,49.15211
60,Oise,1,139,2.22929,49.17164
60,Oise,1,140,2.18212,49.17381
60,Oise,1,141,2.12806,49.1937
60,Oise,1,142,2.09521,49.19009
60,Oise,1,143,2.0809,49.20962
60,Oise,1,144,1.99928,49.17598
60,Oise,1,145,1.97384,49.18394
60,Oise,1,146,1.96218,49.17454
60,Oise,1,147,1.92985,49.17417
60,Oise,1,148,1.88321,49.1626
60,Oise,1,149,1.87632,49.1749
60,Oise,1,150,1.84505,49.16983
60,Oise,1,151,1.82703,49.1796
60,Oise,1,152,1.77669,49.1843
60,Oise,1,153,1.75072,49.17634
60,Oise,1,154,1.73747,49.19479
60,Oise,1,155,1.71839,49.20275
60,Oise,1,156,1.74065,49.22444
60,Oise,1,157,1.70461,49.2324
71,Saône-et-Loire,1,0,3.89979,46.27585
71,Saône-et-Loire,1,1,3.9141,46.29682
71,Saône-et-Loire,1,2,3.94749,46.30333
71,Saône-et-Loire,1,3,3.94908,46.31491
71,Saône-et-Loire,1,4,3.98512,46.31744
71,Saône-et-Loire,1,5,3.99148,46.37096
71,Saône-et-Loire,1,6,3.9777,46.39773
71,Saône-et-Loire,1,7,3.98883,46.40894
71,Saône-et-Loire,1,8,4.00049,46.4433
71,Saône-et-Loire,1,9,3.99837,46.46536
71,Saône-et-Loire,1,10,3.96074,46.47765
71,Saône-et-Loire,1,11,3.94961,46.49248
71,Saône-et-Loire,1,12,3.90986,46.49537
71,Saône-et-Loire,1,13,3.89131,46.48091
71,Saône-et-Loire,1,14,3.8611,46.49284
71,Saône-et-Loire,1,15,3.8346,46.53118
71,Saône-et-Loire,1,16,3.8028,46.51961
71,Saône-et-Loire,1,17,3.76677,46.53877
71,Saône-et-Loire,1,18,3.74186,46.53914
71,Saône-et-Loire,1,19,3.73497,46.59736
71,Saône-et-Loire,1,20,3.71324,46.61291
71,Saône-et-Loire,1,21,3.72278,46.62196
71,Saône-et-Loire,1,22,3.69787,46.65921
71,Saône-et-Loire,1,23,3.65547,46.68778
71,Saône-et-Loire,1,24,3.63745,46.70731
71,Saône-et-Loire,1,25,3.6295,46.74962
71,Saône-et-Loire,1,26,3.67296,46.73913
71,Saône-et-Loire,1,27,3.73709,46.75251
71,Saône-et-Loire,1,28,3.78372,46.73624
71,Saône-et-Loire,1,29,3.7975,46.70152
71,Saône-et-Loire,1,30,3.82665,46.70477
71,Saône-et-Loire,1,31,3.84467,46.7225
71,Saône-et-Loire,1,32,3.92629,46.74166
71,Saône-et-Loire,1,33,3.95703,46.75613
71,Saône-et-Loire,1,34,3.96657,46.76915
71,Saône-et-Loire,1,35,3.9936,46.77819
71,Saône-et-Loire,1,36,4.01904,46.77602
71,Saône-et-Loire,1,37,4.03335,46.78687
71,Saône-et-Loire,1,38,4.06302,46.78904
71,Saône-et-Loire,1,39,4.05719,46.84365
71,Saône-et-Loire,1,40,4.10118,46.8592
71,Saône-et-Loire,1,41,4.09482,46.87331
71,Saône-et-Loire,1,42,4.06249,46.89862
71,Saône-et-Loire,1,43,4.04607,46.89971
71,Saône-et-Loire,1,44,4.03653,46.92683
71,Saône-et-Loire,1,45,4.03918,46.94347
71,Saône-et-Loire,1,46,4.0556,46.95721
71,Saône-et-Loire,1,47,4.03918,46.98542
71,Saône-et-Loire,1,48,4.01692,46.97276
71,Saône-et-Loire,1,49,3.99625,46.98687
71,Saône-et-Loire,1,50,4.05507,47.01255
71,Saône-et-Loire,1,51,4.05931,47.04112
71,Saône-et-Loire,1,52,4.07203,47.0545
71,Saône-et-Loire,1,53,4.03918,47.07981
71,Saône-et-Loire,1,54,4.06143,47.12104
71,Saône-et-Loire,1,55,4.09058,47.11634
71,Saône-et-Loire,1,56,4.11655,47.12321
71,Saône-et-Loire,1,57,4.13298,47.12683
71,Saône-et-Loire,1,58,4.15047,47.11309
71,Saône-et-Loire,1,59,4.18492,47.13045
71,Saône-et-Loire,1,60,4.18174,47.15034
71,Saône-et-Loire,1,61,4.20983,47.1554
71,Saône-et-Loire,1,62,4.2517,47.13153
71,Saône-et-Loire,1,63,4.25965,47.11381
71,Saône-et-Loire,1,64,4.3047,47.10441
71,Saône-et-Loire,1,65,4.3402,47.10332
71,Saône-et-Loire,1,66,4.34391,47.07258
71,Saône-et-Loire,1,67,4.39956,47.08343
71,Saône-et-Loire,1,68,4.40645,47.04943
71,Saône-et-Loire,1,69,4.43613,47.03931
71,Saône-et-Loire,1,70,4.45892,47.04039
71,Saône-et-Loire,1,71,4.49125,47.02954
71,Saône-et-Loire,1,72,4.50662,47.01291
71,Saône-et-Loire,1,73,4.53471,47.01327
71,Saône-et-Loire,1,74,4.55697,47.00531
71,Saône-et-Loire,1,75,4.57393,46.97276
71,Saône-et-Loire,1,76,4.61473,46.94166
71,Saône-et-Loire,1,77,4.64971,46.9413
71,Saône-et-Loire,1,78,4.67939,46.92828
71,Saône-et-Loire,1,79,4.66402,46.91345
71,Saône-et-Loire,1,80,4.68734,46.89971
71,Saône-et-Loire,1,81,4.71755,46.90803
71,Saône-et-Loire,1,82,4.72815,46.91924
71,Saône-et-Loire,1,83,4.77956,46.91851
71,Saône-et-Loire,1,84,4.79069,46.93117
71,Saône-et-Loire,1,85,4.88662,46.95323
71,Saône-et-Loire,1,86,4.89615,46.96625
71,Saône-et-Loire,1,87,4.94809,46.96625
71,Saône-et-Loire,1,88,4.98784,46.95974
71,Saône-et-Loire,1,89,5.00321,46.97204
71,Saône-et-Loire,1,90,5.04932,46.98144
71,Saône-et-Loire,1,91,5.06575,46.96698
71,Saône-et-Loire,1,92,5.0949,46.95794
71,Saône-et-Loire,1,93,5.15373,46.96698
71,Saône-et-Loire,1,94,5.16592,46.96372
71,Saône-et-Loire,1,95,5.20513,46.98542
71,Saône-et-Loire,1,96,5.22209,46.98904
71,Saône-et-Loire,1,97,5.25548,46.98
71,Saône-et-Loire,1,98,5.26979,46.92792
71,Saône-et-Loire,1,99,5.2894,46.94166
71,Saône-et-Loire,1,100,5.30742,46.9319
71,Saône-et-Loire,1,101,5.31219,46.90983
71,Saône-et-Loire,1,102,5.33286,46.88633
71,Saône-et-Loire,1,103,5.36678,46.8838
71,Saône-et-Loire,1,104,5.39169,46.89392
71,Saône-et-Loire,1,105,5.40441,46.86861
71,Saône-et-Loire,1,106,5.44416,46.85161
71,Saône-et-Loire,1,107,5.46323,46.82846
71,Saône-et-Loire,1,108,5.40971,46.83316
71,Saône-et-Loire,1,109,5.37526,46.82702
71,Saône-et-Loire,1,110,5.33021,46.8111
71,Saône-et-Loire,1,111,5.33975,46.79085
71,Saône-et-Loire,1,112,5.35671,46.7894
71,Saône-et-Loire,1,113,5.3901,46.7706
71,Saône-et-Loire,1,114,5.36678,46.75215
71,Saône-et-Loire,1,115,5.36095,46.73118
71,Saône-et-Loire,1,116,5.39381,46.72864
71,Saône-et-Loire,1,117,5.3954,46.68488
71,Saône-et-Loire,1,118,5.42137,46.67331
71,Saône-et-Loire,1,119,5.41554,46.65523
71,Saône-et-Loire,1,120,5.44151,46.63714
71,Saône-et-Loire,1,121,5.41925,46.61653
71,Saône-et-Loire,1,122,5.40547,46.58181
71,Saône-et-Loire,1,123,5.36201,46.57747
71,Saône-et-Loire,1,124,5.35989,46.52431
71,Saône-et-Loire,1,125,5.41766,46.49935
71,Saône-et-Loire,1,126,5.41501,46.47295
71,Saône-et-Loire,1,127,5.37261,46.45993
71,Saône-et-Loire,1,128,5.32332,46.46246
71,Saône-et-Loire,1,129,5.3106,46.44691
71,Saône-et-Loire,1,130,5.2735,46.44836
71,Saône-et-Loire,1,131,5.21467,46.46861
71,Saône-et-Loire,1,132,5.19983,46.50767
71,Saône-et-Loire,1,133,5.16592,46.5178
71,Saône-et-Loire,1,134,5.1161,46.49574
71,Saône-et-Loire,1,135,5.05621,46.4838
71,Saône-et-Loire,1,136,4.98466,46.51527
71,Saône-et-Loire,1,137,4.9518,46.50008
71,Saône-et-Loire,1,138,4.9359,46.51418
71,Saône-et-Loire,1,139,4.91523,46.48886
71,Saône-et-Loire,1,140,4.91205,46.45921
71,Saône-et-Loire,1,141,4.89244,46.44257
71,Saône-et-Loire,1,142,4.88927,46.40568
71,Saône-et-Loire,1,143,4.85164,46.3565
71,Saône-et-Loire,1,144,4.85164,46.32648
71,Saône-et-Loire,1,145,4.83309,46.29972
71,Saône-et-Loire,1,146,4.82461,46.27259
71,Saône-et-Loire,1,147,4.81136,46.26102
71,Saône-et-Loire,1,148,4.80924,46.24185
71,Saône-et-Loire,1,149,4.79546,46.22015
71,Saône-et-Loire,1,150,4.78062,46.17675
71,Saône-et-Loire,1,151,4.73239,46.17784
71,Saône-et-Loire,1,152,4.7202,46.19411
71,Saône-et-Loire,1,153,4.73557,46.21184
71,Saône-et-Loire,1,154,4.73663,46.23245
71,Saône-et-Loire,1,155,4.67939,46.25994
71,Saône-et-Loire,1,156,4.70748,46.2697
71,Saône-et-Loire,1,157,4.6937,46.30261
71,Saône-et-Loire,1,158,4.66084,46.29755
71,Saône-et-Loire,1,159,4.64547,46.30189
71,Saône-et-Loire,1,160,4.61738,46.28236
71,Saône-et-Loire,1,161,4.61473,46.26608
71,Saône-et-Loire,1,162,4.58824,46.26825
71,Saône-et-Loire,1,163,4.5575,46.29465
71,Saône-et-Loire,1,164,4.53736,46.27006
71,Saône-et-Loire,1,165,4.50397,46.26717
71,Saône-et-Loire,1,166,4.4886,46.28814
71,Saône-et-Loire,1,167,4.45839,46.29719
71,Saône-et-Loire,1,168,4.40592,46.2961
71,Saône-et-Loire,1,169,4.38525,46.24692
71,Saône-et-Loire,1,170,4.38737,46.22015
71,Saône-et-Loire,1,171,4.36511,46.20171
71,Saône-et-Loire,1,172,4.37094,46.18435
71,Saône-et-Loire,1,173,4.32696,46.18363
71,Saône-et-Loire,1,174,4.29675,46.17241
71,Saône-et-Loire,1,175,4.28085,46.15614
71,Saône-et-Loire,1,176,4.25329,46.15795
71,Saône-et-Loire,1,177,4.25541,46.1858
71,Saône-et-Loire,1,178,4.2199,46.18507
71,Saône-et-Loire,1,179,4.20029,46.19303
71,Saône-et-Loire,1,180,4.18863,46.17495
71,Saône-et-Loire,1,181,4.13298,46.17748
71,Saône-et-Loire,1,182,4.10383,46.19845
71,Saône-et-Loire,1,183,4.06037,46.18869
71,Saône-et-Loire,1,184,4.03123,46.17205
71,Saône-et-Loire,1,185,3.9883,46.16988
71,Saône-et-Loire,1,186,3.97293,46.20279
71,Saône-et-Loire,1,187,3.91357,46.20713
71,Saône-et-Loire,1,188,3.89025,46.21437
71,Saône-et-Loire,1,189,3.90933,46.25777
71,Saône-et-Loire,1,190,3.89979,46.27585
30,Gard,1,0,3.35815,43.91386
30,Gard,1,1,3.3555,43.94533
30,Gard,1,2,3.39048,43.96703
30,Gard,1,3,3.40585,43.96992
30,Gard,1,4,3.42334,43.99487
30,Gard,1,5,3.4403,43.99813
30,Gard,1,6,3.45196,44.02164
30,Gard,1,7,3.42175,44.03791
30,Gard,1,8,3.36769,44.05816
30,Gard,1,9,3.34119,44.05672
30,Gard,1,10,3.329,44.07914
30,Gard,1,11,3.29349,44.06937
30,Gard,1,12,3.26328,44.09252
30,Gard,1,13,3.29667,44.10446
30,Gard,1,14,3.32423,44.10843
30,Gard,1,15,3.32052,44.13592
30,Gard,1,16,3.33483,44.1587
30,Gard,1,17,3.37405,44.171
30,Gard,1,18,3.38889,44.16919
30,Gard,1,19,3.43076,44.14822
30,Gard,1,20,3.43924,44.12941
30,Gard,1,21,3.48906,44.12398
30,Gard,1,22,3.50813,44.12615
30,Gard,1,23,3.54735,44.11458
30,Gard,1,24,3.57014,44.12254
30,Gard,1,25,3.60459,44.11603
30,Gard,1,26,3.63268,44.12109
30,Gard,1,27,3.64169,44.14894
30,Gard,1,28,3.63003,44.15798
30,Gard,1,29,3.63745,44.1757
30,Gard,1,30,3.65759,44.17317
30,Gard,1,31,3.67561,44.18402
30,Gard,1,32,3.70264,44.16702
30,Gard,1,33,3.72596,44.16413
30,Gard,1,34,3.76041,44.15111
30,Gard,1,35,3.79697,44.12724
30,Gard,1,36,3.82294,44.13664
30,Gard,1,37,3.87382,44.13013
30,Gard,1,38,3.91145,44.16015
30,Gard,1,39,3.92735,44.16124
30,Gard,1,40,3.92894,44.18185
30,Gard,1,41,3.96816,44.16558
30,Gard,1,42,3.96074,44.18836
30,Gard,1,43,3.94113,44.20029
30,Gard,1,44,3.95173,44.22055
30,Gard,1,45,3.95173,44.24803
30,Gard,1,46,3.97558,44.25997
30,Gard,1,47,3.93689,44.27443
30,Gard,1,48,3.9353,44.29541
30,Gard,1,49,3.92311,44.30518
30,Gard,1,50,3.95226,44.32796
30,Gard,1,51,3.92576,44.34604
30,Gard,1,52,3.90774,44.37498
30,Gard,1,53,3.90774,44.40246
30,Gard,1,54,3.94908,44.40355
30,Gard,1,55,3.97187,44.4361
30,Gard,1,56,3.99837,44.4596
30,Gard,1,57,4.04077,44.44188
30,Gard,1,58,4.04342,44.41837
30,Gard,1,59,4.06832,44.40499
30,Gard,1,60,4.04289,44.38619
30,Gard,1,61,4.05137,44.37498
30,Gard,1,62,4.05296,44.34026
30,Gard,1,63,4.03547,44.32977
30,Gard,1,64,4.0519,44.31711
30,Gard,1,65,4.07786,44.32868
30,Gard,1,66,4.12715,44.33772
30,Gard,1,67,4.14305,44.31313
30,Gard,1,68,4.17803,44.31747
30,Gard,1,69,4.18651,44.29975
30,Gard,1,70,4.2146,44.29107
30,Gard,1,71,4.23156,44.27624
30,Gard,1,72,4.25859,44.26539
30,Gard,1,73,4.27979,44.27986
30,Gard,1,74,4.29092,44.30879
30,Gard,1,75,4.32166,44.32398
30,Gard,1,76,4.3259,44.33845
30,Gard,1,77,4.36935,44.33953
30,Gard,1,78,4.3879,44.34713
30,Gard,1,79,4.40327,44.33375
30,Gard,1,80,4.3932,44.30843
30,Gard,1,81,4.40062,44.28818
30,Gard,1,82,4.44037,44.28348
30,Gard,1,83,4.44938,44.29686
30,Gard,1,84,4.45097,44.33411
30,Gard,1,85,4.4568,44.34134
30,Gard,1,86,4.50291,44.33953
30,Gard,1,87,4.54478,44.32073
30,Gard,1,88,4.56121,44.30156
30,Gard,1,89,4.63858,44.28239
30,Gard,1,90,4.64971,44.27046
30,Gard,1,91,4.65395,44.25454
30,Gard,1,92,4.67356,44.23972
30,Gard,1,93,4.68098,44.21223
30,Gard,1,94,4.70218,44.21585
30,Gard,1,95,4.70483,44.19632
30,Gard,1,96,4.72232,44.18727
30,Gard,1,97,4.71914,44.14677
30,Gard,1,98,4.70589,44.10771
30,Gard,1,99,4.73027,44.07914
30,Gard,1,100,4.752,44.08818
30,Gard,1,101,4.76207,44.07516
30,Gard,1,102,4.78486,44.06757
30,Gard,1,103,4.78963,44.05165
30,Gard,1,104,4.81666,44.0314
30,Gard,1,105,4.81984,44.0173
30,Gard,1,106,4.84263,44.01115
30,Gard,1,107,4.84422,43.98945
30,Gard,1,108,4.81295,43.98764
30,Gard,1,109,4.81454,43.96522
30,Gard,1,110,4.77744,43.93701
30,Gard,1,111,4.73928,43.92399
30,Gard,1,112,4.72338,43.90591
30,Gard,1,113,4.68681,43.88276
30,Gard,1,114,4.64229,43.86757
30,Gard,1,115,4.66561,43.84406
30,Gard,1,116,4.64229,43.83032
30,Gard,1,117,4.65501,43.80717
30,Gard,1,118,4.6513,43.78294
30,Gard,1,119,4.63063,43.76269
30,Gard,1,120,4.61208,43.71965
30,Gard,1,121,4.62745,43.68529
30,Gard,1,122,4.59301,43.68746
30,Gard,1,123,4.58241,43.69614
30,Gard,1,124,4.54531,43.70518
30,Gard,1,125,4.48595,43.69904
30,Gard,1,126,4.4727,43.67047
30,Gard,1,127,4.4515,43.66468
30,Gard,1,128,4.42606,43.6249
30,Gard,1,129,4.44461,43.61007
30,Gard,1,130,4.47429,43.60464
30,Gard,1,131,4.45468,43.58511
30,Gard,1,132,4.42447,43.58511
30,Gard,1,133,4.41493,43.56595
30,Gard,1,134,4.3508,43.54678
30,Gard,1,135,4.29675,43.51459
30,Gard,1,136,4.23951,43.49904
30,Gard,1,137,4.22997,43.46034
30,Gard,1,138,4.18969,43.46685
30,Gard,1,139,4.13457,43.48385
30,Gard,1,140,4.11019,43.50917
30,Gard,1,141,4.13563,43.51025
30,Gard,1,142,4.13881,43.53087
30,Gard,1,143,4.10118,43.55474
30,Gard,1,144,4.10913,43.56848
30,Gard,1,145,4.09853,43.58511
30,Gard,1,146,4.15047,43.58548
30,Gard,1,147,4.19022,43.63792
30,Gard,1,148,4.19446,43.65419
30,Gard,1,149,4.16319,43.68674
30,Gard,1,150,4.16372,43.70663
30,Gard,1,151,4.14252,43.73737
30,Gard,1,152,4.11602,43.73701
30,Gard,1,153,4.08952,43.7645
30,Gard,1,154,4.05137,43.77498
30,Gard,1,155,4.05349,43.78511
30,Gard,1,156,4.00102,43.81296
30,Gard,1,157,3.96127,43.80573
30,Gard,1,158,3.9777,43.83249
30,Gard,1,159,3.95809,43.85419
30,Gard,1,160,3.92205,43.85853
30,Gard,1,161,3.91834,43.88312
30,Gard,1,162,3.86269,43.87697
30,Gard,1,163,3.83089,43.86648
30,Gard,1,164,3.80386,43.87914
30,Gard,1,165,3.79962,43.89108
30,Gard,1,166,3.82718,43.92616
30,Gard,1,167,3.82029,43.94243
30,Gard,1,168,3.79644,43.94352
30,Gard,1,169,3.78743,43.96666
30,Gard,1,170,3.73709,43.96883
30,Gard,1,171,3.70688,43.96124
30,Gard,1,172,3.68833,43.94967
30,Gard,1,173,3.66872,43.91061
30,Gard,1,174,3.62367,43.91675
30,Gard,1,175,3.57491,43.8654
30,Gard,1,176,3.60035,43.84949
30,Gard,1,177,3.52986,43.85455
30,Gard,1,178,3.5235,43.88565
30,Gard,1,179,3.50654,43.8965
30,Gard,1,180,3.47952,43.88818
30,Gard,1,181,3.46256,43.87155
30,Gard,1,182,3.43182,43.86287
30,Gard,1,183,3.42228,43.87263
30,Gard,1,184,3.43765,43.89578
30,Gard,1,185,3.41645,43.91422
30,Gard,1,186,3.35815,43.91386
24,Dordogne,1,0,-0.04062,45.10263
24,Dordogne,1,1,-0.02896,45.12867
24,Dordogne,1,2,-0.03691,45.1406
24,Dordogne,1,3,0.00337,45.15218
24,Dordogne,1,4,-0.01677,45.17026
24,Dordogne,1,5,0.00443,45.1916
24,Dordogne,1,6,0.00867,45.20281
24,Dordogne,1,7,0.03464,45.20896
24,Dordogne,1,8,0.04789,45.22342
24,Dordogne,1,9,0.08022,45.22125
24,Dordogne,1,10,0.09877,45.2274
24,Dordogne,1,11,0.13004,45.20823
24,Dordogne,1,12,0.1719,45.23898
24,Dordogne,1,13,0.17455,45.2614
24,Dordogne,1,14,0.20423,45.26357
24,Dordogne,1,15,0.22119,45.29033
24,Dordogne,1,16,0.25246,45.28961
24,Dordogne,1,17,0.26942,45.31529
24,Dordogne,1,18,0.25087,45.3746
24,Dordogne,1,19,0.27048,45.42089
24,Dordogne,1,20,0.30122,45.44657
24,Dordogne,1,21,0.30758,45.46103
24,Dordogne,1,22,0.33249,45.45923
24,Dordogne,1,23,0.37277,45.4755
24,Dordogne,1,24,0.38178,45.48635
24,Dordogne,1,25,0.43318,45.5019
24,Dordogne,1,26,0.46498,45.53445
24,Dordogne,1,27,0.49413,45.54349
24,Dordogne,1,28,0.4989,45.56483
24,Dordogne,1,29,0.51639,45.58834
24,Dordogne,1,30,0.49996,45.61691
24,Dordogne,1,31,0.52911,45.64403
24,Dordogne,1,32,0.54713,45.63391
24,Dordogne,1,33,0.60013,45.67188
24,Dordogne,1,34,0.60331,45.69322
24,Dordogne,1,35,0.62928,45.71492
24,Dordogne,1,36,0.64253,45.6972
24,Dordogne,1,37,0.6685,45.68598
24,Dordogne,1,38,0.72043,45.69575
24,Dordogne,1,39,0.73845,45.69032
24,Dordogne,1,40,0.77714,45.66501
24,Dordogne,1,41,0.76389,45.62957
24,Dordogne,1,42,0.75223,45.61727
24,Dordogne,1,43,0.78032,45.59087
24,Dordogne,1,44,0.80682,45.59485
24,Dordogne,1,45,0.81106,45.57604
24,Dordogne,1,46,0.84127,45.58183
24,Dordogne,1,47,0.86936,45.62342
24,Dordogne,1,48,0.89374,45.601
24,Dordogne,1,49,0.94462,45.61184
24,Dordogne,1,50,0.98013,45.60317
24,Dordogne,1,51,1.00291,45.61148
24,Dordogne,1,52,1.03577,45.60027
24,Dordogne,1,53,1.03471,45.57423
24,Dordogne,1,54,1.05008,45.55687
24,Dordogne,1,55,1.07393,45.54638
24,Dordogne,1,56,1.08559,45.5312
24,Dordogne,1,57,1.11315,45.54638
24,Dordogne,1,58,1.16244,45.52794
24,Dordogne,1,59,1.12004,45.4878
24,Dordogne,1,60,1.137,45.47188
24,Dordogne,1,61,1.15979,45.47839
24,Dordogne,1,62,1.18523,45.45525
24,Dordogne,1,63,1.20643,45.46248
24,Dordogne,1,64,1.25307,45.4444
24,Dordogne,1,65,1.28963,45.43174
24,Dordogne,1,66,1.29016,45.418
24,Dordogne,1,67,1.25784,45.41583
24,Dordogne,1,68,1.25678,45.40208
24,Dordogne,1,69,1.28115,45.384
24,Dordogne,1,70,1.29599,45.39449
24,Dordogne,1,71,1.32355,45.38328
24,Dordogne,1,72,1.3156,45.36085
24,Dordogne,1,73,1.2891,45.35398
24,Dordogne,1,74,1.25943,45.32035
24,Dordogne,1,75,1.23558,45.32216
24,Dordogne,1,76,1.23929,45.29467
24,Dordogne,1,77,1.22922,45.27406
24,Dordogne,1,78,1.27744,45.24223
24,Dordogne,1,79,1.25625,45.2274
24,Dordogne,1,80,1.23346,45.22234
24,Dordogne,1,81,1.23876,45.19811
24,Dordogne,1,82,1.27638,45.19811
24,Dordogne,1,83,1.28168,45.17424
24,Dordogne,1,84,1.25466,45.15869
24,Dordogne,1,85,1.30818,45.1359
24,Dordogne,1,86,1.35217,45.14133
24,Dordogne,1,87,1.41312,45.12505
24,Dordogne,1,88,1.39351,45.09721
24,Dordogne,1,89,1.40994,45.05851
24,Dordogne,1,90,1.4481,45.01945
24,Dordogne,1,91,1.41365,44.9992
24,Dordogne,1,92,1.41736,44.9605
24,Dordogne,1,93,1.43644,44.94097
24,Dordogne,1,94,1.43803,44.92614
24,Dordogne,1,95,1.41312,44.90878
24,Dordogne,1,96,1.43962,44.88889
24,Dordogne,1,97,1.43909,44.87442
24,Dordogne,1,98,1.40517,44.86321
24,Dordogne,1,99,1.40305,44.84947
24,Dordogne,1,100,1.37019,44.84694
24,Dordogne,1,101,1.36012,44.8256
24,Dordogne,1,102,1.36383,44.8115
24,Dordogne,1,103,1.30076,44.79739
24,Dordogne,1,104,1.30182,44.77678
24,Dordogne,1,105,1.32143,44.7652
24,Dordogne,1,106,1.3156,44.74061
24,Dordogne,1,107,1.29599,44.72506
24,Dordogne,1,108,1.27426,44.72217
24,Dordogne,1,109,1.22498,44.68564
24,Dordogne,1,110,1.18152,44.68311
24,Dordogne,1,111,1.14866,44.67045
24,Dordogne,1,112,1.15078,44.63356
24,Dordogne,1,113,1.11103,44.60716
24,Dordogne,1,114,1.07499,44.5775
24,Dordogne,1,115,1.0734,44.59522
24,Dordogne,1,116,1.01245,44.61584
24,Dordogne,1,117,0.9796,44.64405
24,Dordogne,1,118,0.94674,44.64116
24,Dordogne,1,119,0.89692,44.61584
24,Dordogne,1,120,0.87413,44.61041
24,Dordogne,1,121,0.86989,44.59739
24,Dordogne,1,122,0.84445,44.60137
24,Dordogne,1,123,0.83703,44.6162
24,Dordogne,1,124,0.83491,44.65345
24,Dordogne,1,125,0.81901,44.69577
24,Dordogne,1,126,0.79728,44.70191
24,Dordogne,1,127,0.77979,44.68347
24,Dordogne,1,128,0.76283,44.68998
24,Dordogne,1,129,0.72944,44.67587
24,Dordogne,1,130,0.65737,44.67768
24,Dordogne,1,131,0.65578,44.6954
24,Dordogne,1,132,0.62981,44.70517
24,Dordogne,1,133,0.60967,44.69504
24,Dordogne,1,134,0.5837,44.69757
24,Dordogne,1,135,0.57151,44.67587
24,Dordogne,1,136,0.55402,44.66828
24,Dordogne,1,137,0.5148,44.67841
24,Dordogne,1,138,0.48989,44.66647
24,Dordogne,1,139,0.47081,44.66973
24,Dordogne,1,140,0.45226,44.65562
24,Dordogne,1,141,0.41676,44.64513
24,Dordogne,1,142,0.34945,44.67045
24,Dordogne,1,143,0.35952,44.69143
24,Dordogne,1,144,0.34097,44.70228
24,Dordogne,1,145,0.3468,44.72217
24,Dordogne,1,146,0.32295,44.74712
24,Dordogne,1,147,0.29698,44.76231
24,Dordogne,1,148,0.27366,44.78365
24,Dordogne,1,149,0.26359,44.82632
24,Dordogne,1,150,0.28744,44.82488
24,Dordogne,1,151,0.315,44.84549
24,Dordogne,1,152,0.27631,44.86755
24,Dordogne,1,153,0.25564,44.86755
24,Dordogne,1,154,0.22649,44.84694
24,Dordogne,1,155,0.20688,44.83971
24,Dordogne,1,156,0.1931,44.82126
24,Dordogne,1,157,0.17349,44.82705
24,Dordogne,1,158,0.10354,44.8332
24,Dordogne,1,159,0.06273,44.82596
24,Dordogne,1,160,0.03835,44.82849
24,Dordogne,1,161,0.02563,44.8473
24,Dordogne,1,162,-0.02154,44.85056
24,Dordogne,1,163,0.03464,44.91565
24,Dordogne,1,164,0.00549,44.95001
24,Dordogne,1,165,0.0092,44.96303
24,Dordogne,1,166,0.03994,44.99377
24,Dordogne,1,167,0.03623,45.01077
24,Dordogne,1,168,0.07333,45.07008
24,Dordogne,1,169,0.0516,45.10842
24,Dordogne,1,170,0.04153,45.11529
24,Dordogne,1,171,-0.00352,45.11963
24,Dordogne,1,172,-0.04062,45.10263
34,Hérault,1,0,2.56583,43.42273
34,Hérault,1,1,2.58385,43.42526
34,Hérault,1,2,2.66652,43.46794
34,Hérault,1,3,2.65646,43.4824
34,Hérault,1,4,2.65858,43.51712
34,Hérault,1,5,2.66864,43.52182
34,Hérault,1,6,2.63049,43.54859
34,Hérault,1,7,2.61565,43.56667
34,Hérault,1,8,2.63155,43.58403
34,Hérault,1,9,2.61989,43.60501
34,Hérault,1,10,2.65434,43.64913
34,Hérault,1,11,2.68613,43.65094
34,Hérault,1,12,2.71846,43.64515
34,Hérault,1,13,2.7545,43.61405
34,Hérault,1,14,2.79478,43.62454
34,Hérault,1,15,2.81545,43.64009
34,Hérault,1,16,2.87428,43.6466
34,Hérault,1,17,2.88117,43.65708
34,Hérault,1,18,2.90767,43.65419
34,Hérault,1,19,2.9188,43.66613
34,Hérault,1,20,2.9188,43.68746
34,Hérault,1,21,2.93523,43.6947
34,Hérault,1,22,2.98557,43.7088
34,Hérault,1,23,3.03433,43.69253
34,Hérault,1,24,3.06083,43.69289
34,Hérault,1,25,3.05235,43.74569
34,Hérault,1,26,3.07567,43.76884
34,Hérault,1,27,3.05659,43.78258
34,Hérault,1,28,3.04864,43.80139
34,Hérault,1,29,3.06454,43.83538
34,Hérault,1,30,3.08945,43.83466
34,Hérault,1,31,3.12655,43.81766
34,Hérault,1,32,3.20446,43.81332
34,Hérault,1,33,3.24897,43.8296
34,Hérault,1,34,3.23413,43.8578
34,Hérault,1,35,3.26487,43.89542
34,Hérault,1,36,3.32847,43.89252
34,Hérault,1,37,3.35815,43.91386
34,Hérault,1,38,3.41645,43.91422
34,Hérault,1,39,3.43765,43.89578
34,Hérault,1,40,3.42228,43.87263
34,Hérault,1,41,3.43182,43.86287
34,Hérault,1,42,3.46256,43.87155
34,Hérault,1,43,3.47952,43.88818
34,Hérault,1,44,3.50654,43.8965
34,Hérault,1,45,3.5235,43.88565
34,Hérault,1,46,3.52986,43.85455
34,Hérault,1,47,3.60035,43.84949
34,Hérault,1,48,3.57491,43.8654
34,Hérault,1,49,3.62367,43.91675
34,Hérault,1,50,3.66872,43.91061
34,Hérault,1,51,3.68833,43.94967
34,Hérault,1,52,3.70688,43.96124
34,Hérault,1,53,3.73709,43.96883
34,Hérault,1,54,3.78743,43.96666
34,Hérault,1,55,3.79644,43.94352
34,Hérault,1,56,3.82029,43.94243
34,Hérault,1,57,3.82718,43.92616
34,Hérault,1,58,3.79962,43.89108
34,Hérault,1,59,3.80386,43.87914
34,Hérault,1,60,3.83089,43.86648
34,Hérault,1,61,3.86269,43.87697
34,Hérault,1,62,3.91834,43.88312
34,Hérault,1,63,3.92205,43.85853
34,Hérault,1,64,3.95809,43.85419
34,Hérault,1,65,3.9777,43.83249
34,Hérault,1,66,3.96127,43.80573
34,Hérault,1,67,4.00102,43.81296
34,Hérault,1,68,4.05349,43.78511
34,Hérault,1,69,4.05137,43.77498
34,Hérault,1,70,4.08952,43.7645
34,Hérault,1,71,4.11602,43.73701
34,Hérault,1,72,4.14252,43.73737
34,Hérault,1,73,4.16372,43.70663
34,Hérault,1,74,4.16319,43.68674
34,Hérault,1,75,4.19446,43.65419
34,Hérault,1,76,4.19022,43.63792
34,Hérault,1,77,4.15047,43.58548
34,Hérault,1,78,4.09853,43.58511
34,Hérault,1,79,4.10913,43.56848
34,Hérault,1,80,4.10118,43.55474
34,Hérault,1,81,4.05613,43.55763
34,Hérault,1,82,4.00632,43.55184
34,Hérault,1,83,3.90721,43.51712
34,Hérault,1,84,3.85474,43.48855
34,Hérault,1,85,3.79909,43.44226
34,Hérault,1,86,3.7249,43.41333
34,Hérault,1,87,3.69204,43.39235
34,Hérault,1,88,3.64699,43.38656
34,Hérault,1,89,3.60247,43.35582
34,Hérault,1,90,3.55583,43.31785
34,Hérault,1,91,3.5235,43.28458
34,Hérault,1,92,3.48323,43.27373
34,Hérault,1,93,3.42917,43.28928
34,Hérault,1,94,3.3873,43.28458
34,Hérault,1,95,3.32688,43.26143
34,Hérault,1,96,3.2813,43.23973
34,Hérault,1,97,3.23996,43.21261
34,Hérault,1,98,3.19492,43.25022
34,Hérault,1,99,3.15093,43.24516
34,Hérault,1,100,3.14139,43.25962
34,Hérault,1,101,3.11118,43.25311
34,Hérault,1,102,3.07832,43.26215
34,Hérault,1,103,3.05447,43.27988
34,Hérault,1,104,3.01896,43.27879
34,Hérault,1,105,3.00465,43.28494
34,Hérault,1,106,3.00412,43.31966
34,Hérault,1,107,2.94582,43.3117
34,Hérault,1,108,2.92145,43.32617
34,Hérault,1,109,2.88541,43.33123
34,Hérault,1,110,2.89018,43.36559
34,Hérault,1,111,2.86845,43.38222
34,Hérault,1,112,2.85573,43.37354
34,Hérault,1,113,2.86951,43.35582
34,Hérault,1,114,2.86845,43.32978
34,Hérault,1,115,2.83877,43.32183
34,Hérault,1,116,2.78683,43.28711
34,Hérault,1,117,2.77252,43.25781
34,Hérault,1,118,2.75238,43.25492
34,Hérault,1,119,2.73595,43.2683
34,Hérault,1,120,2.70309,43.27662
34,Hérault,1,121,2.70733,43.29434
34,Hérault,1,122,2.69143,43.3211
34,Hérault,1,123,2.67765,43.30591
34,Hérault,1,124,2.65328,43.29398
34,Hérault,1,125,2.60134,43.29832
34,Hérault,1,126,2.58597,43.3334
34,Hérault,1,127,2.53933,43.34606
34,Hérault,1,128,2.55311,43.36414
34,Hérault,1,129,2.55947,43.39307
34,Hérault,1,130,2.59286,43.40356
34,Hérault,1,131,2.56583,43.42273
12,Aveyron,1,0,1.88215,44.34026
12,Aveyron,1,1,1.9113,44.35653
12,Aveyron,1,2,1.86731,44.39812
12,Aveyron,1,3,1.87314,44.4238
12,Aveyron,1,4,1.84929,44.4361
12,Aveyron,1,5,1.85247,44.46394
12,Aveyron,1,6,1.83975,44.47588
12,Aveyron,1,7,1.85883,44.48745
12,Aveyron,1,8,1.88215,44.48383
12,Aveyron,1,9,1.906,44.49975
12,Aveyron,1,10,1.95794,44.51928
12,Aveyron,1,11,1.98762,44.5511
12,Aveyron,1,12,2.0279,44.55797
12,Aveyron,1,13,2.04433,44.57533
12,Aveyron,1,14,2.06765,44.57533
12,Aveyron,1,15,2.08355,44.58727
12,Aveyron,1,16,2.10368,44.57136
12,Aveyron,1,17,2.12382,44.57606
12,Aveyron,1,18,2.15403,44.57172
12,Aveyron,1,19,2.16887,44.59161
12,Aveyron,1,20,2.20014,44.59486
12,Aveyron,1,21,2.20756,44.61584
12,Aveyron,1,22,2.21816,44.62488
12,Aveyron,1,23,2.20862,44.64369
12,Aveyron,1,24,2.2277,44.65454
12,Aveyron,1,25,2.25102,44.65201
12,Aveyron,1,26,2.28282,44.66539
12,Aveyron,1,27,2.32681,44.67009
12,Aveyron,1,28,2.33529,44.64767
12,Aveyron,1,29,2.34907,44.64079
12,Aveyron,1,30,2.37769,44.64911
12,Aveyron,1,31,2.43015,44.64043
12,Aveyron,1,32,2.4487,44.64875
12,Aveyron,1,33,2.46778,44.64296
12,Aveyron,1,34,2.48951,44.65743
12,Aveyron,1,35,2.50329,44.69143
12,Aveyron,1,36,2.55364,44.72542
12,Aveyron,1,37,2.55364,44.75725
12,Aveyron,1,38,2.56212,44.7775
12,Aveyron,1,39,2.60028,44.79377
12,Aveyron,1,40,2.59657,44.82018
12,Aveyron,1,41,2.6289,44.87262
12,Aveyron,1,42,2.65646,44.87225
12,Aveyron,1,43,2.65805,44.88455
12,Aveyron,1,44,2.68189,44.90734
12,Aveyron,1,45,2.70839,44.90842
12,Aveyron,1,46,2.71369,44.92723
12,Aveyron,1,47,2.7386,44.94133
12,Aveyron,1,48,2.76033,44.92903
12,Aveyron,1,49,2.7757,44.90951
12,Aveyron,1,50,2.77835,44.88744
12,Aveyron,1,51,2.76775,44.86683
12,Aveyron,1,52,2.781,44.85707
12,Aveyron,1,53,2.80591,44.87189
12,Aveyron,1,54,2.84884,44.87153
12,Aveyron,1,55,2.8552,44.85128
12,Aveyron,1,56,2.88859,44.78907
12,Aveyron,1,57,2.92039,44.79414
12,Aveyron,1,58,2.93629,44.77678
12,Aveyron,1,59,2.92781,44.75725
12,Aveyron,1,60,2.9347,44.74387
12,Aveyron,1,61,2.92569,44.72723
12,Aveyron,1,62,2.93946,44.67768
12,Aveyron,1,63,2.98186,44.64477
12,Aveyron,1,64,3.0126,44.62199
12,Aveyron,1,65,3.03168,44.59776
12,Aveyron,1,66,3.07567,44.5728
12,Aveyron,1,67,3.08415,44.55978
12,Aveyron,1,68,3.07461,44.5323
12,Aveyron,1,69,3.07461,44.49577
12,Aveyron,1,70,3.11754,44.47371
12,Aveyron,1,71,3.13556,44.4549
12,Aveyron,1,72,3.14192,44.4285
12,Aveyron,1,73,3.12655,44.41403
12,Aveyron,1,74,3.1398,44.39306
12,Aveyron,1,75,3.12072,44.38076
12,Aveyron,1,76,3.13344,44.33628
12,Aveyron,1,77,3.14616,44.33266
12,Aveyron,1,78,3.15411,44.30915
12,Aveyron,1,79,3.12443,44.28348
12,Aveyron,1,80,3.12072,44.26431
12,Aveyron,1,81,3.23042,44.23031
12,Aveyron,1,82,3.20711,44.19017
12,Aveyron,1,83,3.23943,44.19089
12,Aveyron,1,84,3.29243,44.20644
12,Aveyron,1,85,3.34543,44.20066
12,Aveyron,1,86,3.37458,44.17932
12,Aveyron,1,87,3.37405,44.171
12,Aveyron,1,88,3.33483,44.1587
12,Aveyron,1,89,3.32052,44.13592
12,Aveyron,1,90,3.32423,44.10843
12,Aveyron,1,91,3.29667,44.10446
12,Aveyron,1,92,3.26328,44.09252
12,Aveyron,1,93,3.29349,44.06937
12,Aveyron,1,94,3.329,44.07914
12,Aveyron,1,95,3.34119,44.05672
12,Aveyron,1,96,3.36769,44.05816
12,Aveyron,1,97,3.42175,44.03791
12,Aveyron,1,98,3.45196,44.02164
12,Aveyron,1,99,3.4403,43.99813
12,Aveyron,1,100,3.42334,43.99487
12,Aveyron,1,101,3.40585,43.96992
12,Aveyron,1,102,3.39048,43.96703
12,Aveyron,1,103,3.3555,43.94533
12,Aveyron,1,104,3.35815,43.91386
12,Aveyron,1,105,3.32847,43.89252
12,Aveyron,1,106,3.26487,43.89542
12,Aveyron,1,107,3.23413,43.8578
12,Aveyron,1,108,3.24897,43.8296
12,Aveyron,1,109,3.20446,43.81332
12,Aveyron,1,110,3.12655,43.81766
12,Aveyron,1,111,3.08945,43.83466
12,Aveyron,1,112,3.06454,43.83538
12,Aveyron,1,113,3.04864,43.80139
12,Aveyron,1,114,3.05659,43.78258
12,Aveyron,1,115,3.07567,43.76884
12,Aveyron,1,116,3.05235,43.74569
12,Aveyron,1,117,3.06083,43.69289
12,Aveyron,1,118,3.03433,43.69253
12,Aveyron,1,119,2.98557,43.7088
12,Aveyron,1,120,2.93523,43.6947
12,Aveyron,1,121,2.92516,43.70627
12,Aveyron,1,122,2.92092,43.73629
12,Aveyron,1,123,2.9029,43.74207
12,Aveyron,1,124,2.86951,43.74135
12,Aveyron,1,125,2.83877,43.75003
12,Aveyron,1,126,2.82287,43.76233
12,Aveyron,1,127,2.78789,43.75256
12,Aveyron,1,128,2.781,43.73701
12,Aveyron,1,129,2.74072,43.72905
12,Aveyron,1,130,2.70945,43.74316
12,Aveyron,1,131,2.68189,43.74388
12,Aveyron,1,132,2.62625,43.7833
12,Aveyron,1,133,2.59763,43.81875
12,Aveyron,1,134,2.58809,43.81947
12,Aveyron,1,135,2.56159,43.84587
12,Aveyron,1,136,2.56371,43.86504
12,Aveyron,1,137,2.57855,43.88059
12,Aveyron,1,138,2.55099,43.89289
12,Aveyron,1,139,2.55523,43.92109
12,Aveyron,1,140,2.50912,43.94424
12,Aveyron,1,141,2.52502,43.97751
12,Aveyron,1,142,2.49375,43.99668
12,Aveyron,1,143,2.49534,44.01151
12,Aveyron,1,144,2.46672,44.03249
12,Aveyron,1,145,2.45983,44.05165
12,Aveyron,1,146,2.41001,44.05563
12,Aveyron,1,147,2.4116,44.0701
12,Aveyron,1,148,2.38934,44.09361
12,Aveyron,1,149,2.35755,44.10192
12,Aveyron,1,150,2.33211,44.12326
12,Aveyron,1,151,2.30031,44.12073
12,Aveyron,1,152,2.28494,44.14532
12,Aveyron,1,153,2.24413,44.1352
12,Aveyron,1,154,2.18848,44.13737
12,Aveyron,1,155,2.23777,44.1587
12,Aveyron,1,156,2.20703,44.17136
12,Aveyron,1,157,2.19166,44.16196
12,Aveyron,1,158,2.15297,44.1974
12,Aveyron,1,159,2.13654,44.20066
12,Aveyron,1,160,2.09203,44.18836
12,Aveyron,1,161,2.05122,44.188
12,Aveyron,1,162,2.05864,44.17245
12,Aveyron,1,163,2.03426,44.16847
12,Aveyron,1,164,2.02101,44.15473
12,Aveyron,1,165,1.99027,44.14966
12,Aveyron,1,166,1.95476,44.18474
12,Aveyron,1,167,1.9113,44.18547
12,Aveyron,1,168,1.90865,44.21331
12,Aveyron,1,169,1.9431,44.24767
12,Aveyron,1,170,1.96218,44.24225
12,Aveyron,1,171,1.97066,44.27624
12,Aveyron,1,172,1.95794,44.28058
12,Aveyron,1,173,1.90176,44.27914
12,Aveyron,1,174,1.8689,44.29216
12,Aveyron,1,175,1.88003,44.30481
12,Aveyron,1,176,1.85936,44.32073
12,Aveyron,1,177,1.88215,44.34026
35,Ille-et-Vilaine,1,0,-2.28774,48.13368
35,Ille-et-Vilaine,1,1,-2.28297,48.14562
35,Ille-et-Vilaine,1,2,-2.257,48.14851
35,Ille-et-Vilaine,1,3,-2.22467,48.17057
35,Ille-et-Vilaine,1,4,-2.22043,48.1948
35,Ille-et-Vilaine,1,5,-2.22785,48.21108
35,Ille-et-Vilaine,1,6,-2.18386,48.21036
35,Ille-et-Vilaine,1,7,-2.1881,48.24001
35,Ille-et-Vilaine,1,8,-2.15206,48.26099
35,Ille-et-Vilaine,1,9,-2.10224,48.26388
35,Ille-et-Vilaine,1,10,-2.05296,48.29824
35,Ille-et-Vilaine,1,11,-2.01427,48.27979
35,Ille-et-Vilaine,1,12,-1.99731,48.29752
35,Ille-et-Vilaine,1,13,-1.9618,48.29896
35,Ille-et-Vilaine,1,14,-1.95491,48.31705
35,Ille-et-Vilaine,1,15,-1.9671,48.34308
35,Ille-et-Vilaine,1,16,-1.92894,48.34706
35,Ille-et-Vilaine,1,17,-1.94749,48.36695
35,Ille-et-Vilaine,1,18,-1.93,48.39444
35,Ille-et-Vilaine,1,19,-1.93636,48.41939
35,Ille-et-Vilaine,1,20,-1.95226,48.43024
35,Ille-et-Vilaine,1,21,-1.94855,48.44652
35,Ille-et-Vilaine,1,22,-1.93,48.45194
35,Ille-et-Vilaine,1,23,-1.92682,48.4769
35,Ille-et-Vilaine,1,24,-1.9088,48.4816
35,Ille-et-Vilaine,1,25,-1.92258,48.50511
35,Ille-et-Vilaine,1,26,-1.91092,48.51596
35,Ille-et-Vilaine,1,27,-1.93159,48.55104
35,Ille-et-Vilaine,1,28,-1.94643,48.54019
35,Ille-et-Vilaine,1,29,-1.98247,48.57635
35,Ille-et-Vilaine,1,30,-1.98141,48.59299
35,Ille-et-Vilaine,1,31,-2.00791,48.60565
35,Ille-et-Vilaine,1,32,-2.02858,48.64977
35,Ille-et-Vilaine,1,33,-1.99042,48.66351
35,Ille-et-Vilaine,1,34,-1.98141,48.6816
35,Ille-et-Vilaine,1,35,-1.90456,48.68991
35,Ille-et-Vilaine,1,36,-1.85845,48.70293
35,Ille-et-Vilaine,1,37,-1.83937,48.68232
35,Ille-et-Vilaine,1,38,-1.86269,48.66785
35,Ille-et-Vilaine,1,39,-1.87011,48.64362
35,Ille-et-Vilaine,1,40,-1.84573,48.6165
35,Ille-et-Vilaine,1,41,-1.76836,48.60239
35,Ille-et-Vilaine,1,42,-1.66501,48.60999
35,Ille-et-Vilaine,1,43,-1.57067,48.62626
35,Ille-et-Vilaine,1,44,-1.53728,48.59878
35,Ille-et-Vilaine,1,45,-1.54311,48.57997
35,Ille-et-Vilaine,1,46,-1.52244,48.57057
35,Ille-et-Vilaine,1,47,-1.5341,48.54923
35,Ille-et-Vilaine,1,48,-1.49542,48.50872
35,Ille-et-Vilaine,1,49,-1.49012,48.48919
35,Ille-et-Vilaine,1,50,-1.44931,48.48702
35,Ille-et-Vilaine,1,51,-1.44083,48.47183
35,Ille-et-Vilaine,1,52,-1.4191,48.46098
35,Ille-et-Vilaine,1,53,-1.37829,48.45737
35,Ille-et-Vilaine,1,54,-1.3449,48.47292
35,Ille-et-Vilaine,1,55,-1.34914,48.48232
35,Ille-et-Vilaine,1,56,-1.27918,48.50945
35,Ille-et-Vilaine,1,57,-1.27282,48.53404
35,Ille-et-Vilaine,1,58,-1.25162,48.5438
35,Ille-et-Vilaine,1,59,-1.23202,48.53766
35,Ille-et-Vilaine,1,60,-1.20446,48.54127
35,Ille-et-Vilaine,1,61,-1.19227,48.52861
35,Ille-et-Vilaine,1,62,-1.16683,48.53042
35,Ille-et-Vilaine,1,63,-1.14722,48.51777
35,Ille-et-Vilaine,1,64,-1.11701,48.52174
35,Ille-et-Vilaine,1,65,-1.06984,48.50872
35,Ille-et-Vilaine,1,66,-1.07726,48.49281
35,Ille-et-Vilaine,1,67,-1.06507,48.45158
35,Ille-et-Vilaine,1,68,-1.08097,48.44109
35,Ille-et-Vilaine,1,69,-1.08044,48.41686
35,Ille-et-Vilaine,1,70,-1.05288,48.38106
35,Ille-et-Vilaine,1,71,-1.06507,48.36732
35,Ille-et-Vilaine,1,72,-1.04493,48.32789
35,Ille-et-Vilaine,1,73,-1.09263,48.28269
35,Ille-et-Vilaine,1,74,-1.10005,48.25773
35,Ille-et-Vilaine,1,75,-1.08044,48.21976
35,Ille-et-Vilaine,1,76,-1.07302,48.16334
35,Ille-et-Vilaine,1,77,-1.06401,48.15936
35,Ille-et-Vilaine,1,78,-1.04917,48.08992
35,Ille-et-Vilaine,1,79,-1.0285,48.06316
35,Ille-et-Vilaine,1,80,-1.03433,48.03351
35,Ille-et-Vilaine,1,81,-1.01843,48.01289
35,Ille-et-Vilaine,1,82,-1.02108,47.99517
35,Ille-et-Vilaine,1,83,-1.06825,47.98324
35,Ille-et-Vilaine,1,84,-1.10906,47.98866
35,Ille-et-Vilaine,1,85,-1.12655,47.97383
35,Ille-et-Vilaine,1,86,-1.14881,47.96805
35,Ille-et-Vilaine,1,87,-1.17584,47.89752
35,Ille-et-Vilaine,1,88,-1.19704,47.8892
35,Ille-et-Vilaine,1,89,-1.18909,47.87076
35,Ille-et-Vilaine,1,90,-1.214,47.84472
35,Ille-et-Vilaine,1,91,-1.22036,47.82049
35,Ille-et-Vilaine,1,92,-1.23838,47.80964
35,Ille-et-Vilaine,1,93,-1.24632,47.77673
35,Ille-et-Vilaine,1,94,-1.34808,47.79662
35,Ille-et-Vilaine,1,95,-1.37776,47.81145
35,Ille-et-Vilaine,1,96,-1.38306,47.82447
35,Ille-et-Vilaine,1,97,-1.47051,47.83423
35,Ille-et-Vilaine,1,98,-1.46733,47.81
35,Ille-et-Vilaine,1,99,-1.50337,47.80132
35,Ille-et-Vilaine,1,100,-1.52774,47.78649
35,Ille-et-Vilaine,1,101,-1.59399,47.77564
35,Ille-et-Vilaine,1,102,-1.62367,47.76226
35,Ille-et-Vilaine,1,103,-1.63957,47.72682
35,Ille-et-Vilaine,1,104,-1.65812,47.71127
35,Ille-et-Vilaine,1,105,-1.69098,47.71308
35,Ille-et-Vilaine,1,106,-1.7037,47.70042
35,Ille-et-Vilaine,1,107,-1.74981,47.70693
35,Ille-et-Vilaine,1,108,-1.78373,47.69933
35,Ille-et-Vilaine,1,109,-1.82506,47.70838
35,Ille-et-Vilaine,1,110,-1.86322,47.70729
35,Ille-et-Vilaine,1,111,-1.87647,47.69608
35,Ille-et-Vilaine,1,112,-1.93636,47.68668
35,Ille-et-Vilaine,1,113,-1.95332,47.67221
35,Ille-et-Vilaine,1,114,-1.9724,47.69427
35,Ille-et-Vilaine,1,115,-2.01215,47.66642
35,Ille-et-Vilaine,1,116,-2.0413,47.66678
35,Ille-et-Vilaine,1,117,-2.05137,47.64979
35,Ille-et-Vilaine,1,118,-2.07416,47.65196
35,Ille-et-Vilaine,1,119,-2.09694,47.6317
35,Ille-et-Vilaine,1,120,-2.1139,47.6487
35,Ille-et-Vilaine,1,121,-2.10383,47.67619
35,Ille-et-Vilaine,1,122,-2.12238,47.6827
35,Ille-et-Vilaine,1,123,-2.11867,47.70838
35,Ille-et-Vilaine,1,124,-2.13139,47.72248
35,Ille-et-Vilaine,1,125,-2.10966,47.73586
35,Ille-et-Vilaine,1,126,-2.05826,47.73912
35,Ille-et-Vilaine,1,127,-2.09482,47.76226
35,Ille-et-Vilaine,1,128,-2.11019,47.77854
35,Ille-et-Vilaine,1,129,-2.07575,47.78902
35,Ille-et-Vilaine,1,130,-2.07045,47.81145
35,Ille-et-Vilaine,1,131,-2.04925,47.81687
35,Ille-et-Vilaine,1,132,-2.036,47.83387
35,Ille-et-Vilaine,1,133,-2.05349,47.84978
35,Ille-et-Vilaine,1,134,-2.09111,47.84327
35,Ille-et-Vilaine,1,135,-2.09641,47.86244
35,Ille-et-Vilaine,1,136,-2.11549,47.87908
35,Ille-et-Vilaine,1,137,-2.11072,47.89463
35,Ille-et-Vilaine,1,138,-2.08581,47.90367
35,Ille-et-Vilaine,1,139,-2.0784,47.91922
35,Ille-et-Vilaine,1,140,-2.10913,47.95756
35,Ille-et-Vilaine,1,141,-2.14676,47.9836
35,Ille-et-Vilaine,1,142,-2.1722,47.98034
35,Ille-et-Vilaine,1,143,-2.1934,47.99083
35,Ille-et-Vilaine,1,144,-2.24057,47.99915
35,Ille-et-Vilaine,1,145,-2.28032,47.99119
35,Ille-et-Vilaine,1,146,-2.27979,48.02627
35,Ille-et-Vilaine,1,147,-2.2464,48.0505
35,Ille-et-Vilaine,1,148,-2.1881,48.05376
35,Ille-et-Vilaine,1,149,-2.16849,48.07618
35,Ille-et-Vilaine,1,150,-2.2199,48.0798
35,Ille-et-Vilaine,1,151,-2.23739,48.06316
35,Ille-et-Vilaine,1,152,-2.25594,48.06316
35,Ille-et-Vilaine,1,153,-2.25488,48.10945
35,Ille-et-Vilaine,1,154,-2.28774,48.13368
35,Ille-et-Vilaine,2,0,-2.12397,48.60456
35,Ille-et-Vilaine,2,1,-2.14782,48.62952
35,Ille-et-Vilaine,2,2,-2.05773,48.64001
35,Ille-et-Vilaine,2,3,-2.05508,48.62735
35,Ille-et-Vilaine,2,4,-2.02858,48.6165
35,Ille-et-Vilaine,2,5,-2.00738,48.5655
35,Ille-et-Vilaine,2,6,-2.04501,48.54272
35,Ille-et-Vilaine,2,7,-2.05932,48.57057
35,Ille-et-Vilaine,2,8,-2.08051,48.56767
35,Ille-et-Vilaine,2,9,-2.12503,48.59335
35,Ille-et-Vilaine,2,10,-2.12397,48.60456
01,Ain,1,0,4.78062,46.17675
01,Ain,1,1,4.79546,46.22015
01,Ain,1,2,4.80924,46.24185
01,Ain,1,3,4.81136,46.26102
01,Ain,1,4,4.82461,46.27259
01,Ain,1,5,4.83309,46.29972
01,Ain,1,6,4.85164,46.32648
01,Ain,1,7,4.85164,46.3565
01,Ain,1,8,4.88927,46.40568
01,Ain,1,9,4.89244,46.44257
01,Ain,1,10,4.91205,46.45921
01,Ain,1,11,4.91523,46.48886
01,Ain,1,12,4.9359,46.51418
01,Ain,1,13,4.9518,46.50008
01,Ain,1,14,4.98466,46.51527
01,Ain,1,15,5.05621,46.4838
01,Ain,1,16,5.1161,46.49574
01,Ain,1,17,5.16592,46.5178
01,Ain,1,18,5.19983,46.50767
01,Ain,1,19,5.21467,46.46861
01,Ain,1,20,5.2735,46.44836
01,Ain,1,21,5.3106,46.44691
01,Ain,1,22,5.32067,46.43028
01,Ain,1,23,5.29894,46.41256
01,Ain,1,24,5.34187,46.40171
01,Ain,1,25,5.37632,46.38218
01,Ain,1,26,5.36254,46.36952
01,Ain,1,27,5.37367,46.35216
01,Ain,1,28,5.39964,46.3395
01,Ain,1,29,5.42349,46.34782
01,Ain,1,30,5.43727,46.31527
01,Ain,1,31,5.46694,46.32323
01,Ain,1,32,5.47542,46.31527
01,Ain,1,33,5.45899,46.28272
01,Ain,1,34,5.46747,46.26862
01,Ain,1,35,5.51146,46.26464
01,Ain,1,36,5.54591,46.27296
01,Ain,1,37,5.56605,46.29393
01,Ain,1,38,5.59679,46.29646
01,Ain,1,39,5.61163,46.3254
01,Ain,1,40,5.63071,46.3301
01,Ain,1,41,5.67258,46.32142
01,Ain,1,42,5.69219,46.30948
01,Ain,1,43,5.71445,46.30912
01,Ain,1,44,5.71604,46.27983
01,Ain,1,45,5.72505,46.26066
01,Ain,1,46,5.76532,46.26825
01,Ain,1,47,5.82627,46.26174
01,Ain,1,48,5.87821,46.26898
01,Ain,1,49,5.89464,46.2867
01,Ain,1,50,5.90895,46.28381
01,Ain,1,51,5.92591,46.31382
01,Ain,1,52,5.94128,46.31021
01,Ain,1,53,5.98315,46.36192
01,Ain,1,54,6.01176,46.37567
01,Ain,1,55,6.0637,46.41653
01,Ain,1,56,6.09762,46.40894
01,Ain,1,57,6.17023,46.36699
01,Ain,1,58,6.12094,46.3131
01,Ain,1,59,6.12147,46.29899
01,Ain,1,60,6.10239,46.28489
01,Ain,1,61,6.12465,46.25126
01,Ain,1,62,6.10133,46.23751
01,Ain,1,63,6.06317,46.24583
01,Ain,1,64,5.97944,46.21726
01,Ain,1,65,5.96407,46.19701
01,Ain,1,66,5.99481,46.1829
01,Ain,1,67,5.95612,46.13227
01,Ain,1,68,5.92061,46.13119
01,Ain,1,69,5.89305,46.11925
01,Ain,1,70,5.88457,46.08525
01,Ain,1,71,5.85648,46.0867
01,Ain,1,72,5.83952,46.10261
01,Ain,1,73,5.81143,46.07838
01,Ain,1,74,5.80666,46.04403
01,Ain,1,75,5.81249,46.02558
01,Ain,1,76,5.80931,45.98942
01,Ain,1,77,5.83157,45.97531
01,Ain,1,78,5.82892,45.93842
01,Ain,1,79,5.82945,45.91708
01,Ain,1,80,5.79712,45.83101
01,Ain,1,81,5.78917,45.82667
01,Ain,1,82,5.78016,45.77748
01,Ain,1,83,5.78387,45.74493
01,Ain,1,84,5.77698,45.72721
01,Ain,1,85,5.7473,45.70515
01,Ain,1,86,5.70014,45.70985
01,Ain,1,87,5.70968,45.68815
01,Ain,1,88,5.68477,45.66573
01,Ain,1,89,5.68477,45.64078
01,Ain,1,90,5.64926,45.63137
01,Ain,1,91,5.62382,45.61329
01,Ain,1,92,5.58619,45.66718
01,Ain,1,93,5.54538,45.68815
01,Ain,1,94,5.54538,45.71383
01,Ain,1,95,5.52418,45.71817
01,Ain,1,96,5.51782,45.73119
01,Ain,1,97,5.48496,45.75253
01,Ain,1,98,5.45952,45.78002
01,Ain,1,99,5.42296,45.80714
01,Ain,1,100,5.43515,45.82992
01,Ain,1,101,5.41342,45.85235
01,Ain,1,102,5.35247,45.88309
01,Ain,1,103,5.30212,45.84801
01,Ain,1,104,5.28834,45.81076
01,Ain,1,105,5.26661,45.78942
01,Ain,1,106,5.22792,45.77025
01,Ain,1,107,5.194,45.77134
01,Ain,1,108,5.17704,45.7934
01,Ain,1,109,5.1585,45.80352
01,Ain,1,110,5.10126,45.81365
01,Ain,1,111,5.04773,45.8122
01,Ain,1,112,5.01063,45.80533
01,Ain,1,113,4.96399,45.81076
01,Ain,1,114,4.91841,45.80714
01,Ain,1,115,4.92106,45.83282
01,Ain,1,116,4.90092,45.85777
01,Ain,1,117,4.90887,45.87441
01,Ain,1,118,4.8845,45.88019
01,Ain,1,119,4.88079,45.89755
01,Ain,1,120,4.84846,45.91311
01,Ain,1,121,4.81719,45.90189
01,Ain,1,122,4.8103,45.91817
01,Ain,1,123,4.78857,45.92432
01,Ain,1,124,4.77903,45.9377
01,Ain,1,125,4.73663,45.93842
01,Ain,1,126,4.72921,45.94963
01,Ain,1,127,4.74882,45.96265
01,Ain,1,128,4.74882,46.00895
01,Ain,1,129,4.74246,46.05126
01,Ain,1,130,4.75942,46.06175
01,Ain,1,131,4.7467,46.08562
01,Ain,1,132,4.77214,46.1178
01,Ain,1,133,4.80023,46.14421
01,Ain,1,134,4.80182,46.15867
01,Ain,1,135,4.78062,46.17675
78,Yvelines,1,0,1.50163,48.9409
78,Yvelines,1,1,1.51064,48.95356
78,Yvelines,1,2,1.49686,48.96948
78,Yvelines,1,3,1.47089,48.9749
78,Yvelines,1,4,1.48043,49.00094
78,Yvelines,1,5,1.47725,49.01685
78,Yvelines,1,6,1.45817,49.02589
78,Yvelines,1,7,1.45287,49.05049
78,Yvelines,1,8,1.46188,49.06387
78,Yvelines,1,9,1.48785,49.0523
78,Yvelines,1,10,1.50958,49.0664
78,Yvelines,1,11,1.55939,49.06966
78,Yvelines,1,12,1.59437,49.08267
78,Yvelines,1,13,1.60868,49.07761
78,Yvelines,1,14,1.65267,49.08195
78,Yvelines,1,15,1.6744,49.07761
78,Yvelines,1,16,1.7168,49.04904
78,Yvelines,1,17,1.74595,49.04759
78,Yvelines,1,18,1.76768,49.05772
78,Yvelines,1,19,1.79418,49.05844
78,Yvelines,1,20,1.79683,49.07219
78,Yvelines,1,21,1.82862,49.07616
78,Yvelines,1,22,1.86519,49.05736
78,Yvelines,1,23,1.86148,49.01396
78,Yvelines,1,24,1.90547,49.04723
78,Yvelines,1,25,1.9378,49.02192
78,Yvelines,1,26,1.99239,49.02119
78,Yvelines,1,27,2.02366,48.99805
78,Yvelines,1,28,2.08461,49.01468
78,Yvelines,1,29,2.127,49.00962
78,Yvelines,1,30,2.12064,48.99335
78,Yvelines,1,31,2.15562,48.98575
78,Yvelines,1,32,2.17523,48.97345
78,Yvelines,1,33,2.18159,48.95356
78,Yvelines,1,34,2.20597,48.94995
78,Yvelines,1,35,2.20067,48.90872
78,Yvelines,1,36,2.1694,48.8957
78,Yvelines,1,37,2.14873,48.86857
78,Yvelines,1,38,2.14608,48.83675
78,Yvelines,1,39,2.15138,48.81686
78,Yvelines,1,40,2.1747,48.81505
78,Yvelines,1,41,2.18318,48.79733
78,Yvelines,1,42,2.20279,48.79841
78,Yvelines,1,43,2.22664,48.77599
78,Yvelines,1,44,2.2012,48.77563
78,Yvelines,1,45,2.18954,48.75429
78,Yvelines,1,46,2.17311,48.75791
78,Yvelines,1,47,2.10898,48.73946
78,Yvelines,1,48,2.11216,48.72283
78,Yvelines,1,49,2.09733,48.69425
78,Yvelines,1,50,2.08196,48.68557
78,Yvelines,1,51,2.04592,48.68738
78,Yvelines,1,52,2.01624,48.64109
78,Yvelines,1,53,2.03214,48.64254
78,Yvelines,1,54,2.05493,48.60782
78,Yvelines,1,55,2.03797,48.60565
78,Yvelines,1,56,2.01677,48.55755
78,Yvelines,1,57,1.99027,48.55538
78,Yvelines,1,58,1.9378,48.56261
78,Yvelines,1,59,1.93462,48.54706
78,Yvelines,1,60,1.95264,48.52355
78,Yvelines,1,61,1.91501,48.47364
78,Yvelines,1,62,1.9219,48.45773
78,Yvelines,1,63,1.90176,48.43892
78,Yvelines,1,64,1.84293,48.44977
78,Yvelines,1,65,1.82333,48.46641
78,Yvelines,1,66,1.80107,48.46605
78,Yvelines,1,67,1.77722,48.50872
78,Yvelines,1,68,1.77775,48.55248
78,Yvelines,1,69,1.7592,48.5731
78,Yvelines,1,70,1.70938,48.57816
78,Yvelines,1,71,1.70196,48.58503
78,Yvelines,1,72,1.71839,48.60709
78,Yvelines,1,73,1.66062,48.61903
78,Yvelines,1,74,1.64313,48.65122
78,Yvelines,1,75,1.62034,48.65049
78,Yvelines,1,76,1.60126,48.66821
78,Yvelines,1,77,1.61186,48.68919
78,Yvelines,1,78,1.58218,48.69642
78,Yvelines,1,79,1.58695,48.71017
78,Yvelines,1,80,1.6267,48.74814
78,Yvelines,1,81,1.60232,48.76044
78,Yvelines,1,82,1.57688,48.78286
78,Yvelines,1,83,1.59543,48.83675
78,Yvelines,1,84,1.57741,48.8447
78,Yvelines,1,85,1.5843,48.86026
78,Yvelines,1,86,1.54614,48.87255
78,Yvelines,1,87,1.56363,48.89063
78,Yvelines,1,88,1.53873,48.90474
78,Yvelines,1,89,1.5382,48.92246
78,Yvelines,1,90,1.50693,48.92933
78,Yvelines,1,91,1.50163,48.9409
95,Val-d'Oise,1,0,1.60868,49.07761
95,Val-d'Oise,1,1,1.61822,49.09389
95,Val-d'Oise,1,2,1.65585,49.13005
95,Val-d'Oise,1,3,1.67758,49.21323
95,Val-d'Oise,1,4,1.70461,49.2324
95,Val-d'Oise,1,5,1.74065,49.22444
95,Val-d'Oise,1,6,1.71839,49.20275
95,Val-d'Oise,1,7,1.73747,49.19479
95,Val-d'Oise,1,8,1.75072,49.17634
95,Val-d'Oise,1,9,1.77669,49.1843
95,Val-d'Oise,1,10,1.82703,49.1796
95,Val-d'Oise,1,11,1.84505,49.16983
95,Val-d'Oise,1,12,1.87632,49.1749
95,Val-d'Oise,1,13,1.88321,49.1626
95,Val-d'Oise,1,14,1.92985,49.17417
95,Val-d'Oise,1,15,1.96218,49.17454
95,Val-d'Oise,1,16,1.97384,49.18394
95,Val-d'Oise,1,17,1.99928,49.17598
95,Val-d'Oise,1,18,2.0809,49.20962
95,Val-d'Oise,1,19,2.09521,49.19009
95,Val-d'Oise,1,20,2.12806,49.1937
95,Val-d'Oise,1,21,2.18212,49.17381
95,Val-d'Oise,1,22,2.22929,49.17164
95,Val-d'Oise,1,23,2.22346,49.15211
95,Val-d'Oise,1,24,2.28653,49.15971
95,Val-d'Oise,1,25,2.31303,49.18575
95,Val-d'Oise,1,26,2.34589,49.16224
95,Val-d'Oise,1,27,2.41319,49.15247
95,Val-d'Oise,1,28,2.45877,49.1409
95,Val-d'Oise,1,29,2.50276,49.11776
95,Val-d'Oise,1,30,2.49004,49.10618
95,Val-d'Oise,1,31,2.53138,49.09931
95,Val-d'Oise,1,32,2.53297,49.11956
95,Val-d'Oise,1,33,2.55417,49.12101
95,Val-d'Oise,1,34,2.55735,49.1004
95,Val-d'Oise,1,35,2.59021,49.07978
95,Val-d'Oise,1,36,2.57113,49.06061
95,Val-d'Oise,1,37,2.58438,49.05302
95,Val-d'Oise,1,38,2.55364,49.00998
95,Val-d'Oise,1,39,2.53244,49.00528
95,Val-d'Oise,1,40,2.51707,48.98611
95,Val-d'Oise,1,41,2.4593,48.95501
95,Val-d'Oise,1,42,2.40736,48.95609
95,Val-d'Oise,1,43,2.38351,48.97128
95,Val-d'Oise,1,44,2.34377,48.96839
95,Val-d'Oise,1,45,2.33317,48.95537
95,Val-d'Oise,1,46,2.29872,48.96622
95,Val-d'Oise,1,47,2.29077,48.95103
95,Val-d'Oise,1,48,2.26851,48.94669
95,Val-d'Oise,1,49,2.20067,48.90872
95,Val-d'Oise,1,50,2.20597,48.94995
95,Val-d'Oise,1,51,2.18159,48.95356
95,Val-d'Oise,1,52,2.17523,48.97345
95,Val-d'Oise,1,53,2.15562,48.98575
95,Val-d'Oise,1,54,2.12064,48.99335
95,Val-d'Oise,1,55,2.127,49.00962
95,Val-d'Oise,1,56,2.08461,49.01468
95,Val-d'Oise,1,57,2.02366,48.99805
95,Val-d'Oise,1,58,1.99239,49.02119
95,Val-d'Oise,1,59,1.9378,49.02192
95,Val-d'Oise,1,60,1.90547,49.04723
95,Val-d'Oise,1,61,1.86148,49.01396
95,Val-d'Oise,1,62,1.86519,49.05736
95,Val-d'Oise,1,63,1.82862,49.07616
95,Val-d'Oise,1,64,1.79683,49.07219
95,Val-d'Oise,1,65,1.79418,49.05844
95,Val-d'Oise,1,66,1.76768,49.05772
95,Val-d'Oise,1,67,1.74595,49.04759
95,Val-d'Oise,1,68,1.7168,49.04904
95,Val-d'Oise,1,69,1.6744,49.07761
95,Val-d'Oise,1,70,1.65267,49.08195
95,Val-d'Oise,1,71,1.60868,49.07761
53,Mayenne,1,0,-1.23838,47.80964
53,Mayenne,1,1,-1.22036,47.82049
53,Mayenne,1,2,-1.214,47.84472
53,Mayenne,1,3,-1.18909,47.87076
53,Mayenne,1,4,-1.19704,47.8892
53,Mayenne,1,5,-1.17584,47.89752
53,Mayenne,1,6,-1.14881,47.96805
53,Mayenne,1,7,-1.12655,47.97383
53,Mayenne,1,8,-1.10906,47.98866
53,Mayenne,1,9,-1.06825,47.98324
53,Mayenne,1,10,-1.02108,47.99517
53,Mayenne,1,11,-1.01843,48.01289
53,Mayenne,1,12,-1.03433,48.03351
53,Mayenne,1,13,-1.0285,48.06316
53,Mayenne,1,14,-1.04917,48.08992
53,Mayenne,1,15,-1.06401,48.15936
53,Mayenne,1,16,-1.07302,48.16334
53,Mayenne,1,17,-1.08044,48.21976
53,Mayenne,1,18,-1.10005,48.25773
53,Mayenne,1,19,-1.09263,48.28269
53,Mayenne,1,20,-1.04493,48.32789
53,Mayenne,1,21,-1.06507,48.36732
53,Mayenne,1,22,-1.05288,48.38106
53,Mayenne,1,23,-1.08044,48.41686
53,Mayenne,1,24,-1.08097,48.44109
53,Mayenne,1,25,-1.06507,48.45158
53,Mayenne,1,26,-1.07726,48.49281
53,Mayenne,1,27,-1.06984,48.50872
53,Mayenne,1,28,-1.055,48.51126
53,Mayenne,1,29,-1.00306,48.48919
53,Mayenne,1,30,-0.97232,48.49462
53,Mayenne,1,31,-0.95749,48.51632
53,Mayenne,1,32,-0.92463,48.51343
53,Mayenne,1,33,-0.89601,48.49498
53,Mayenne,1,34,-0.8605,48.50149
53,Mayenne,1,35,-0.84036,48.49173
53,Mayenne,1,36,-0.8181,48.46858
53,Mayenne,1,37,-0.79213,48.46569
53,Mayenne,1,38,-0.75927,48.43603
53,Mayenne,1,39,-0.71475,48.44905
53,Mayenne,1,40,-0.73701,48.46496
53,Mayenne,1,41,-0.72482,48.47328
53,Mayenne,1,42,-0.68613,48.47039
53,Mayenne,1,43,-0.65805,48.4769
53,Mayenne,1,44,-0.65116,48.44399
53,Mayenne,1,45,-0.5971,48.47183
53,Mayenne,1,46,-0.55205,48.47328
53,Mayenne,1,47,-0.50965,48.50872
53,Mayenne,1,48,-0.47838,48.50149
53,Mayenne,1,49,-0.44446,48.51415
53,Mayenne,1,50,-0.36868,48.49462
53,Mayenne,1,51,-0.34642,48.50113
53,Mayenne,1,52,-0.31992,48.52319
53,Mayenne,1,53,-0.27169,48.50728
53,Mayenne,1,54,-0.26533,48.52283
53,Mayenne,1,55,-0.24148,48.53729
53,Mayenne,1,56,-0.25844,48.55104
53,Mayenne,1,57,-0.23459,48.56225
53,Mayenne,1,58,-0.20597,48.56189
53,Mayenne,1,59,-0.16834,48.53693
53,Mayenne,1,60,-0.14449,48.52789
53,Mayenne,1,61,-0.1694,48.51198
53,Mayenne,1,62,-0.15615,48.49245
53,Mayenne,1,63,-0.14979,48.4599
53,Mayenne,1,64,-0.11641,48.44869
53,Mayenne,1,65,-0.05122,48.45303
53,Mayenne,1,66,-0.05705,48.42916
53,Mayenne,1,67,-0.05493,48.38214
53,Mayenne,1,68,-0.07984,48.37238
53,Mayenne,1,69,-0.11217,48.37419
53,Mayenne,1,70,-0.13654,48.36442
53,Mayenne,1,71,-0.13389,48.34815
53,Mayenne,1,72,-0.15774,48.3344
53,Mayenne,1,73,-0.15509,48.31415
53,Mayenne,1,74,-0.14131,48.30547
53,Mayenne,1,75,-0.16145,48.23893
53,Mayenne,1,76,-0.14661,48.22663
53,Mayenne,1,77,-0.16463,48.19987
53,Mayenne,1,78,-0.19908,48.17817
53,Mayenne,1,79,-0.24678,48.16009
53,Mayenne,1,80,-0.24678,48.1279
53,Mayenne,1,81,-0.22293,48.12283
53,Mayenne,1,82,-0.21763,48.10692
53,Mayenne,1,83,-0.2383,48.08558
53,Mayenne,1,84,-0.23088,48.05918
53,Mayenne,1,85,-0.27169,48.06533
53,Mayenne,1,86,-0.31197,48.04689
53,Mayenne,1,87,-0.33052,48.0505
53,Mayenne,1,88,-0.33847,48.01181
53,Mayenne,1,89,-0.31674,48.0053
53,Mayenne,1,90,-0.30031,47.97998
53,Mayenne,1,91,-0.29342,47.94526
53,Mayenne,1,92,-0.31992,47.9355
53,Mayenne,1,93,-0.39677,47.92573
53,Mayenne,1,94,-0.40419,47.89933
53,Mayenne,1,95,-0.36974,47.87872
53,Mayenne,1,96,-0.41107,47.84689
53,Mayenne,1,97,-0.44817,47.83206
53,Mayenne,1,98,-0.4169,47.80241
53,Mayenne,1,99,-0.38829,47.80566
53,Mayenne,1,100,-0.37504,47.76733
53,Mayenne,1,101,-0.38193,47.76082
53,Mayenne,1,102,-0.39041,47.77022
53,Mayenne,1,103,-0.43651,47.76516
53,Mayenne,1,104,-0.46619,47.76805
53,Mayenne,1,105,-0.50912,47.78649
53,Mayenne,1,106,-0.53297,47.75069
53,Mayenne,1,107,-0.56053,47.75756
53,Mayenne,1,108,-0.58915,47.75539
53,Mayenne,1,109,-0.61088,47.73586
53,Mayenne,1,110,-0.65381,47.73333
53,Mayenne,1,111,-0.66865,47.74165
53,Mayenne,1,112,-0.73648,47.73803
53,Mayenne,1,113,-0.7598,47.75394
53,Mayenne,1,114,-0.78312,47.75033
53,Mayenne,1,115,-0.81598,47.7713
53,Mayenne,1,116,-0.83983,47.76841
53,Mayenne,1,117,-0.8393,47.75214
53,Mayenne,1,118,-0.88064,47.76335
53,Mayenne,1,119,-0.89548,47.77456
53,Mayenne,1,120,-0.95961,47.79626
53,Mayenne,1,121,-0.97232,47.78324
53,Mayenne,1,122,-0.95484,47.76913
53,Mayenne,1,123,-0.98133,47.76154
53,Mayenne,1,124,-1.01472,47.76986
53,Mayenne,1,125,-1.08256,47.77492
53,Mayenne,1,126,-1.12443,47.78396
53,Mayenne,1,127,-1.13715,47.77528
53,Mayenne,1,128,-1.19333,47.78577
53,Mayenne,1,129,-1.21294,47.80168
53,Mayenne,1,130,-1.23838,47.80964
90,Territoire de Belfort,1,0,6.80727,47.56299
90,Territoire de Belfort,1,1,6.82158,47.57348
90,Territoire de Belfort,1,2,6.8025,47.58577
90,Territoire de Belfort,1,3,6.78077,47.62519
90,Territoire de Belfort,1,4,6.80091,47.63604
90,Territoire de Belfort,1,5,6.776,47.66823
90,Territoire de Belfort,1,6,6.78024,47.68993
90,Territoire de Belfort,1,7,6.75851,47.72754
90,Territoire de Belfort,1,8,6.75798,47.7478
90,Territoire de Belfort,1,9,6.78448,47.78143
90,Territoire de Belfort,1,10,6.80939,47.79373
90,Territoire de Belfort,1,11,6.8237,47.81326
90,Territoire de Belfort,1,12,6.84595,47.82302
90,Territoire de Belfort,1,13,6.84277,47.81289
90,Territoire de Belfort,1,14,6.86238,47.78577
90,Territoire de Belfort,1,15,6.92545,47.7695
90,Territoire de Belfort,1,16,6.94241,47.76877
90,Territoire de Belfort,1,17,6.97103,47.75322
90,Territoire de Belfort,1,18,7.0129,47.74129
90,Territoire de Belfort,1,19,7.03516,47.72465
90,Territoire de Belfort,1,20,7.02774,47.70367
90,Territoire de Belfort,1,21,7.03834,47.69246
90,Territoire de Belfort,1,22,7.03463,47.66136
90,Territoire de Belfort,1,23,7.01873,47.65087
90,Territoire de Belfort,1,24,7.00495,47.61977
90,Territoire de Belfort,1,25,7.02562,47.59264
90,Territoire de Belfort,1,26,7.0394,47.60024
90,Territoire de Belfort,1,27,7.08551,47.59301
90,Territoire de Belfort,1,28,7.1083,47.55214
90,Territoire de Belfort,1,29,7.13532,47.53767
90,Territoire de Belfort,1,30,7.13956,47.51923
90,Territoire de Belfort,1,31,7.13002,47.50295
90,Territoire de Belfort,1,32,7.07862,47.49138
90,Territoire de Belfort,1,33,7.02032,47.5044
90,Territoire de Belfort,1,34,6.98269,47.49427
90,Territoire de Belfort,1,35,6.99912,47.45232
90,Territoire de Belfort,1,36,6.9705,47.44726
90,Territoire de Belfort,1,37,6.94029,47.43315
90,Territoire de Belfort,1,38,6.93075,47.45847
90,Territoire de Belfort,1,39,6.9122,47.47113
90,Territoire de Belfort,1,40,6.90955,47.49427
90,Territoire de Belfort,1,41,6.94612,47.51127
90,Territoire de Belfort,1,42,6.88358,47.55539
90,Territoire de Belfort,1,43,6.86026,47.5478
90,Territoire de Belfort,1,44,6.81681,47.5478
90,Territoire de Belfort,1,45,6.80727,47.56299
19,Corrèze,1,0,1.25307,45.4444
19,Corrèze,1,1,1.26896,45.47622
19,Corrèze,1,2,1.28539,45.49033
19,Corrèze,1,3,1.34952,45.46718
19,Corrèze,1,4,1.37708,45.49539
19,Corrèze,1,5,1.38927,45.49611
19,Corrèze,1,6,1.41206,45.5283
19,Corrèze,1,7,1.44651,45.52649
19,Corrèze,1,8,1.45552,45.55326
19,Corrèze,1,9,1.50852,45.55072
19,Corrèze,1,10,1.5223,45.56085
19,Corrèze,1,11,1.56151,45.55109
19,Corrèze,1,12,1.58271,45.55506
19,Corrèze,1,13,1.5949,45.57821
19,Corrèze,1,14,1.63465,45.58074
19,Corrèze,1,15,1.65797,45.59376
19,Corrèze,1,16,1.66486,45.61184
19,Corrèze,1,17,1.70991,45.63933
19,Corrèze,1,18,1.72581,45.63897
19,Corrèze,1,19,1.77457,45.6585
19,Corrèze,1,20,1.78411,45.6802
19,Corrèze,1,21,1.81856,45.67658
19,Corrèze,1,22,1.84558,45.66212
19,Corrèze,1,23,1.87473,45.66465
19,Corrèze,1,24,1.91024,45.6802
19,Corrèze,1,25,1.89911,45.69864
19,Corrèze,1,26,1.95635,45.72468
19,Corrèze,1,27,1.98762,45.72143
19,Corrèze,1,28,2.0014,45.74891
19,Corrèze,1,29,2.04645,45.7641
19,Corrèze,1,30,2.08461,45.74132
19,Corrèze,1,31,2.08461,45.7283
19,Corrèze,1,32,2.16463,45.73626
19,Corrèze,1,33,2.23777,45.69286
19,Corrèze,1,34,2.27116,45.69141
19,Corrèze,1,35,2.26957,45.66718
19,Corrèze,1,36,2.28865,45.66537
19,Corrèze,1,37,2.30826,45.67658
19,Corrèze,1,38,2.34112,45.68309
19,Corrèze,1,39,2.34854,45.70949
19,Corrèze,1,40,2.36762,45.71347
19,Corrèze,1,41,2.4116,45.70913
19,Corrèze,1,42,2.43598,45.69937
19,Corrèze,1,43,2.49216,45.7377
19,Corrèze,1,44,2.51813,45.71275
19,Corrèze,1,45,2.52873,45.68237
19,Corrèze,1,46,2.51283,45.66935
19,Corrèze,1,47,2.51389,45.63933
19,Corrèze,1,48,2.48315,45.63716
19,Corrèze,1,49,2.47838,45.60787
19,Corrèze,1,50,2.46566,45.601
19,Corrèze,1,51,2.47467,45.57857
19,Corrèze,1,52,2.4964,45.55687
19,Corrèze,1,53,2.51601,45.55398
19,Corrèze,1,54,2.51442,45.49286
19,Corrèze,1,55,2.50859,45.47839
19,Corrèze,1,56,2.48739,45.418
19,Corrèze,1,57,2.52184,45.40028
19,Corrèze,1,58,2.52025,45.38472
19,Corrèze,1,59,2.4858,45.37894
19,Corrèze,1,60,2.44499,45.38328
19,Corrèze,1,61,2.42326,45.39702
19,Corrèze,1,62,2.36974,45.41619
19,Corrèze,1,63,2.3496,45.41221
19,Corrèze,1,64,2.36974,45.38726
19,Corrèze,1,65,2.36444,45.35868
19,Corrèze,1,66,2.35013,45.34639
19,Corrèze,1,67,2.34907,45.32758
19,Corrèze,1,68,2.31674,45.32288
19,Corrèze,1,69,2.28865,45.28708
19,Corrèze,1,70,2.26957,45.29033
19,Corrèze,1,71,2.25844,45.27008
19,Corrèze,1,72,2.24466,45.26718
19,Corrèze,1,73,2.23618,45.24657
19,Corrèze,1,74,2.19484,45.22089
19,Corrèze,1,75,2.19113,45.201
19,Corrèze,1,76,2.20173,45.18147
19,Corrèze,1,77,2.22399,45.1699
19,Corrèze,1,78,2.20968,45.14531
19,Corrèze,1,79,2.19166,45.13482
19,Corrèze,1,80,2.17947,45.10914
19,Corrèze,1,81,2.17576,45.08129
19,Corrèze,1,82,2.14608,45.08563
19,Corrèze,1,83,2.09521,45.05598
19,Corrèze,1,84,2.11428,45.02451
19,Corrèze,1,85,2.14131,45.00534
19,Corrèze,1,86,2.13336,44.98545
19,Corrèze,1,87,2.08567,44.98401
19,Corrèze,1,88,2.06288,44.97677
19,Corrèze,1,89,2.04539,44.98365
19,Corrèze,1,90,1.98126,44.97243
19,Corrèze,1,91,1.95105,44.95327
19,Corrèze,1,92,1.93992,44.97171
19,Corrèze,1,93,1.90759,44.97786
19,Corrèze,1,94,1.88692,44.95652
19,Corrèze,1,95,1.86731,44.95327
19,Corrèze,1,96,1.82333,44.92723
19,Corrèze,1,97,1.76768,44.93229
19,Corrèze,1,98,1.74966,44.95616
19,Corrèze,1,99,1.71097,44.96737
19,Corrèze,1,100,1.70143,44.98871
19,Corrèze,1,101,1.67122,45.00426
19,Corrèze,1,102,1.65161,45.02524
19,Corrèze,1,103,1.6267,45.03355
19,Corrèze,1,104,1.57847,45.04006
19,Corrèze,1,105,1.55197,45.02849
19,Corrèze,1,106,1.54032,45.04477
19,Corrèze,1,107,1.4958,45.03536
19,Corrèze,1,108,1.464,45.01439
19,Corrèze,1,109,1.4481,45.01945
19,Corrèze,1,110,1.40994,45.05851
19,Corrèze,1,111,1.39351,45.09721
19,Corrèze,1,112,1.41312,45.12505
19,Corrèze,1,113,1.35217,45.14133
19,Corrèze,1,114,1.30818,45.1359
19,Corrèze,1,115,1.25466,45.15869
19,Corrèze,1,116,1.28168,45.17424
19,Corrèze,1,117,1.27638,45.19811
19,Corrèze,1,118,1.23876,45.19811
19,Corrèze,1,119,1.23346,45.22234
19,Corrèze,1,120,1.25625,45.2274
19,Corrèze,1,121,1.27744,45.24223
19,Corrèze,1,122,1.22922,45.27406
19,Corrèze,1,123,1.23929,45.29467
19,Corrèze,1,124,1.23558,45.32216
19,Corrèze,1,125,1.25943,45.32035
19,Corrèze,1,126,1.2891,45.35398
19,Corrèze,1,127,1.3156,45.36085
19,Corrèze,1,128,1.32355,45.38328
19,Corrèze,1,129,1.29599,45.39449
19,Corrèze,1,130,1.28115,45.384
19,Corrèze,1,131,1.25678,45.40208
19,Corrèze,1,132,1.25784,45.41583
19,Corrèze,1,133,1.29016,45.418
19,Corrèze,1,134,1.28963,45.43174
19,Corrèze,1,135,1.25307,45.4444
36,Indre,1,0,1.17728,46.38398
36,Indre,1,1,1.19689,46.40134
36,Indre,1,2,1.19901,46.431
36,Indre,1,3,1.18682,46.4404
36,Indre,1,4,1.15184,46.44872
36,Indre,1,5,1.15343,46.47259
36,Indre,1,6,1.13329,46.49791
36,Indre,1,7,1.14654,46.50586
36,Indre,1,8,1.10626,46.53263
36,Indre,1,9,1.06439,46.5395
36,Indre,1,10,1.0204,46.53733
36,Indre,1,11,1.01457,46.56771
36,Indre,1,12,0.9886,46.56517
36,Indre,1,13,0.94144,46.58109
36,Indre,1,14,0.916,46.59664
36,Indre,1,15,0.89586,46.63208
36,Indre,1,16,0.91706,46.65053
36,Indre,1,17,0.90699,46.66535
36,Indre,1,18,0.92395,46.69284
36,Indre,1,19,0.90169,46.73443
36,Indre,1,20,0.86724,46.74817
36,Indre,1,21,0.9266,46.75722
36,Indre,1,22,0.94727,46.7366
36,Indre,1,23,0.98913,46.76155
36,Indre,1,24,1.00132,46.79447
36,Indre,1,25,0.98384,46.80387
36,Indre,1,26,1.00874,46.81725
36,Indre,1,27,1.0098,46.83642
36,Indre,1,28,1.03365,46.9073
36,Indre,1,29,1.03736,46.94202
36,Indre,1,30,1.06333,46.95649
36,Indre,1,31,1.05008,46.98072
36,Indre,1,32,1.05538,46.99591
36,Indre,1,33,1.07764,47.0158
36,Indre,1,34,1.16562,47.04003
36,Indre,1,35,1.22339,47.02448
36,Indre,1,36,1.25307,47.02195
36,Indre,1,37,1.29334,47.06933
36,Indre,1,38,1.31242,47.0733
36,Indre,1,39,1.31878,47.10477
36,Indre,1,40,1.34369,47.10043
36,Indre,1,41,1.36489,47.12177
36,Indre,1,42,1.3633,47.13551
36,Indre,1,43,1.34316,47.17421
36,Indre,1,44,1.32673,47.1865
36,Indre,1,45,1.4004,47.21182
36,Indre,1,46,1.4216,47.22918
36,Indre,1,47,1.45022,47.23858
36,Indre,1,48,1.50481,47.23424
36,Indre,1,49,1.52548,47.2252
36,Indre,1,50,1.52389,47.25522
36,Indre,1,51,1.59437,47.25992
36,Indre,1,52,1.59225,47.27656
36,Indre,1,53,1.6479,47.2733
36,Indre,1,54,1.66592,47.25811
36,Indre,1,55,1.70567,47.26607
36,Indre,1,56,1.71574,47.27692
36,Indre,1,57,1.74277,47.25269
36,Indre,1,58,1.77563,47.23171
36,Indre,1,59,1.80849,47.23388
36,Indre,1,60,1.83922,47.21978
36,Indre,1,61,1.8424,47.17782
36,Indre,1,62,1.82333,47.17384
36,Indre,1,63,1.80372,47.14961
36,Indre,1,64,1.77351,47.13117
36,Indre,1,65,1.79312,47.12213
36,Indre,1,66,1.82968,47.12068
36,Indre,1,67,1.84876,47.10947
36,Indre,1,68,1.88268,47.10187
36,Indre,1,69,1.92773,47.1073
36,Indre,1,70,1.94734,47.1167
36,Indre,1,71,1.99875,47.12502
36,Indre,1,72,2.00935,47.11164
36,Indre,1,73,2.00352,47.09428
36,Indre,1,74,2.05228,47.10368
36,Indre,1,75,2.05546,47.07186
36,Indre,1,76,2.03108,47.04256
36,Indre,1,77,2.05122,47.04112
36,Indre,1,78,2.09362,47.0158
36,Indre,1,79,2.10845,46.99736
36,Indre,1,80,2.08991,46.96336
36,Indre,1,81,2.0703,46.95432
36,Indre,1,82,2.07083,46.93407
36,Indre,1,83,2.11057,46.91309
36,Indre,1,84,2.15509,46.91164
36,Indre,1,85,2.13919,46.8885
36,Indre,1,86,2.11375,46.88018
36,Indre,1,87,2.0915,46.86137
36,Indre,1,88,2.07825,46.83895
36,Indre,1,89,2.05069,46.82738
36,Indre,1,90,2.07242,46.80893
36,Indre,1,91,2.10315,46.79555
36,Indre,1,92,2.11428,46.77457
36,Indre,1,93,2.09203,46.75505
36,Indre,1,94,2.06606,46.74275
36,Indre,1,95,2.09256,46.7243
36,Indre,1,96,2.15509,46.68922
36,Indre,1,97,2.13601,46.67114
36,Indre,1,98,2.18,46.64257
36,Indre,1,99,2.18583,46.60351
36,Indre,1,100,2.16728,46.58904
36,Indre,1,101,2.17152,46.56337
36,Indre,1,102,2.1588,46.55722
36,Indre,1,103,2.19484,46.50659
36,Indre,1,104,2.20438,46.48416
36,Indre,1,105,2.18901,46.46897
36,Indre,1,106,2.15138,46.45776
36,Indre,1,107,2.16834,46.42413
36,Indre,1,108,2.12859,46.41979
36,Indre,1,109,2.08885,46.40966
36,Indre,1,110,2.07242,46.42015
36,Indre,1,111,1.99292,46.431
36,Indre,1,112,1.97808,46.43968
36,Indre,1,113,1.92614,46.43208
36,Indre,1,114,1.9113,46.44366
36,Indre,1,115,1.88374,46.43281
36,Indre,1,116,1.83551,46.42811
36,Indre,1,117,1.79153,46.45342
36,Indre,1,118,1.75655,46.45234
36,Indre,1,119,1.76026,46.42702
36,Indre,1,120,1.75072,46.40568
36,Indre,1,121,1.72634,46.39049
36,Indre,1,122,1.71044,46.39266
36,Indre,1,123,1.68394,46.41834
36,Indre,1,124,1.64472,46.38615
36,Indre,1,125,1.58801,46.40713
36,Indre,1,126,1.54614,46.39303
36,Indre,1,127,1.54403,46.41907
36,Indre,1,128,1.52548,46.42666
36,Indre,1,129,1.46718,46.37856
36,Indre,1,130,1.44598,46.37277
36,Indre,1,131,1.41577,46.34673
36,Indre,1,132,1.39669,46.37205
36,Indre,1,133,1.38344,46.37458
36,Indre,1,134,1.35641,46.40026
36,Indre,1,135,1.31613,46.39628
36,Indre,1,136,1.31401,46.3753
36,Indre,1,137,1.28274,46.37205
36,Indre,1,138,1.25148,46.37711
36,Indre,1,139,1.21915,46.36554
36,Indre,1,140,1.2059,46.38796
36,Indre,1,141,1.17728,46.38398
92,Hauts-de-Seine,1,0,2.22664,48.77599
92,Hauts-de-Seine,1,1,2.20279,48.79841
92,Hauts-de-Seine,1,2,2.18318,48.79733
92,Hauts-de-Seine,1,3,2.1747,48.81505
92,Hauts-de-Seine,1,4,2.15138,48.81686
92,Hauts-de-Seine,1,5,2.14608,48.83675
92,Hauts-de-Seine,1,6,2.14873,48.86857
92,Hauts-de-Seine,1,7,2.1694,48.8957
92,Hauts-de-Seine,1,8,2.20067,48.90872
92,Hauts-de-Seine,1,9,2.26851,48.94669
92,Hauts-de-Seine,1,10,2.29077,48.95103
92,Hauts-de-Seine,1,11,2.33529,48.9409
92,Hauts-de-Seine,1,12,2.3337,48.92752
92,Hauts-de-Seine,1,13,2.31356,48.91414
92,Hauts-de-Seine,1,14,2.31992,48.9004
92,Hauts-de-Seine,1,15,2.23194,48.86893
92,Hauts-de-Seine,1,16,2.22399,48.85338
92,Hauts-de-Seine,1,17,2.27911,48.83241
92,Hauts-de-Seine,1,18,2.33211,48.81686
92,Hauts-de-Seine,1,19,2.31886,48.78792
92,Hauts-de-Seine,1,20,2.32098,48.74886
92,Hauts-de-Seine,1,21,2.28547,48.74742
92,Hauts-de-Seine,1,22,2.26692,48.76225
92,Hauts-de-Seine,1,23,2.24678,48.7608
92,Hauts-de-Seine,1,24,2.22664,48.77599
91,Essonne,1,0,1.9219,48.45773
91,Essonne,1,1,1.91501,48.47364
91,Essonne,1,2,1.95264,48.52355
91,Essonne,1,3,1.93462,48.54706
91,Essonne,1,4,1.9378,48.56261
91,Essonne,1,5,1.99027,48.55538
91,Essonne,1,6,2.01677,48.55755
91,Essonne,1,7,2.03797,48.60565
91,Essonne,1,8,2.05493,48.60782
91,Essonne,1,9,2.03214,48.64254
91,Essonne,1,10,2.01624,48.64109
91,Essonne,1,11,2.04592,48.68738
91,Essonne,1,12,2.08196,48.68557
91,Essonne,1,13,2.09733,48.69425
91,Essonne,1,14,2.11216,48.72283
91,Essonne,1,15,2.10898,48.73946
91,Essonne,1,16,2.17311,48.75791
91,Essonne,1,17,2.18954,48.75429
91,Essonne,1,18,2.2012,48.77563
91,Essonne,1,19,2.22664,48.77599
91,Essonne,1,20,2.24678,48.7608
91,Essonne,1,21,2.26692,48.76225
91,Essonne,1,22,2.28547,48.74742
91,Essonne,1,23,2.32098,48.74886
91,Essonne,1,24,2.35649,48.73801
91,Essonne,1,25,2.3708,48.71993
91,Essonne,1,26,2.41107,48.72608
91,Essonne,1,27,2.44817,48.72246
91,Essonne,1,28,2.50594,48.73584
91,Essonne,1,29,2.51813,48.71234
91,Essonne,1,30,2.5547,48.68847
91,Essonne,1,31,2.57166,48.69208
91,Essonne,1,32,2.58544,48.67906
91,Essonne,1,33,2.54516,48.67111
91,Essonne,1,34,2.53827,48.65954
91,Essonne,1,35,2.54251,48.63313
91,Essonne,1,36,2.52025,48.63133
91,Essonne,1,37,2.54092,48.5948
91,Essonne,1,38,2.52237,48.57346
91,Essonne,1,39,2.49746,48.5174
91,Essonne,1,40,2.51495,48.50511
91,Essonne,1,41,2.5017,48.48449
91,Essonne,1,42,2.507,48.43169
91,Essonne,1,43,2.52767,48.41542
91,Essonne,1,44,2.52608,48.4042
91,Essonne,1,45,2.48474,48.38359
91,Essonne,1,46,2.44764,48.37274
91,Essonne,1,47,2.43227,48.35972
91,Essonne,1,48,2.42644,48.3373
91,Essonne,1,49,2.39252,48.33585
91,Essonne,1,50,2.40312,48.32066
91,Essonne,1,51,2.35808,48.30873
91,Essonne,1,52,2.3125,48.33043
91,Essonne,1,53,2.30031,48.31126
91,Essonne,1,54,2.23777,48.31632
91,Essonne,1,55,2.24625,48.3297
91,Essonne,1,56,2.20226,48.34453
91,Essonne,1,57,2.18159,48.31343
91,Essonne,1,58,2.1641,48.29824
91,Essonne,1,59,2.05281,48.29535
91,Essonne,1,60,2.03638,48.28703
91,Essonne,1,61,1.99398,48.28667
91,Essonne,1,62,1.97066,48.29462
91,Essonne,1,63,1.959,48.30873
91,Essonne,1,64,1.98232,48.32862
91,Essonne,1,65,1.97172,48.34815
91,Essonne,1,66,1.98391,48.36044
91,Essonne,1,67,1.97702,48.3995
91,Essonne,1,68,1.94363,48.40601
91,Essonne,1,69,1.93303,48.44435
91,Essonne,1,70,1.9219,48.45773
66,Pyrénées-Orientales,1,0,1.78623,42.57356
66,Pyrénées-Orientales,1,1,1.83445,42.58368
66,Pyrénées-Orientales,1,2,1.8742,42.58151
66,Pyrénées-Orientales,1,3,1.90706,42.60864
66,Pyrénées-Orientales,1,4,1.93091,42.60575
66,Pyrénées-Orientales,1,5,1.97596,42.62744
66,Pyrénées-Orientales,1,6,2.00193,42.66108
66,Pyrénées-Orientales,1,7,2.01889,42.65385
66,Pyrénées-Orientales,1,8,2.04698,42.66361
66,Pyrénées-Orientales,1,9,2.10792,42.6647
66,Pyrénées-Orientales,1,10,2.12806,42.67229
66,Pyrénées-Orientales,1,11,2.16622,42.66397
66,Pyrénées-Orientales,1,12,2.17629,42.65276
66,Pyrénées-Orientales,1,13,2.24625,42.68133
66,Pyrénées-Orientales,1,14,2.26427,42.70629
66,Pyrénées-Orientales,1,15,2.29077,42.70014
66,Pyrénées-Orientales,1,16,2.32098,42.70918
66,Pyrénées-Orientales,1,17,2.35596,42.72835
66,Pyrénées-Orientales,1,18,2.3443,42.78079
66,Pyrénées-Orientales,1,19,2.34377,42.8014
66,Pyrénées-Orientales,1,20,2.32363,42.83395
66,Pyrénées-Orientales,1,21,2.38192,42.84878
66,Pyrénées-Orientales,1,22,2.44287,42.83721
66,Pyrénées-Orientales,1,23,2.47467,42.83938
66,Pyrénées-Orientales,1,24,2.50276,42.85131
66,Pyrénées-Orientales,1,25,2.51972,42.84408
66,Pyrénées-Orientales,1,26,2.55841,42.84552
66,Pyrénées-Orientales,1,27,2.59657,42.83684
66,Pyrénées-Orientales,1,28,2.66493,42.83648
66,Pyrénées-Orientales,1,29,2.69567,42.83033
66,Pyrénées-Orientales,1,30,2.73595,42.83576
66,Pyrénées-Orientales,1,31,2.7545,42.85167
66,Pyrénées-Orientales,1,32,2.76192,42.87337
66,Pyrénées-Orientales,1,33,2.78895,42.89616
66,Pyrénées-Orientales,1,34,2.81386,42.89941
66,Pyrénées-Orientales,1,35,2.83453,42.91243
66,Pyrénées-Orientales,1,36,2.86527,42.91858
66,Pyrénées-Orientales,1,37,2.88223,42.90013
66,Pyrénées-Orientales,1,38,2.90714,42.89579
66,Pyrénées-Orientales,1,39,2.91721,42.88495
66,Pyrénées-Orientales,1,40,2.97656,42.87012
66,Pyrénées-Orientales,1,41,3.04334,42.83829
66,Pyrénées-Orientales,1,42,3.03804,42.75945
66,Pyrénées-Orientales,1,43,3.04016,42.71497
66,Pyrénées-Orientales,1,44,3.03433,42.66036
66,Pyrénées-Orientales,1,45,3.03698,42.62491
66,Pyrénées-Orientales,1,46,3.04864,42.55403
66,Pyrénées-Orientales,1,47,3.0603,42.53558
66,Pyrénées-Orientales,1,48,3.13821,42.51642
66,Pyrénées-Orientales,1,49,3.12284,42.50593
66,Pyrénées-Orientales,1,50,3.12973,42.48242
66,Pyrénées-Orientales,1,51,3.15199,42.47808
66,Pyrénées-Orientales,1,52,3.17478,42.43504
66,Pyrénées-Orientales,1,53,3.12072,42.4383
66,Pyrénées-Orientales,1,54,3.08521,42.426
66,Pyrénées-Orientales,1,55,3.04705,42.45855
66,Pyrénées-Orientales,1,56,3.04069,42.4741
66,Pyrénées-Orientales,1,57,3.00995,42.46832
66,Pyrénées-Orientales,1,58,2.98822,42.47374
66,Pyrénées-Orientales,1,59,2.96649,42.46651
66,Pyrénées-Orientales,1,60,2.94688,42.48206
66,Pyrénées-Orientales,1,61,2.91774,42.45638
66,Pyrénées-Orientales,1,62,2.88223,42.46036
66,Pyrénées-Orientales,1,63,2.85679,42.45421
66,Pyrénées-Orientales,1,64,2.83771,42.45819
66,Pyrénées-Orientales,1,65,2.80061,42.42166
66,Pyrénées-Orientales,1,66,2.77411,42.4119
66,Pyrénées-Orientales,1,67,2.75344,42.42636
66,Pyrénées-Orientales,1,68,2.71634,42.4213
66,Pyrénées-Orientales,1,69,2.67394,42.40466
66,Pyrénées-Orientales,1,70,2.65805,42.38079
66,Pyrénées-Orientales,1,71,2.67553,42.35439
66,Pyrénées-Orientales,1,72,2.67553,42.34246
66,Pyrénées-Orientales,1,73,2.61141,42.3468
66,Pyrénées-Orientales,1,74,2.58756,42.35692
66,Pyrénées-Orientales,1,75,2.56212,42.35729
66,Pyrénées-Orientales,1,76,2.53933,42.33378
66,Pyrénées-Orientales,1,77,2.49799,42.34282
66,Pyrénées-Orientales,1,78,2.4805,42.3421
66,Pyrénées-Orientales,1,79,2.46619,42.36054
66,Pyrénées-Orientales,1,80,2.41372,42.39164
66,Pyrénées-Orientales,1,81,2.36921,42.40105
66,Pyrénées-Orientales,1,82,2.30508,42.42709
66,Pyrénées-Orientales,1,83,2.29183,42.42311
66,Pyrénées-Orientales,1,84,2.25685,42.43866
66,Pyrénées-Orientales,1,85,2.24784,42.4307
66,Pyrénées-Orientales,1,86,2.2012,42.41624
66,Pyrénées-Orientales,1,87,2.15721,42.42347
66,Pyrénées-Orientales,1,88,2.12541,42.40973
66,Pyrénées-Orientales,1,89,2.11481,42.38224
66,Pyrénées-Orientales,1,90,2.08302,42.36343
66,Pyrénées-Orientales,1,91,2.00882,42.35258
66,Pyrénées-Orientales,1,92,1.98656,42.36199
66,Pyrénées-Orientales,1,93,1.9643,42.38369
66,Pyrénées-Orientales,1,94,1.95582,42.41262
66,Pyrénées-Orientales,1,95,1.9325,42.45457
66,Pyrénées-Orientales,1,96,1.91607,42.44625
66,Pyrénées-Orientales,1,97,1.8848,42.44951
66,Pyrénées-Orientales,1,98,1.87632,42.46181
66,Pyrénées-Orientales,1,99,1.84876,42.46759
66,Pyrénées-Orientales,1,100,1.82491,42.48495
66,Pyrénées-Orientales,1,101,1.76185,42.48748
66,Pyrénées-Orientales,1,102,1.72952,42.4958
66,Pyrénées-Orientales,1,103,1.72369,42.51642
66,Pyrénées-Orientales,1,104,1.73694,42.55186
66,Pyrénées-Orientales,1,105,1.74807,42.56307
66,Pyrénées-Orientales,1,106,1.78623,42.57356
32,Gers,1,0,-0.0968,43.58222
32,Gers,1,1,-0.11747,43.58548
32,Gers,1,2,-0.16251,43.58186
32,Gers,1,3,-0.17682,43.59669
32,Gers,1,4,-0.24254,43.58475
32,Gers,1,5,-0.25367,43.59669
32,Gers,1,6,-0.24731,43.61586
32,Gers,1,7,-0.28123,43.62381
32,Gers,1,8,-0.28229,43.64298
32,Gers,1,9,-0.24413,43.66034
32,Gers,1,10,-0.2542,43.68349
32,Gers,1,11,-0.24678,43.70555
32,Gers,1,12,-0.19378,43.73701
32,Gers,1,13,-0.21286,43.75618
32,Gers,1,14,-0.22187,43.78728
32,Gers,1,15,-0.22081,43.80934
32,Gers,1,16,-0.19272,43.81043
32,Gers,1,17,-0.19378,43.84044
32,Gers,1,18,-0.20862,43.85744
32,Gers,1,19,-0.18583,43.86685
32,Gers,1,20,-0.19431,43.88167
32,Gers,1,21,-0.23406,43.89108
32,Gers,1,22,-0.22558,43.9135
32,Gers,1,23,-0.20014,43.91458
32,Gers,1,24,-0.18053,43.93411
32,Gers,1,25,-0.12595,43.94388
32,Gers,1,26,-0.08037,43.94279
32,Gers,1,27,-0.04062,43.96956
32,Gers,1,28,-0.03638,43.98366
32,Gers,1,29,0.00549,43.9569
32,Gers,1,30,0.00337,43.94316
32,Gers,1,31,-0.01995,43.92869
32,Gers,1,32,0.03305,43.90012
32,Gers,1,33,0.05902,43.8994
32,Gers,1,34,0.07651,43.91567
32,Gers,1,35,0.0569,43.95147
32,Gers,1,36,0.07598,43.98294
32,Gers,1,37,0.10725,43.98547
32,Gers,1,38,0.12739,44.00247
32,Gers,1,39,0.14117,43.99487
32,Gers,1,40,0.13852,43.97462
32,Gers,1,41,0.15865,43.97354
32,Gers,1,42,0.16554,43.99306
32,Gers,1,43,0.18992,44.01513
32,Gers,1,44,0.21324,44.02164
32,Gers,1,45,0.24822,44.00428
32,Gers,1,46,0.26942,44.00428
32,Gers,1,47,0.29857,43.9927
32,Gers,1,48,0.3574,44.01621
32,Gers,1,49,0.38125,44.00645
32,Gers,1,50,0.41676,44.02923
32,Gers,1,51,0.44272,44.02887
32,Gers,1,52,0.45968,44.05563
32,Gers,1,53,0.53494,44.05491
32,Gers,1,54,0.56621,44.05997
32,Gers,1,55,0.58529,44.07661
32,Gers,1,56,0.60119,44.07805
32,Gers,1,57,0.65101,44.04117
32,Gers,1,58,0.66161,44.02453
32,Gers,1,59,0.67963,44.02959
32,Gers,1,60,0.68493,44.04514
32,Gers,1,61,0.70719,44.05708
32,Gers,1,62,0.74163,44.0654
32,Gers,1,63,0.7517,44.06359
32,Gers,1,64,0.76389,44.02959
32,Gers,1,65,0.81954,44.05635
32,Gers,1,66,0.8524,44.03646
32,Gers,1,67,0.84445,44.02778
32,Gers,1,68,0.81265,44.02453
32,Gers,1,69,0.82696,43.99596
32,Gers,1,70,0.80099,43.97715
32,Gers,1,71,0.78509,43.95618
32,Gers,1,72,0.75965,43.94496
32,Gers,1,73,0.76972,43.92218
32,Gers,1,74,0.80947,43.93267
32,Gers,1,75,0.83809,43.91712
32,Gers,1,76,0.86035,43.92218
32,Gers,1,77,0.90434,43.89867
32,Gers,1,78,0.8842,43.89072
32,Gers,1,79,0.88367,43.87553
32,Gers,1,80,0.91017,43.85383
32,Gers,1,81,0.89533,43.83972
32,Gers,1,82,0.92501,43.82996
32,Gers,1,83,0.90699,43.81224
32,Gers,1,84,0.89745,43.78873
32,Gers,1,85,0.91017,43.78403
32,Gers,1,86,0.93932,43.79198
32,Gers,1,87,0.95363,43.78728
32,Gers,1,88,0.96741,43.76052
32,Gers,1,89,0.99602,43.7352
32,Gers,1,90,1.0628,43.70012
32,Gers,1,91,1.05167,43.68168
32,Gers,1,92,1.08983,43.64985
32,Gers,1,93,1.11527,43.63683
32,Gers,1,94,1.13064,43.64262
32,Gers,1,95,1.15873,43.60537
32,Gers,1,96,1.17993,43.61477
32,Gers,1,97,1.19848,43.5985
32,Gers,1,98,1.19954,43.5692
32,Gers,1,99,1.16562,43.57318
32,Gers,1,100,1.15449,43.55763
32,Gers,1,101,1.12481,43.55437
32,Gers,1,102,1.09725,43.5334
32,Gers,1,103,1.07976,43.5475
32,Gers,1,104,1.06227,43.53991
32,Gers,1,105,1.05379,43.51531
32,Gers,1,106,1.05167,43.48711
32,Gers,1,107,1.01775,43.47372
32,Gers,1,108,1.0416,43.4607
32,Gers,1,109,1.01881,43.43069
32,Gers,1,110,1.02305,43.41188
32,Gers,1,111,0.99443,43.40935
32,Gers,1,112,1.00291,43.3768
32,Gers,1,113,0.97748,43.3627
32,Gers,1,114,0.96317,43.38765
32,Gers,1,115,0.93296,43.3891
32,Gers,1,116,0.90699,43.40826
32,Gers,1,117,0.8206,43.41694
32,Gers,1,118,0.80576,43.39995
32,Gers,1,119,0.77078,43.41694
32,Gers,1,120,0.75647,43.41658
32,Gers,1,121,0.75382,43.38946
32,Gers,1,122,0.73368,43.37101
32,Gers,1,123,0.70242,43.3645
32,Gers,1,124,0.67433,43.32906
32,Gers,1,125,0.6473,43.31279
32,Gers,1,126,0.60702,43.31098
32,Gers,1,127,0.5466,43.32978
32,Gers,1,128,0.50791,43.33412
32,Gers,1,129,0.49731,43.32617
32,Gers,1,130,0.44484,43.34063
32,Gers,1,131,0.44325,43.32798
32,Gers,1,132,0.39609,43.3334
32,Gers,1,133,0.38973,43.35582
32,Gers,1,134,0.33196,43.34317
32,Gers,1,135,0.32931,43.36378
32,Gers,1,136,0.30069,43.37174
32,Gers,1,137,0.27949,43.38656
32,Gers,1,138,0.23179,43.36776
32,Gers,1,139,0.18197,43.37137
32,Gers,1,140,0.17402,43.40284
32,Gers,1,141,0.15494,43.39922
32,Gers,1,142,0.13799,43.4343
32,Gers,1,143,0.16607,43.44226
32,Gers,1,144,0.14965,43.46541
32,Gers,1,145,0.13057,43.47409
32,Gers,1,146,0.12739,43.49868
32,Gers,1,147,0.11202,43.51748
32,Gers,1,148,0.08976,43.51025
32,Gers,1,149,0.08075,43.52436
32,Gers,1,150,0.05372,43.51821
32,Gers,1,151,0.02934,43.54497
32,Gers,1,152,0.01556,43.54352
32,Gers,1,153,-0.00246,43.56559
32,Gers,1,154,-0.01518,43.60537
32,Gers,1,155,-0.07401,43.60645
32,Gers,1,156,-0.07719,43.59018
32,Gers,1,157,-0.0968,43.58222
51,Marne,1,0,3.5553,48.62011
51,Marne,1,1,3.51979,48.64362
51,Marne,1,2,3.48641,48.64254
51,Marne,1,3,3.45938,48.65158
51,Marne,1,4,3.44295,48.67219
51,Marne,1,5,3.47634,48.69751
51,Marne,1,6,3.46362,48.70727
51,Marne,1,7,3.46998,48.73801
51,Marne,1,8,3.44348,48.73693
51,Marne,1,9,3.42811,48.75574
51,Marne,1,10,3.39578,48.75935
51,Marne,1,11,3.40956,48.78358
51,Marne,1,12,3.44295,48.78829
51,Marne,1,13,3.40479,48.8089
51,Marne,1,14,3.41645,48.81794
51,Marne,1,15,3.44772,48.81143
51,Marne,1,16,3.48535,48.82517
51,Marne,1,17,3.48482,48.85194
51,Marne,1,18,3.5288,48.91233
51,Marne,1,19,3.57226,48.91848
51,Marne,1,20,3.57491,48.9391
51,Marne,1,21,3.59558,48.94488
51,Marne,1,22,3.59134,48.96043
51,Marne,1,23,3.62102,48.96622
51,Marne,1,24,3.63957,49.00383
51,Marne,1,25,3.66077,49.00419
51,Marne,1,26,3.67826,49.01866
51,Marne,1,27,3.66395,49.03747
51,Marne,1,28,3.64328,49.04036
51,Marne,1,29,3.58763,49.03385
51,Marne,1,30,3.58763,49.05953
51,Marne,1,31,3.63904,49.08123
51,Marne,1,32,3.61996,49.10727
51,Marne,1,33,3.59982,49.12065
51,Marne,1,34,3.6242,49.15139
51,Marne,1,35,3.69151,49.1532
51,Marne,1,36,3.70582,49.14524
51,Marne,1,37,3.74875,49.15718
51,Marne,1,38,3.7514,49.17779
51,Marne,1,39,3.7037,49.18141
51,Marne,1,40,3.69734,49.20564
51,Marne,1,41,3.65971,49.2107
51,Marne,1,42,3.67826,49.23529
51,Marne,1,43,3.65547,49.26314
51,Marne,1,44,3.656,49.29099
51,Marne,1,45,3.64752,49.31594
51,Marne,1,46,3.69893,49.33222
51,Marne,1,47,3.74239,49.33692
51,Marne,1,48,3.75776,49.34777
51,Marne,1,49,3.80227,49.35898
51,Marne,1,50,3.85262,49.34488
51,Marne,1,51,3.85792,49.38466
51,Marne,1,52,3.83725,49.39659
51,Marne,1,53,3.87011,49.40672
51,Marne,1,54,3.91092,49.39551
51,Marne,1,55,3.9247,49.406
51,Marne,1,56,3.96127,49.37743
51,Marne,1,57,3.99519,49.37779
51,Marne,1,58,4.01798,49.36043
51,Marne,1,59,4.036,49.36007
51,Marne,1,60,4.04024,49.39732
51,Marne,1,61,4.04819,49.40564
51,Marne,1,62,4.0768,49.40166
51,Marne,1,63,4.17485,49.40238
51,Marne,1,64,4.24322,49.38032
51,Marne,1,65,4.30841,49.32679
51,Marne,1,66,4.37359,49.32101
51,Marne,1,67,4.39373,49.29714
51,Marne,1,68,4.42288,49.2805
51,Marne,1,69,4.4621,49.27761
51,Marne,1,70,4.51563,49.28195
51,Marne,1,71,4.55644,49.29533
51,Marne,1,72,4.59831,49.29135
51,Marne,1,73,4.59407,49.27146
51,Marne,1,74,4.61155,49.25916
51,Marne,1,75,4.6248,49.23566
51,Marne,1,76,4.64441,49.23276
51,Marne,1,77,4.68681,49.25663
51,Marne,1,78,4.72974,49.25157
51,Marne,1,79,4.74458,49.24144
51,Marne,1,80,4.78963,49.24072
51,Marne,1,81,4.81242,49.2494
51,Marne,1,82,4.82726,49.23529
51,Marne,1,83,4.86648,49.22698
51,Marne,1,84,4.8686,49.2447
51,Marne,1,85,4.88344,49.25663
51,Marne,1,86,4.91735,49.26531
51,Marne,1,87,4.92371,49.25085
51,Marne,1,88,4.95074,49.2371
51,Marne,1,89,4.97194,49.23168
51,Marne,1,90,4.99261,49.21034
51,Marne,1,91,4.9412,49.18575
51,Marne,1,92,4.97194,49.13656
51,Marne,1,93,4.99738,49.1051
51,Marne,1,94,5.00957,49.0353
51,Marne,1,95,5.0366,49.02445
51,Marne,1,96,5.03925,48.97382
51,Marne,1,97,5.0154,48.93873
51,Marne,1,98,4.96028,48.92644
51,Marne,1,99,4.9518,48.93078
51,Marne,1,100,4.91258,48.89787
51,Marne,1,101,4.92477,48.89136
51,Marne,1,102,4.91152,48.86821
51,Marne,1,103,4.9359,48.84073
51,Marne,1,104,4.88874,48.81758
51,Marne,1,105,4.8935,48.79697
51,Marne,1,106,4.93431,48.79046
51,Marne,1,107,4.94862,48.77056
51,Marne,1,108,4.97883,48.75176
51,Marne,1,109,5.00904,48.74127
51,Marne,1,110,5.0154,48.70981
51,Marne,1,111,4.98837,48.68449
51,Marne,1,112,4.95233,48.68738
51,Marne,1,113,4.93537,48.67798
51,Marne,1,114,4.91099,48.68883
51,Marne,1,115,4.89456,48.67834
51,Marne,1,116,4.85482,48.66677
51,Marne,1,117,4.81719,48.68051
51,Marne,1,118,4.78168,48.67002
51,Marne,1,119,4.77267,48.65664
51,Marne,1,120,4.8421,48.64977
51,Marne,1,121,4.85482,48.61252
51,Marne,1,122,4.8315,48.61324
51,Marne,1,123,4.76896,48.58865
51,Marne,1,124,4.78274,48.55429
51,Marne,1,125,4.79917,48.53006
51,Marne,1,126,4.71808,48.542
51,Marne,1,127,4.66985,48.53187
51,Marne,1,128,4.59566,48.55212
51,Marne,1,129,4.5681,48.54742
51,Marne,1,130,4.52835,48.52898
51,Marne,1,131,4.51086,48.54778
51,Marne,1,132,4.49549,48.53874
51,Marne,1,133,4.40592,48.56008
51,Marne,1,134,4.3153,48.61614
51,Marne,1,135,4.32749,48.62626
51,Marne,1,136,4.32219,48.64615
51,Marne,1,137,4.33331,48.67075
51,Marne,1,138,4.32696,48.69751
51,Marne,1,139,4.29569,48.71342
51,Marne,1,140,4.23315,48.70221
51,Marne,1,141,4.16637,48.70764
51,Marne,1,142,4.13139,48.6863
51,Marne,1,143,4.07839,48.70149
51,Marne,1,144,4.06143,48.67002
51,Marne,1,145,4.04395,48.66098
51,Marne,1,146,4.00102,48.66387
51,Marne,1,147,3.98459,48.65339
51,Marne,1,148,3.94908,48.60312
51,Marne,1,149,3.90827,48.60167
51,Marne,1,150,3.89926,48.57491
51,Marne,1,151,3.87064,48.58033
51,Marne,1,152,3.85845,48.56044
51,Marne,1,153,3.86163,48.53512
51,Marne,1,154,3.82559,48.51523
51,Marne,1,155,3.79591,48.52825
51,Marne,1,156,3.73179,48.53766
51,Marne,1,157,3.70423,48.53332
51,Marne,1,158,3.63374,48.542
51,Marne,1,159,3.63321,48.56912
51,Marne,1,160,3.603,48.57961
51,Marne,1,161,3.5553,48.62011
05,Hautes-Alpes,1,0,5.67576,44.19161
05,Hautes-Alpes,1,1,5.68159,44.23321
05,Hautes-Alpes,1,2,5.67258,44.2455
05,Hautes-Alpes,1,3,5.68742,44.26648
05,Hautes-Alpes,1,4,5.67576,44.27588
05,Hautes-Alpes,1,5,5.64661,44.2672
05,Hautes-Alpes,1,6,5.63283,44.28311
05,Hautes-Alpes,1,7,5.63707,44.30047
05,Hautes-Alpes,1,8,5.60845,44.30626
05,Hautes-Alpes,1,9,5.63177,44.33013
05,Hautes-Alpes,1,10,5.574,44.33411
05,Hautes-Alpes,1,11,5.55068,44.33085
05,Hautes-Alpes,1,12,5.52259,44.34785
05,Hautes-Alpes,1,13,5.50245,44.34423
05,Hautes-Alpes,1,14,5.46906,44.35147
05,Hautes-Alpes,1,15,5.46217,44.36738
05,Hautes-Alpes,1,16,5.43515,44.36883
05,Hautes-Alpes,1,17,5.44045,44.38763
05,Hautes-Alpes,1,18,5.43356,44.4332
05,Hautes-Alpes,1,19,5.47701,44.41982
05,Hautes-Alpes,1,20,5.49556,44.43863
05,Hautes-Alpes,1,21,5.46747,44.44695
05,Hautes-Alpes,1,22,5.45846,44.49939
05,Hautes-Alpes,1,23,5.47966,44.49143
05,Hautes-Alpes,1,24,5.51093,44.49143
05,Hautes-Alpes,1,25,5.55598,44.47624
05,Hautes-Alpes,1,26,5.60368,44.46539
05,Hautes-Alpes,1,27,5.61746,44.47371
05,Hautes-Alpes,1,28,5.62647,44.4983
05,Hautes-Alpes,1,29,5.66463,44.50192
05,Hautes-Alpes,1,30,5.63336,44.52976
05,Hautes-Alpes,1,31,5.59679,44.54351
05,Hautes-Alpes,1,32,5.60739,44.56846
05,Hautes-Alpes,1,33,5.62647,44.58654
05,Hautes-Alpes,1,34,5.64926,44.61946
05,Hautes-Alpes,1,35,5.64184,44.65128
05,Hautes-Alpes,1,36,5.73564,44.64043
05,Hautes-Alpes,1,37,5.74942,44.65671
05,Hautes-Alpes,1,38,5.79023,44.65345
05,Hautes-Alpes,1,39,5.79977,44.67226
05,Hautes-Alpes,1,40,5.82733,44.68636
05,Hautes-Alpes,1,41,5.82415,44.70228
05,Hautes-Alpes,1,42,5.80136,44.70662
05,Hautes-Alpes,1,43,5.82892,44.74423
05,Hautes-Alpes,1,44,5.84376,44.75363
05,Hautes-Alpes,1,45,5.87927,44.74712
05,Hautes-Alpes,1,46,5.89994,44.75833
05,Hautes-Alpes,1,47,5.91531,44.75472
05,Hautes-Alpes,1,48,5.9805,44.78112
05,Hautes-Alpes,1,49,5.97785,44.79088
05,Hautes-Alpes,1,50,5.94976,44.80426
05,Hautes-Alpes,1,51,5.97944,44.81873
05,Hautes-Alpes,1,52,6.0054,44.8209
05,Hautes-Alpes,1,53,6.03031,44.83826
05,Hautes-Alpes,1,54,6.05999,44.81981
05,Hautes-Alpes,1,55,6.1167,44.84947
05,Hautes-Alpes,1,56,6.12889,44.86213
05,Hautes-Alpes,1,57,6.1697,44.85236
05,Hautes-Alpes,1,58,6.1962,44.85887
05,Hautes-Alpes,1,59,6.24337,44.852
05,Hautes-Alpes,1,60,6.26934,44.87045
05,Hautes-Alpes,1,61,6.30484,44.87225
05,Hautes-Alpes,1,62,6.33611,44.84839
05,Hautes-Alpes,1,63,6.35466,44.85598
05,Hautes-Alpes,1,64,6.35095,44.87225
05,Hautes-Alpes,1,65,6.3589,44.94133
05,Hautes-Alpes,1,66,6.32286,44.9529
05,Hautes-Alpes,1,67,6.32869,44.96954
05,Hautes-Alpes,1,68,6.31491,44.97967
05,Hautes-Alpes,1,69,6.31809,45.0039
05,Hautes-Alpes,1,70,6.25609,44.99666
05,Hautes-Alpes,1,71,6.20468,45.01258
05,Hautes-Alpes,1,72,6.20256,45.0227
05,Hautes-Alpes,1,73,6.21952,45.06538
05,Hautes-Alpes,1,74,6.24178,45.07334
05,Hautes-Alpes,1,75,6.22853,45.10842
05,Hautes-Alpes,1,76,6.26033,45.12686
05,Hautes-Alpes,1,77,6.28629,45.11023
05,Hautes-Alpes,1,78,6.30166,45.10878
05,Hautes-Alpes,1,79,6.33399,45.12288
05,Hautes-Alpes,1,80,6.36526,45.10191
05,Hautes-Alpes,1,81,6.37374,45.08419
05,Hautes-Alpes,1,82,6.36473,45.07008
05,Hautes-Alpes,1,83,6.39706,45.06176
05,Hautes-Alpes,1,84,6.42939,45.06285
05,Hautes-Alpes,1,85,6.44794,45.05272
05,Hautes-Alpes,1,86,6.48716,45.05634
05,Hautes-Alpes,1,87,6.48133,45.09431
05,Hautes-Alpes,1,88,6.51048,45.10914
05,Hautes-Alpes,1,89,6.52956,45.09865
05,Hautes-Alpes,1,90,6.56136,45.10661
05,Hautes-Alpes,1,91,6.57672,45.12288
05,Hautes-Alpes,1,92,6.61541,45.12144
05,Hautes-Alpes,1,93,6.62972,45.1095
05,Hautes-Alpes,1,94,6.64562,45.07876
05,Hautes-Alpes,1,95,6.66258,45.069
05,Hautes-Alpes,1,96,6.66417,45.03392
05,Hautes-Alpes,1,97,6.67901,45.02053
05,Hautes-Alpes,1,98,6.73943,45.01764
05,Hautes-Alpes,1,99,6.75162,44.99739
05,Hautes-Alpes,1,100,6.73784,44.98943
05,Hautes-Alpes,1,101,6.76328,44.97171
05,Hautes-Alpes,1,102,6.75268,44.93808
05,Hautes-Alpes,1,103,6.7495,44.90734
05,Hautes-Alpes,1,104,6.77865,44.89685
05,Hautes-Alpes,1,105,6.80462,44.87732
05,Hautes-Alpes,1,106,6.83854,44.86104
05,Hautes-Alpes,1,107,6.88358,44.84802
05,Hautes-Alpes,1,108,6.91273,44.84513
05,Hautes-Alpes,1,109,6.93075,44.86321
05,Hautes-Alpes,1,110,6.9705,44.84658
05,Hautes-Alpes,1,111,7.0023,44.84188
05,Hautes-Alpes,1,112,7.0235,44.82162
05,Hautes-Alpes,1,113,6.99965,44.7898
05,Hautes-Alpes,1,114,7.01873,44.77678
05,Hautes-Alpes,1,115,7.02721,44.73627
05,Hautes-Alpes,1,116,7.04205,44.71855
05,Hautes-Alpes,1,117,7.06643,44.71059
05,Hautes-Alpes,1,118,7.07703,44.6813
05,Hautes-Alpes,1,119,7.05954,44.68021
05,Hautes-Alpes,1,120,7.03092,44.69106
05,Hautes-Alpes,1,121,6.99594,44.69034
05,Hautes-Alpes,1,122,6.96255,44.67804
05,Hautes-Alpes,1,123,6.94824,44.6549
05,Hautes-Alpes,1,124,6.91538,44.65996
05,Hautes-Alpes,1,125,6.88358,44.63248
05,Hautes-Alpes,1,126,6.85814,44.62814
05,Hautes-Alpes,1,127,6.8433,44.60897
05,Hautes-Alpes,1,128,6.79985,44.60427
05,Hautes-Alpes,1,129,6.7548,44.57136
05,Hautes-Alpes,1,130,6.73837,44.55291
05,Hautes-Alpes,1,131,6.68166,44.52904
05,Hautes-Alpes,1,132,6.66841,44.50047
05,Hautes-Alpes,1,133,6.6435,44.48781
05,Hautes-Alpes,1,134,6.63237,44.44695
05,Hautes-Alpes,1,135,6.54758,44.44695
05,Hautes-Alpes,1,136,6.48133,44.45382
05,Hautes-Alpes,1,137,6.45801,44.46647
05,Hautes-Alpes,1,138,6.41137,44.47081
05,Hautes-Alpes,1,139,6.39865,44.49432
05,Hautes-Alpes,1,140,6.36208,44.52217
05,Hautes-Alpes,1,141,6.3324,44.51024
05,Hautes-Alpes,1,142,6.34406,44.49251
05,Hautes-Alpes,1,143,6.3271,44.46358
05,Hautes-Alpes,1,144,6.29106,44.47949
05,Hautes-Alpes,1,145,6.25662,44.46611
05,Hautes-Alpes,1,146,6.2333,44.46358
05,Hautes-Alpes,1,147,6.26245,44.41223
05,Hautes-Alpes,1,148,6.23913,44.38474
05,Hautes-Alpes,1,149,6.22747,44.38185
05,Hautes-Alpes,1,150,6.17447,44.43971
05,Hautes-Alpes,1,151,6.15645,44.44224
05,Hautes-Alpes,1,152,6.15539,44.46177
05,Hautes-Alpes,1,153,6.11617,44.47515
05,Hautes-Alpes,1,154,6.0796,44.47552
05,Hautes-Alpes,1,155,6.07589,44.4408
05,Hautes-Alpes,1,156,6.05628,44.44948
05,Hautes-Alpes,1,157,6.02501,44.43356
05,Hautes-Alpes,1,158,6.00593,44.41693
05,Hautes-Alpes,1,159,5.95347,44.39523
05,Hautes-Alpes,1,160,5.93969,44.36449
05,Hautes-Alpes,1,161,5.89676,44.32073
05,Hautes-Alpes,1,162,5.92644,44.2936
05,Hautes-Alpes,1,163,5.91372,44.28565
05,Hautes-Alpes,1,164,5.92061,44.26358
05,Hautes-Alpes,1,165,5.90842,44.2531
05,Hautes-Alpes,1,166,5.8745,44.27733
05,Hautes-Alpes,1,167,5.87715,44.28962
05,Hautes-Alpes,1,168,5.84906,44.30084
05,Hautes-Alpes,1,169,5.82468,44.27986
05,Hautes-Alpes,1,170,5.8268,44.26322
05,Hautes-Alpes,1,171,5.8533,44.24803
05,Hautes-Alpes,1,172,5.88086,44.21151
05,Hautes-Alpes,1,173,5.91478,44.20355
05,Hautes-Alpes,1,174,5.8904,44.19017
05,Hautes-Alpes,1,175,5.82892,44.20066
05,Hautes-Alpes,1,176,5.795,44.21368
05,Hautes-Alpes,1,177,5.75472,44.2097
05,Hautes-Alpes,1,178,5.71392,44.19921
05,Hautes-Alpes,1,179,5.69219,44.18655
05,Hautes-Alpes,1,180,5.67576,44.19161
74,Haute-Savoie,1,0,5.82892,45.93842
74,Haute-Savoie,1,1,5.83157,45.97531
74,Haute-Savoie,1,2,5.80931,45.98942
74,Haute-Savoie,1,3,5.81249,46.02558
74,Haute-Savoie,1,4,5.80666,46.04403
74,Haute-Savoie,1,5,5.81143,46.07838
74,Haute-Savoie,1,6,5.83952,46.10261
74,Haute-Savoie,1,7,5.85648,46.0867
74,Haute-Savoie,1,8,5.88457,46.08525
74,Haute-Savoie,1,9,5.89305,46.11925
74,Haute-Savoie,1,10,5.92061,46.13119
74,Haute-Savoie,1,11,5.95612,46.13227
74,Haute-Savoie,1,12,5.99852,46.14348
74,Haute-Savoie,1,13,6.0372,46.13806
74,Haute-Savoie,1,14,6.05204,46.15144
74,Haute-Savoie,1,15,6.09179,46.1518
74,Haute-Savoie,1,16,6.12677,46.14059
74,Haute-Savoie,1,17,6.17553,46.15831
74,Haute-Savoie,1,18,6.18613,46.17748
74,Haute-Savoie,1,19,6.2227,46.20099
74,Haute-Savoie,1,20,6.27623,46.21545
74,Haute-Savoie,1,21,6.30908,46.24221
74,Haute-Savoie,1,22,6.29,46.25994
74,Haute-Savoie,1,23,6.26669,46.24764
74,Haute-Savoie,1,24,6.23807,46.27621
74,Haute-Savoie,1,25,6.25768,46.32214
74,Haute-Savoie,1,26,6.29477,46.3612
74,Haute-Savoie,1,27,6.343,46.37024
74,Haute-Savoie,1,28,6.36261,46.34782
74,Haute-Savoie,1,29,6.39176,46.34131
74,Haute-Savoie,1,30,6.41508,46.35975
74,Haute-Savoie,1,31,6.42992,46.35975
74,Haute-Savoie,1,32,6.47656,46.37494
74,Haute-Savoie,1,33,6.48292,46.39194
74,Haute-Savoie,1,34,6.51313,46.40496
74,Haute-Savoie,1,35,6.54493,46.39483
74,Haute-Savoie,1,36,6.58891,46.40243
74,Haute-Savoie,1,37,6.72247,46.40785
74,Haute-Savoie,1,38,6.8025,46.39013
74,Haute-Savoie,1,39,6.80568,46.37856
74,Haute-Savoie,1,40,6.77123,46.3612
74,Haute-Savoie,1,41,6.77229,46.35035
74,Haute-Savoie,1,42,6.80409,46.31997
74,Haute-Savoie,1,43,6.86503,46.28127
74,Haute-Savoie,1,44,6.85549,46.25523
74,Haute-Savoie,1,45,6.82158,46.22775
74,Haute-Savoie,1,46,6.80356,46.20316
74,Haute-Savoie,1,47,6.80568,46.17386
74,Haute-Savoie,1,48,6.79243,46.16156
74,Haute-Savoie,1,49,6.79614,46.14204
74,Haute-Savoie,1,50,6.81522,46.12938
74,Haute-Savoie,1,51,6.83642,46.13263
74,Haute-Savoie,1,52,6.89789,46.12214
74,Haute-Savoie,1,53,6.88358,46.09574
74,Haute-Savoie,1,54,6.891,46.08525
74,Haute-Savoie,1,55,6.87192,46.05126
74,Haute-Savoie,1,56,6.88782,46.0433
74,Haute-Savoie,1,57,6.93181,46.06573
74,Haute-Savoie,1,58,6.96308,46.03028
74,Haute-Savoie,1,59,7.0182,45.98435
74,Haute-Savoie,1,60,7.00866,45.96916
74,Haute-Savoie,1,61,7.03728,45.95397
74,Haute-Savoie,1,62,7.0447,45.92251
74,Haute-Savoie,1,63,7.0182,45.91419
74,Haute-Savoie,1,64,7.00283,45.89719
74,Haute-Savoie,1,65,6.99223,45.86935
74,Haute-Savoie,1,66,6.95566,45.86139
74,Haute-Savoie,1,67,6.91591,45.84294
74,Haute-Savoie,1,68,6.87351,45.84548
74,Haute-Savoie,1,69,6.87033,45.82812
74,Haute-Savoie,1,70,6.83907,45.84005
74,Haute-Savoie,1,71,6.81787,45.83426
74,Haute-Savoie,1,72,6.80409,45.81618
74,Haute-Savoie,1,73,6.81151,45.79918
74,Haute-Savoie,1,74,6.8025,45.77857
74,Haute-Savoie,1,75,6.7601,45.7688
74,Haute-Savoie,1,76,6.71929,45.72685
74,Haute-Savoie,1,77,6.69226,45.73119
74,Haute-Savoie,1,78,6.69014,45.7688
74,Haute-Savoie,1,79,6.6594,45.80063
74,Haute-Savoie,1,80,6.59898,45.79231
74,Haute-Savoie,1,81,6.57672,45.81654
74,Haute-Savoie,1,82,6.55341,45.82595
74,Haute-Savoie,1,83,6.53486,45.86175
74,Haute-Savoie,1,84,6.56559,45.86284
74,Haute-Savoie,1,85,6.57301,45.8773
74,Haute-Savoie,1,86,6.55924,45.89321
74,Haute-Savoie,1,87,6.51684,45.90262
74,Haute-Savoie,1,88,6.47709,45.88598
74,Haute-Savoie,1,89,6.44476,45.84548
74,Haute-Savoie,1,90,6.45006,45.83716
74,Haute-Savoie,1,91,6.42462,45.8028
74,Haute-Savoie,1,92,6.39653,45.78833
74,Haute-Savoie,1,93,6.37427,45.76591
74,Haute-Savoie,1,94,6.32922,45.69358
74,Haute-Savoie,1,95,6.30484,45.69322
74,Haute-Savoie,1,96,6.27835,45.68418
74,Haute-Savoie,1,97,6.23807,45.68526
74,Haute-Savoie,1,98,6.23171,45.70298
74,Haute-Savoie,1,99,6.18878,45.69828
74,Haute-Savoie,1,100,6.1962,45.73192
74,Haute-Savoie,1,101,6.17712,45.73734
74,Haute-Savoie,1,102,6.16652,45.75651
74,Haute-Savoie,1,103,6.1432,45.76157
74,Haute-Savoie,1,104,6.12783,45.75181
74,Haute-Savoie,1,105,6.08331,45.74023
74,Haute-Savoie,1,106,6.03455,45.74276
74,Haute-Savoie,1,107,6.00382,45.74964
74,Haute-Savoie,1,108,5.97414,45.7688
74,Haute-Savoie,1,109,5.97997,45.79629
74,Haute-Savoie,1,110,5.96248,45.81293
74,Haute-Savoie,1,111,5.91372,45.80425
74,Haute-Savoie,1,112,5.87344,45.83897
74,Haute-Savoie,1,113,5.87874,45.86139
74,Haute-Savoie,1,114,5.86814,45.88887
74,Haute-Savoie,1,115,5.86231,45.93227
74,Haute-Savoie,1,116,5.82892,45.93842
93,Seine-Saint-Denis,1,0,2.31992,48.9004
93,Seine-Saint-Denis,1,1,2.31356,48.91414
93,Seine-Saint-Denis,1,2,2.3337,48.92752
93,Seine-Saint-Denis,1,3,2.33529,48.9409
93,Seine-Saint-Denis,1,4,2.29077,48.95103
93,Seine-Saint-Denis,1,5,2.29872,48.96622
93,Seine-Saint-Denis,1,6,2.33317,48.95537
93,Seine-Saint-Denis,1,7,2.34377,48.96839
93,Seine-Saint-Denis,1,8,2.38351,48.97128
93,Seine-Saint-Denis,1,9,2.40736,48.95609
93,Seine-Saint-Denis,1,10,2.4593,48.95501
93,Seine-Saint-Denis,1,11,2.51707,48.98611
93,Seine-Saint-Denis,1,12,2.53244,49.00528
93,Seine-Saint-Denis,1,13,2.55364,49.00998
93,Seine-Saint-Denis,1,14,2.5812,48.99045
93,Seine-Saint-Denis,1,15,2.56689,48.9749
93,Seine-Saint-Denis,1,16,2.59127,48.95067
93,Seine-Saint-Denis,1,17,2.60293,48.92933
93,Seine-Saint-Denis,1,18,2.57219,48.89244
93,Seine-Saint-Denis,1,19,2.56901,48.86821
93,Seine-Saint-Denis,1,20,2.59233,48.82554
93,Seine-Saint-Denis,1,21,2.5918,48.80709
93,Seine-Saint-Denis,1,22,2.57007,48.81505
93,Seine-Saint-Denis,1,23,2.55682,48.83168
93,Seine-Saint-Denis,1,24,2.4911,48.86062
93,Seine-Saint-Denis,1,25,2.41637,48.84941
93,Seine-Saint-Denis,1,26,2.41372,48.87255
93,Seine-Saint-Denis,1,27,2.3851,48.90221
93,Seine-Saint-Denis,1,28,2.31992,48.9004
27,Eure,1,0,0.41252,48.95031
27,Eure,1,1,0.42842,48.96622
27,Eure,1,2,0.43371,49.00492
27,Eure,1,3,0.4459,49.01902
27,Eure,1,4,0.42577,49.03204
27,Eure,1,5,0.38125,49.03891
27,Eure,1,6,0.37913,49.06893
27,Eure,1,7,0.39132,49.07797
27,Eure,1,8,0.40934,49.12101
27,Eure,1,9,0.4263,49.13367
27,Eure,1,10,0.38549,49.15464
27,Eure,1,11,0.39503,49.20925
27,Eure,1,12,0.33938,49.23023
27,Eure,1,13,0.3203,49.24831
27,Eure,1,14,0.38284,49.26423
27,Eure,1,15,0.3839,49.28593
27,Eure,1,16,0.36588,49.29533
27,Eure,1,17,0.32295,49.29533
27,Eure,1,18,0.31288,49.32245
27,Eure,1,19,0.32136,49.33584
27,Eure,1,20,0.30175,49.37128
27,Eure,1,21,0.30864,49.38647
27,Eure,1,22,0.29698,49.41034
27,Eure,1,23,0.29698,49.42987
27,Eure,1,24,0.33726,49.43384
27,Eure,1,25,0.33832,49.44542
27,Eure,1,26,0.36906,49.44433
27,Eure,1,27,0.4353,49.45988
27,Eure,1,28,0.4883,49.48339
27,Eure,1,29,0.52275,49.47941
27,Eure,1,30,0.57257,49.43855
27,Eure,1,31,0.59165,49.43023
27,Eure,1,32,0.65207,49.42191
27,Eure,1,33,0.6685,49.4031
27,Eure,1,34,0.70983,49.41034
27,Eure,1,35,0.74322,49.40961
27,Eure,1,36,0.76707,49.4201
27,Eure,1,37,0.79675,49.41721
27,Eure,1,38,0.8259,49.39551
27,Eure,1,39,0.87837,49.39623
27,Eure,1,40,0.89321,49.37236
27,Eure,1,41,0.91706,49.37634
27,Eure,1,42,0.92342,49.34994
27,Eure,1,43,0.86512,49.34524
27,Eure,1,44,0.85611,49.32462
27,Eure,1,45,0.88897,49.31703
27,Eure,1,46,0.89957,49.29822
27,Eure,1,47,0.92554,49.31341
27,Eure,1,48,0.94303,49.31124
27,Eure,1,49,1.00132,49.25121
27,Eure,1,50,1.05167,49.26242
27,Eure,1,51,1.06545,49.27652
27,Eure,1,52,1.04796,49.29786
27,Eure,1,53,1.07817,49.30835
27,Eure,1,54,1.13382,49.3098
27,Eure,1,55,1.14548,49.33511
27,Eure,1,56,1.1688,49.33584
27,Eure,1,57,1.19954,49.35102
27,Eure,1,58,1.27214,49.34632
27,Eure,1,59,1.28486,49.36404
27,Eure,1,60,1.28539,49.38828
27,Eure,1,61,1.30818,49.39551
27,Eure,1,62,1.31666,49.42914
27,Eure,1,63,1.3368,49.4277
27,Eure,1,64,1.34316,49.4465
27,Eure,1,65,1.40093,49.45699
27,Eure,1,66,1.47619,49.45157
27,Eure,1,67,1.50481,49.43818
27,Eure,1,68,1.52972,49.44252
27,Eure,1,69,1.57529,49.43746
27,Eure,1,70,1.60391,49.41214
27,Eure,1,71,1.62458,49.41468
27,Eure,1,72,1.64737,49.4031
27,Eure,1,73,1.67016,49.40672
27,Eure,1,74,1.69454,49.39515
27,Eure,1,75,1.71415,49.40925
27,Eure,1,76,1.71998,49.39551
27,Eure,1,77,1.75973,49.36838
27,Eure,1,78,1.77139,49.33837
27,Eure,1,79,1.77139,49.29497
27,Eure,1,80,1.79736,49.28846
27,Eure,1,81,1.80266,49.27182
27,Eure,1,82,1.78941,49.25374
27,Eure,1,83,1.75125,49.26748
27,Eure,1,84,1.7115,49.26459
27,Eure,1,85,1.70143,49.25193
27,Eure,1,86,1.70461,49.2324
27,Eure,1,87,1.67758,49.21323
27,Eure,1,88,1.65585,49.13005
27,Eure,1,89,1.61822,49.09389
27,Eure,1,90,1.60868,49.07761
27,Eure,1,91,1.59437,49.08267
27,Eure,1,92,1.55939,49.06966
27,Eure,1,93,1.50958,49.0664
27,Eure,1,94,1.48785,49.0523
27,Eure,1,95,1.46188,49.06387
27,Eure,1,96,1.45287,49.05049
27,Eure,1,97,1.45817,49.02589
27,Eure,1,98,1.47725,49.01685
27,Eure,1,99,1.48043,49.00094
27,Eure,1,100,1.47089,48.9749
27,Eure,1,101,1.49686,48.96948
27,Eure,1,102,1.51064,48.95356
27,Eure,1,103,1.50163,48.9409
27,Eure,1,104,1.46135,48.93765
27,Eure,1,105,1.45711,48.91631
27,Eure,1,106,1.46877,48.8928
27,Eure,1,107,1.45552,48.87038
27,Eure,1,108,1.4057,48.86098
27,Eure,1,109,1.36171,48.83422
27,Eure,1,110,1.35694,48.81903
27,Eure,1,111,1.37761,48.79046
27,Eure,1,112,1.33309,48.76261
27,Eure,1,113,1.29705,48.76839
27,Eure,1,114,1.26843,48.75718
27,Eure,1,115,1.24565,48.76948
27,Eure,1,116,1.18417,48.77237
27,Eure,1,117,1.15767,48.76948
27,Eure,1,118,1.15184,48.78575
27,Eure,1,119,1.12163,48.78937
27,Eure,1,120,1.11368,48.74597
27,Eure,1,121,1.07605,48.74923
27,Eure,1,122,1.0628,48.75899
27,Eure,1,123,1.01351,48.72825
27,Eure,1,124,0.97801,48.73078
27,Eure,1,125,0.94356,48.71342
27,Eure,1,126,0.87254,48.71306
27,Eure,1,127,0.84922,48.6816
27,Eure,1,128,0.81477,48.67002
27,Eure,1,129,0.76389,48.67581
27,Eure,1,130,0.76707,48.6957
27,Eure,1,131,0.72997,48.70547
27,Eure,1,132,0.77502,48.73729
27,Eure,1,133,0.73368,48.78322
27,Eure,1,134,0.68917,48.79443
27,Eure,1,135,0.66956,48.80709
27,Eure,1,136,0.60967,48.83132
27,Eure,1,137,0.62239,48.85266
27,Eure,1,138,0.58953,48.87255
27,Eure,1,139,0.57787,48.89389
27,Eure,1,140,0.55137,48.87508
27,Eure,1,141,0.50155,48.87834
27,Eure,1,142,0.46339,48.88846
27,Eure,1,143,0.42047,48.88702
27,Eure,1,144,0.41464,48.90004
27,Eure,1,145,0.38655,48.91848
27,Eure,1,146,0.41252,48.95031
21,Côte-d'Or,1,0,4.20983,47.1554
21,Côte-d'Or,1,1,4.21142,47.1771
21,Côte-d'Or,1,2,4.22997,47.19518
21,Côte-d'Or,1,3,4.22096,47.21616
21,Côte-d'Or,1,4,4.18704,47.24509
21,Côte-d'Or,1,5,4.16637,47.24979
21,Côte-d'Or,1,6,4.1351,47.2375
21,Côte-d'Or,1,7,4.11655,47.27764
21,Côte-d'Or,1,8,4.1245,47.30368
21,Côte-d'Or,1,9,4.12556,47.33659
21,Côte-d'Or,1,10,4.10595,47.33912
21,Côte-d'Or,1,11,4.10701,47.37637
21,Côte-d'Or,1,12,4.08846,47.37276
21,Côte-d'Or,1,13,4.06991,47.39988
21,Côte-d'Or,1,14,4.07574,47.41579
21,Côte-d'Or,1,15,4.1192,47.44364
21,Côte-d'Or,1,16,4.13033,47.47113
21,Côte-d'Or,1,17,4.11708,47.51199
21,Côte-d'Or,1,18,4.15047,47.53261
21,Côte-d'Or,1,19,4.1457,47.54057
21,Côte-d'Or,1,20,4.17697,47.55648
21,Côte-d'Or,1,21,4.21195,47.62809
21,Côte-d'Or,1,22,4.25011,47.65991
21,Côte-d'Or,1,23,4.22626,47.67076
21,Côte-d'Or,1,24,4.2517,47.68197
21,Côte-d'Or,1,25,4.26177,47.70801
21,Côte-d'Or,1,26,4.26071,47.74237
21,Côte-d'Or,1,27,4.28933,47.73333
21,Côte-d'Or,1,28,4.31053,47.75141
21,Côte-d'Or,1,29,4.33226,47.75648
21,Côte-d'Or,1,30,4.32749,47.78577
21,Côte-d'Or,1,31,4.3402,47.79951
21,Côte-d'Or,1,32,4.32007,47.81181
21,Côte-d'Or,1,33,4.32484,47.84725
21,Côte-d'Or,1,34,4.26124,47.844
21,Côte-d'Or,1,35,4.26389,47.86642
21,Côte-d'Or,1,36,4.2464,47.87727
21,Côte-d'Or,1,37,4.27714,47.89933
21,Côte-d'Or,1,38,4.31106,47.90403
21,Côte-d'Or,1,39,4.29304,47.92573
21,Côte-d'Or,1,40,4.30894,47.96117
21,Côte-d'Or,1,41,4.35822,47.95683
21,Côte-d'Or,1,42,4.41705,47.96877
21,Côte-d'Or,1,43,4.44726,47.95647
21,Côte-d'Or,1,44,4.49125,47.96732
21,Côte-d'Or,1,45,4.55962,47.97166
21,Côte-d'Or,1,46,4.53577,48.00096
21,Côte-d'Or,1,47,4.58029,48.02917
21,Côte-d'Or,1,48,4.64759,48.02555
21,Côte-d'Or,1,49,4.67091,48.01542
21,Côte-d'Or,1,50,4.7043,48.02012
21,Côte-d'Or,1,51,4.71967,48.00927
21,Côte-d'Or,1,52,4.74935,48.00421
21,Côte-d'Or,1,53,4.78963,48.00819
21,Côte-d'Or,1,54,4.80182,47.993
21,Côte-d'Or,1,55,4.78645,47.96407
21,Côte-d'Or,1,56,4.85005,47.95792
21,Côte-d'Or,1,57,4.86595,47.94056
21,Côte-d'Or,1,58,4.83097,47.91705
21,Côte-d'Or,1,59,4.85694,47.89571
21,Côte-d'Or,1,60,4.86913,47.91777
21,Côte-d'Or,1,61,4.9041,47.9185
21,Côte-d'Or,1,62,4.92848,47.88378
21,Côte-d'Or,1,63,4.92742,47.87148
21,Côte-d'Or,1,64,4.95392,47.86678
21,Côte-d'Or,1,65,4.96823,47.83206
21,Côte-d'Or,1,66,4.9942,47.81977
21,Côte-d'Or,1,67,4.98943,47.80566
21,Côte-d'Or,1,68,4.91788,47.77709
21,Côte-d'Or,1,69,4.9306,47.76118
21,Côte-d'Or,1,70,4.95922,47.7619
21,Côte-d'Or,1,71,4.97088,47.72754
21,Côte-d'Or,1,72,4.95392,47.70187
21,Côte-d'Or,1,73,4.97618,47.68704
21,Côte-d'Or,1,74,5.00374,47.69355
21,Côte-d'Or,1,75,5.05727,47.69065
21,Côte-d'Or,1,76,5.0578,47.66823
21,Côte-d'Or,1,77,5.12882,47.6487
21,Côte-d'Or,1,78,5.17916,47.67944
21,Côte-d'Or,1,79,5.17333,47.6534
21,Côte-d'Or,1,80,5.21255,47.64147
21,Côte-d'Or,1,81,5.23905,47.61615
21,Côte-d'Or,1,82,5.23799,47.59662
21,Côte-d'Or,1,83,5.25283,47.57709
21,Côte-d'Or,1,84,5.27774,47.58143
21,Côte-d'Or,1,85,5.28675,47.59554
21,Côte-d'Or,1,86,5.32226,47.61254
21,Côte-d'Or,1,87,5.35459,47.5912
21,Côte-d'Or,1,88,5.37367,47.60458
21,Côte-d'Or,1,89,5.39964,47.59698
21,Côte-d'Or,1,90,5.42561,47.63207
21,Côte-d'Or,1,91,5.4431,47.62881
21,Côte-d'Or,1,92,5.47754,47.60856
21,Côte-d'Or,1,93,5.49662,47.54418
21,Côte-d'Or,1,94,5.47171,47.52755
21,Côte-d'Or,1,95,5.44734,47.49644
21,Côte-d'Or,1,96,5.39911,47.49934
21,Côte-d'Or,1,97,5.37579,47.46462
21,Côte-d'Or,1,98,5.40653,47.46172
21,Côte-d'Or,1,99,5.44045,47.44509
21,Côte-d'Or,1,100,5.43038,47.42158
21,Côte-d'Or,1,101,5.45157,47.38433
21,Côte-d'Or,1,102,5.47383,47.39446
21,Côte-d'Or,1,103,5.49768,47.38867
21,Côte-d'Or,1,104,5.4892,47.36733
21,Côte-d'Or,1,105,5.49503,47.34527
21,Côte-d'Or,1,106,5.48708,47.31561
21,Côte-d'Or,1,107,5.51835,47.30404
21,Côte-d'Or,1,108,5.47966,47.25594
21,Côte-d'Or,1,109,5.48284,47.2393
21,Côte-d'Or,1,110,5.47436,47.21327
21,Côte-d'Or,1,111,5.44945,47.20314
21,Côte-d'Or,1,112,5.4574,47.18072
21,Côte-d'Or,1,113,5.43886,47.14455
21,Côte-d'Or,1,114,5.41448,47.13298
21,Côte-d'Or,1,115,5.4113,47.11743
21,Côte-d'Or,1,116,5.38586,47.08198
21,Côte-d'Or,1,117,5.3318,47.07692
21,Côte-d'Or,1,118,5.28834,47.05052
21,Côte-d'Or,1,119,5.27562,47.02701
21,Côte-d'Or,1,120,5.31113,47.01797
21,Côte-d'Or,1,121,5.30318,47.00423
21,Côte-d'Or,1,122,5.28039,46.99844
21,Côte-d'Or,1,123,5.25548,46.98
21,Côte-d'Or,1,124,5.22209,46.98904
21,Côte-d'Or,1,125,5.20513,46.98542
21,Côte-d'Or,1,126,5.16592,46.96372
21,Côte-d'Or,1,127,5.15373,46.96698
21,Côte-d'Or,1,128,5.0949,46.95794
21,Côte-d'Or,1,129,5.06575,46.96698
21,Côte-d'Or,1,130,5.04932,46.98144
21,Côte-d'Or,1,131,5.00321,46.97204
21,Côte-d'Or,1,132,4.98784,46.95974
21,Côte-d'Or,1,133,4.94809,46.96625
21,Côte-d'Or,1,134,4.89615,46.96625
21,Côte-d'Or,1,135,4.88662,46.95323
21,Côte-d'Or,1,136,4.79069,46.93117
21,Côte-d'Or,1,137,4.77956,46.91851
21,Côte-d'Or,1,138,4.72815,46.91924
21,Côte-d'Or,1,139,4.71755,46.90803
21,Côte-d'Or,1,140,4.68734,46.89971
21,Côte-d'Or,1,141,4.66402,46.91345
21,Côte-d'Or,1,142,4.67939,46.92828
21,Côte-d'Or,1,143,4.64971,46.9413
21,Côte-d'Or,1,144,4.61473,46.94166
21,Côte-d'Or,1,145,4.57393,46.97276
21,Côte-d'Or,1,146,4.55697,47.00531
21,Côte-d'Or,1,147,4.53471,47.01327
21,Côte-d'Or,1,148,4.50662,47.01291
21,Côte-d'Or,1,149,4.49125,47.02954
21,Côte-d'Or,1,150,4.45892,47.04039
21,Côte-d'Or,1,151,4.43613,47.03931
21,Côte-d'Or,1,152,4.40645,47.04943
21,Côte-d'Or,1,153,4.39956,47.08343
21,Côte-d'Or,1,154,4.34391,47.07258
21,Côte-d'Or,1,155,4.3402,47.10332
21,Côte-d'Or,1,156,4.3047,47.10441
21,Côte-d'Or,1,157,4.25965,47.11381
21,Côte-d'Or,1,158,4.2517,47.13153
21,Côte-d'Or,1,159,4.20983,47.1554
21,Côte-d'Or,2,0,4.11655,47.12321
21,Côte-d'Or,2,1,4.11496,47.146
21,Côte-d'Or,2,2,4.13722,47.1431
21,Côte-d'Or,2,3,4.18174,47.15034
21,Côte-d'Or,2,4,4.18492,47.13045
21,Côte-d'Or,2,5,4.15047,47.11309
21,Côte-d'Or,2,6,4.13298,47.12683
21,Côte-d'Or,2,7,4.11655,47.12321
38,Isère,1,0,4.80023,45.29829
38,Isère,1,1,4.76048,45.32867
38,Isère,1,2,4.77426,45.35145
38,Isère,1,3,4.75571,45.36628
38,Isère,1,4,4.75995,45.38292
38,Isère,1,5,4.74405,45.42017
38,Isère,1,6,4.75836,45.43102
38,Isère,1,7,4.7573,45.45561
38,Isère,1,8,4.78115,45.45778
38,Isère,1,9,4.78327,45.47297
38,Isère,1,10,4.84157,45.50045
38,Isère,1,11,4.87178,45.52758
38,Isère,1,12,4.83733,45.54421
38,Isère,1,13,4.81242,45.57062
38,Isère,1,14,4.8103,45.58978
38,Isère,1,15,4.84687,45.5811
38,Isère,1,16,4.85959,45.59087
38,Isère,1,17,4.90145,45.60642
38,Isère,1,18,4.92583,45.6057
38,Isère,1,19,4.97088,45.61329
38,Isère,1,20,4.99791,45.60353
38,Isère,1,21,5.00533,45.62233
38,Isère,1,22,5.03342,45.61438
38,Isère,1,23,5.03501,45.63752
38,Isère,1,24,5.05833,45.65344
38,Isère,1,25,5.07317,45.67297
38,Isère,1,26,5.10709,45.68779
38,Isère,1,27,5.10497,45.70045
38,Isère,1,28,5.13677,45.70443
38,Isère,1,29,5.15797,45.71528
38,Isère,1,30,5.13359,45.73372
38,Isère,1,31,5.09437,45.73951
38,Isère,1,32,5.09119,45.76266
38,Isère,1,33,5.07105,45.76555
38,Isère,1,34,5.06204,45.79123
38,Isère,1,35,5.08907,45.78436
38,Isère,1,36,5.10126,45.81365
38,Isère,1,37,5.1585,45.80352
38,Isère,1,38,5.17704,45.7934
38,Isère,1,39,5.194,45.77134
38,Isère,1,40,5.22792,45.77025
38,Isère,1,41,5.26661,45.78942
38,Isère,1,42,5.28834,45.81076
38,Isère,1,43,5.30212,45.84801
38,Isère,1,44,5.35247,45.88309
38,Isère,1,45,5.41342,45.85235
38,Isère,1,46,5.43515,45.82992
38,Isère,1,47,5.42296,45.80714
38,Isère,1,48,5.45952,45.78002
38,Isère,1,49,5.48496,45.75253
38,Isère,1,50,5.51782,45.73119
38,Isère,1,51,5.52418,45.71817
38,Isère,1,52,5.54538,45.71383
38,Isère,1,53,5.54538,45.68815
38,Isère,1,54,5.58619,45.66718
38,Isère,1,55,5.62382,45.61329
38,Isère,1,56,5.64661,45.57713
38,Isère,1,57,5.67311,45.55977
38,Isère,1,58,5.69113,45.52794
38,Isère,1,59,5.71286,45.50371
38,Isère,1,60,5.71975,45.48309
38,Isère,1,61,5.73617,45.47188
38,Isère,1,62,5.74041,45.43644
38,Isère,1,63,5.79182,45.43933
38,Isère,1,64,5.80719,45.42631
38,Isère,1,65,5.84906,45.41727
38,Isère,1,66,5.89146,45.39847
38,Isère,1,67,5.90365,45.40859
38,Isère,1,68,5.90418,45.43246
38,Isère,1,69,5.91743,45.44006
38,Isère,1,70,5.92538,45.46429
38,Isère,1,71,5.91531,45.47658
38,Isère,1,72,5.96619,45.4925
38,Isère,1,73,6.00964,45.47369
38,Isère,1,74,6.00858,45.45344
38,Isère,1,75,6.04939,45.43789
38,Isère,1,76,6.06317,45.4444
38,Isère,1,77,6.12253,45.43897
38,Isère,1,78,6.14638,45.41329
38,Isère,1,79,6.17606,45.39449
38,Isère,1,80,6.19461,45.35217
38,Isère,1,81,6.18666,45.31963
38,Isère,1,82,6.16016,45.31239
38,Isère,1,83,6.13207,45.28816
38,Isère,1,84,6.14108,45.26176
38,Isère,1,85,6.12571,45.2444
38,Isère,1,86,6.14373,45.20932
38,Isère,1,87,6.16175,45.18871
38,Isère,1,88,6.14797,45.15362
38,Isère,1,89,6.18083,45.16484
38,Isère,1,90,6.2121,45.15507
38,Isère,1,91,6.22376,45.14169
38,Isère,1,92,6.24867,45.14965
38,Isère,1,93,6.26033,45.12686
38,Isère,1,94,6.22853,45.10842
38,Isère,1,95,6.24178,45.07334
38,Isère,1,96,6.21952,45.06538
38,Isère,1,97,6.20256,45.0227
38,Isère,1,98,6.20468,45.01258
38,Isère,1,99,6.25609,44.99666
38,Isère,1,100,6.31809,45.0039
38,Isère,1,101,6.31491,44.97967
38,Isère,1,102,6.32869,44.96954
38,Isère,1,103,6.32286,44.9529
38,Isère,1,104,6.3589,44.94133
38,Isère,1,105,6.35095,44.87225
38,Isère,1,106,6.35466,44.85598
38,Isère,1,107,6.33611,44.84839
38,Isère,1,108,6.30484,44.87225
38,Isère,1,109,6.26934,44.87045
38,Isère,1,110,6.24337,44.852
38,Isère,1,111,6.1962,44.85887
38,Isère,1,112,6.1697,44.85236
38,Isère,1,113,6.12889,44.86213
38,Isère,1,114,6.1167,44.84947
38,Isère,1,115,6.05999,44.81981
38,Isère,1,116,6.03031,44.83826
38,Isère,1,117,6.0054,44.8209
38,Isère,1,118,5.97944,44.81873
38,Isère,1,119,5.94976,44.80426
38,Isère,1,120,5.97785,44.79088
38,Isère,1,121,5.9805,44.78112
38,Isère,1,122,5.91531,44.75472
38,Isère,1,123,5.89994,44.75833
38,Isère,1,124,5.87927,44.74712
38,Isère,1,125,5.84376,44.75363
38,Isère,1,126,5.82892,44.74423
38,Isère,1,127,5.80136,44.70662
38,Isère,1,128,5.76055,44.69613
38,Isère,1,129,5.72452,44.7124
38,Isère,1,130,5.70385,44.7294
38,Isère,1,131,5.69113,44.72217
38,Isère,1,132,5.64714,44.72397
38,Isère,1,133,5.62647,44.75327
38,Isère,1,134,5.5899,44.76159
38,Isère,1,135,5.58195,44.77786
38,Isère,1,136,5.55121,44.79377
38,Isère,1,137,5.53478,44.77605
38,Isère,1,138,5.48178,44.78618
38,Isère,1,139,5.46217,44.80282
38,Isère,1,140,5.48496,44.82307
38,Isère,1,141,5.46376,44.82632
38,Isère,1,142,5.47436,44.86538
38,Isère,1,143,5.47012,44.87913
38,Isère,1,144,5.48019,44.89685
38,Isère,1,145,5.48337,44.92289
38,Isère,1,146,5.47754,44.96665
38,Isère,1,147,5.49026,44.99233
38,Isère,1,148,5.4786,45.03319
38,Isère,1,149,5.46535,45.04368
38,Isère,1,150,5.47913,45.08527
38,Isère,1,151,5.46164,45.08672
38,Isère,1,152,5.44998,45.0708
38,Isère,1,153,5.41395,45.04549
38,Isère,1,154,5.38851,45.03572
38,Isère,1,155,5.35247,45.04694
38,Isère,1,156,5.33392,45.06032
38,Isère,1,157,5.31749,45.05128
38,Isère,1,158,5.29152,45.06357
38,Isère,1,159,5.24859,45.06104
38,Isère,1,160,5.22633,45.07912
38,Isère,1,161,5.18234,45.08455
38,Isère,1,162,5.16274,45.09865
38,Isère,1,163,5.18711,45.11999
38,Isère,1,164,5.18976,45.16918
38,Isère,1,165,5.17545,45.18075
38,Isère,1,166,5.16751,45.21004
38,Isère,1,167,5.18764,45.22813
38,Isère,1,168,5.17651,45.24874
38,Isère,1,169,5.13412,45.24368
38,Isère,1,170,5.1214,45.24874
38,Isère,1,171,5.13571,45.29829
38,Isère,1,172,5.07529,45.28165
38,Isère,1,173,5.05409,45.3189
38,Isère,1,174,5.02123,45.3189
38,Isère,1,175,5.00904,45.34241
38,Isère,1,176,4.9889,45.34386
38,Isère,1,177,4.96028,45.32903
38,Isère,1,178,4.9306,45.32433
38,Isère,1,179,4.87973,45.29684
38,Isère,1,180,4.85906,45.30841
38,Isère,1,181,4.80023,45.29829
26,Drôme,1,0,4.65077,44.32977
26,Drôme,1,1,4.65024,44.37642
26,Drôme,1,2,4.66296,44.39487
26,Drôme,1,3,4.67091,44.43501
26,Drôme,1,4,4.69529,44.44514
26,Drôme,1,5,4.699,44.48203
26,Drôme,1,6,4.68787,44.49613
26,Drôme,1,7,4.69317,44.51747
26,Drôme,1,8,4.70695,44.53266
26,Drôme,1,9,4.69264,44.55906
26,Drôme,1,10,4.71225,44.58293
26,Drôme,1,11,4.7414,44.58871
26,Drôme,1,12,4.74034,44.60246
26,Drôme,1,13,4.77956,44.6549
26,Drôme,1,14,4.78062,44.68419
26,Drôme,1,15,4.7626,44.71964
26,Drôme,1,16,4.76578,44.77822
26,Drôme,1,17,4.79493,44.79305
26,Drôme,1,18,4.79705,44.80499
26,Drôme,1,19,4.82249,44.81728
26,Drôme,1,20,4.82143,44.83898
26,Drôme,1,21,4.84422,44.84585
26,Drôme,1,22,4.86012,44.87298
26,Drôme,1,23,4.85641,44.90227
26,Drôme,1,24,4.88662,44.93627
26,Drôme,1,25,4.86171,44.96412
26,Drôme,1,26,4.85164,44.99413
26,Drôme,1,27,4.8368,45.00607
26,Drôme,1,28,4.83892,45.03211
26,Drôme,1,29,4.86065,45.05525
26,Drôme,1,30,4.83256,45.07008
26,Drôme,1,31,4.82832,45.10118
26,Drôme,1,32,4.80447,45.12252
26,Drôme,1,33,4.82938,45.15688
26,Drôme,1,34,4.80871,45.1699
26,Drôme,1,35,4.81242,45.20317
26,Drôme,1,36,4.80129,45.24223
26,Drôme,1,37,4.81083,45.26357
26,Drôme,1,38,4.80977,45.28816
26,Drôme,1,39,4.80023,45.29829
26,Drôme,1,40,4.85906,45.30841
26,Drôme,1,41,4.87973,45.29684
26,Drôme,1,42,4.9306,45.32433
26,Drôme,1,43,4.96028,45.32903
26,Drôme,1,44,4.9889,45.34386
26,Drôme,1,45,5.00904,45.34241
26,Drôme,1,46,5.02123,45.3189
26,Drôme,1,47,5.05409,45.3189
26,Drôme,1,48,5.07529,45.28165
26,Drôme,1,49,5.13571,45.29829
26,Drôme,1,50,5.1214,45.24874
26,Drôme,1,51,5.13412,45.24368
26,Drôme,1,52,5.17651,45.24874
26,Drôme,1,53,5.18764,45.22813
26,Drôme,1,54,5.16751,45.21004
26,Drôme,1,55,5.17545,45.18075
26,Drôme,1,56,5.18976,45.16918
26,Drôme,1,57,5.18711,45.11999
26,Drôme,1,58,5.16274,45.09865
26,Drôme,1,59,5.18234,45.08455
26,Drôme,1,60,5.22633,45.07912
26,Drôme,1,61,5.24859,45.06104
26,Drôme,1,62,5.29152,45.06357
26,Drôme,1,63,5.31749,45.05128
26,Drôme,1,64,5.33392,45.06032
26,Drôme,1,65,5.35247,45.04694
26,Drôme,1,66,5.38851,45.03572
26,Drôme,1,67,5.41395,45.04549
26,Drôme,1,68,5.44998,45.0708
26,Drôme,1,69,5.46164,45.08672
26,Drôme,1,70,5.47913,45.08527
26,Drôme,1,71,5.46535,45.04368
26,Drôme,1,72,5.4786,45.03319
26,Drôme,1,73,5.49026,44.99233
26,Drôme,1,74,5.47754,44.96665
26,Drôme,1,75,5.48337,44.92289
26,Drôme,1,76,5.48019,44.89685
26,Drôme,1,77,5.47012,44.87913
26,Drôme,1,78,5.47436,44.86538
26,Drôme,1,79,5.46376,44.82632
26,Drôme,1,80,5.48496,44.82307
26,Drôme,1,81,5.46217,44.80282
26,Drôme,1,82,5.48178,44.78618
26,Drôme,1,83,5.53478,44.77605
26,Drôme,1,84,5.55121,44.79377
26,Drôme,1,85,5.58195,44.77786
26,Drôme,1,86,5.5899,44.76159
26,Drôme,1,87,5.62647,44.75327
26,Drôme,1,88,5.64714,44.72397
26,Drôme,1,89,5.69113,44.72217
26,Drôme,1,90,5.70385,44.7294
26,Drôme,1,91,5.72452,44.7124
26,Drôme,1,92,5.76055,44.69613
26,Drôme,1,93,5.80136,44.70662
26,Drôme,1,94,5.82415,44.70228
26,Drôme,1,95,5.82733,44.68636
26,Drôme,1,96,5.79977,44.67226
26,Drôme,1,97,5.79023,44.65345
26,Drôme,1,98,5.74942,44.65671
26,Drôme,1,99,5.73564,44.64043
26,Drôme,1,100,5.64184,44.65128
26,Drôme,1,101,5.64926,44.61946
26,Drôme,1,102,5.62647,44.58654
26,Drôme,1,103,5.60739,44.56846
26,Drôme,1,104,5.59679,44.54351
26,Drôme,1,105,5.63336,44.52976
26,Drôme,1,106,5.66463,44.50192
26,Drôme,1,107,5.62647,44.4983
26,Drôme,1,108,5.61746,44.47371
26,Drôme,1,109,5.60368,44.46539
26,Drôme,1,110,5.55598,44.47624
26,Drôme,1,111,5.51093,44.49143
26,Drôme,1,112,5.47966,44.49143
26,Drôme,1,113,5.45846,44.49939
26,Drôme,1,114,5.46747,44.44695
26,Drôme,1,115,5.49556,44.43863
26,Drôme,1,116,5.47701,44.41982
26,Drôme,1,117,5.43356,44.4332
26,Drôme,1,118,5.44045,44.38763
26,Drôme,1,119,5.43515,44.36883
26,Drôme,1,120,5.46217,44.36738
26,Drôme,1,121,5.46906,44.35147
26,Drôme,1,122,5.50245,44.34423
26,Drôme,1,123,5.52259,44.34785
26,Drôme,1,124,5.55068,44.33085
26,Drôme,1,125,5.574,44.33411
26,Drôme,1,126,5.63177,44.33013
26,Drôme,1,127,5.60845,44.30626
26,Drôme,1,128,5.63707,44.30047
26,Drôme,1,129,5.63283,44.28311
26,Drôme,1,130,5.64661,44.2672
26,Drôme,1,131,5.67576,44.27588
26,Drôme,1,132,5.68742,44.26648
26,Drôme,1,133,5.67258,44.2455
26,Drôme,1,134,5.68159,44.23321
26,Drôme,1,135,5.67576,44.19161
26,Drôme,1,136,5.65774,44.18908
26,Drôme,1,137,5.64714,44.1663
26,Drôme,1,138,5.68265,44.16377
26,Drôme,1,139,5.67788,44.14894
26,Drôme,1,140,5.63124,44.15039
26,Drôme,1,141,5.63972,44.16775
26,Drôme,1,142,5.60951,44.18764
26,Drôme,1,143,5.57506,44.18583
26,Drôme,1,144,5.56446,44.171
26,Drôme,1,145,5.58301,44.15798
26,Drôme,1,146,5.55121,44.14966
26,Drôme,1,147,5.54114,44.13266
26,Drôme,1,148,5.49874,44.11603
26,Drôme,1,149,5.45475,44.11928
26,Drôme,1,150,5.44786,44.137
26,Drôme,1,151,5.41554,44.15545
26,Drôme,1,152,5.38321,44.15545
26,Drôme,1,153,5.3848,44.20102
26,Drôme,1,154,5.35777,44.21295
26,Drôme,1,155,5.33657,44.20355
26,Drôme,1,156,5.29788,44.20753
26,Drôme,1,157,5.25654,44.22995
26,Drôme,1,158,5.23799,44.21331
26,Drôme,1,159,5.17598,44.22055
26,Drôme,1,160,5.15426,44.23212
26,Drôme,1,161,5.16168,44.24586
26,Drôme,1,162,5.14843,44.28094
26,Drôme,1,163,5.16751,44.28999
26,Drôme,1,164,5.16645,44.31494
26,Drôme,1,165,5.10762,44.28094
26,Drôme,1,166,5.07688,44.28384
26,Drôme,1,167,5.06045,44.30807
26,Drôme,1,168,5.0048,44.28637
26,Drôme,1,169,4.98519,44.28601
26,Drôme,1,170,4.93325,44.26214
26,Drôme,1,171,4.89668,44.26431
26,Drôme,1,172,4.87231,44.25816
26,Drôme,1,173,4.82673,44.2285
26,Drôme,1,174,4.81454,44.23212
26,Drôme,1,175,4.80288,44.29794
26,Drôme,1,176,4.76313,44.32543
26,Drôme,1,177,4.71808,44.32687
26,Drôme,1,178,4.67886,44.32073
26,Drôme,1,179,4.65077,44.32977
2A,Corse-du-Sud,1,0,8.57316,42.38152
2A,Corse-du-Sud,1,1,8.61238,42.37175
2A,Corse-du-Sud,1,2,8.641,42.37356
2A,Corse-du-Sud,1,3,8.64842,42.3638
2A,Corse-du-Sud,1,4,8.68181,42.35041
2A,Corse-du-Sud,1,5,8.7152,42.34752
2A,Corse-du-Sud,1,6,8.8196,42.31787
2A,Corse-du-Sud,1,7,8.862,42.32908
2A,Corse-du-Sud,1,8,8.86306,42.29689
2A,Corse-du-Sud,1,9,8.88479,42.28495
2A,Corse-du-Sud,1,10,8.88267,42.27049
2A,Corse-du-Sud,1,11,8.90493,42.25385
2A,Corse-du-Sud,1,12,8.92295,42.25783
2A,Corse-du-Sud,1,13,8.93991,42.23722
2A,Corse-du-Sud,1,14,8.98443,42.2242
2A,Corse-du-Sud,1,15,9.00616,42.20864
2A,Corse-du-Sud,1,16,9.04538,42.20756
2A,Corse-du-Sud,1,17,9.05015,42.17031
2A,Corse-du-Sud,1,18,9.06552,42.16235
2A,Corse-du-Sud,1,19,9.07664,42.12908
2A,Corse-du-Sud,1,20,9.12169,42.1063
2A,Corse-du-Sud,1,21,9.13494,42.08677
2A,Corse-du-Sud,1,22,9.13123,42.05349
2A,Corse-du-Sud,1,23,9.16091,42.02709
2A,Corse-du-Sud,1,24,9.189,42.03143
2A,Corse-du-Sud,1,25,9.22133,42.02745
2A,Corse-du-Sud,1,26,9.21656,41.99563
2A,Corse-du-Sud,1,27,9.22451,41.96778
2A,Corse-du-Sud,1,28,9.22027,41.92185
2A,Corse-du-Sud,1,29,9.24836,41.91028
2A,Corse-du-Sud,1,30,9.25207,41.89907
2A,Corse-du-Sud,1,31,9.23511,41.87954
2A,Corse-du-Sud,1,32,9.22716,41.85531
2A,Corse-du-Sud,1,33,9.23723,41.84663
2A,Corse-du-Sud,1,34,9.27062,41.84048
2A,Corse-du-Sud,1,35,9.30136,41.84482
2A,Corse-du-Sud,1,36,9.32733,41.83614
2A,Corse-du-Sud,1,37,9.37237,41.86507
2A,Corse-du-Sud,1,38,9.40152,41.85965
2A,Corse-du-Sud,1,39,9.40576,41.82059
2A,Corse-du-Sud,1,40,9.39622,41.80069
2A,Corse-du-Sud,1,41,9.39675,41.77357
2A,Corse-du-Sud,1,42,9.40682,41.76344
2A,Corse-du-Sud,1,43,9.39993,41.69762
2A,Corse-du-Sud,1,44,9.37237,41.67882
2A,Corse-du-Sud,1,45,9.38721,41.65856
2A,Corse-du-Sud,1,46,9.37979,41.64663
2A,Corse-du-Sud,1,47,9.35117,41.63976
2A,Corse-du-Sud,1,48,9.34588,41.62276
2A,Corse-du-Sud,1,49,9.31355,41.62565
2A,Corse-du-Sud,1,50,9.28599,41.60431
2A,Corse-du-Sud,1,51,9.29871,41.58479
2A,Corse-du-Sud,1,52,9.32097,41.60504
2A,Corse-du-Sud,1,53,9.36018,41.59021
2A,Corse-du-Sud,1,54,9.34058,41.55947
2A,Corse-du-Sud,1,55,9.32574,41.55838
2A,Corse-du-Sud,1,56,9.28228,41.53054
2A,Corse-du-Sud,1,57,9.27963,41.5092
2A,Corse-du-Sud,1,58,9.28705,41.48388
2A,Corse-du-Sud,1,59,9.24412,41.44736
2A,Corse-du-Sud,1,60,9.22398,41.44265
2A,Corse-du-Sud,1,61,9.22557,41.40576
2A,Corse-du-Sud,1,62,9.24306,41.42059
2A,Corse-du-Sud,1,63,9.25896,41.41553
2A,Corse-du-Sud,1,64,9.22027,41.37394
2A,Corse-du-Sud,1,65,9.18794,41.36671
2A,Corse-du-Sud,1,66,9.16833,41.38515
2A,Corse-du-Sud,1,67,9.09148,41.40179
2A,Corse-du-Sud,1,68,9.11957,41.43831
2A,Corse-du-Sud,1,69,9.0936,41.44989
2A,Corse-du-Sud,1,70,9.01835,41.46833
2A,Corse-du-Sud,1,71,8.99556,41.48569
2A,Corse-du-Sud,1,72,8.98178,41.47665
2A,Corse-du-Sud,1,73,8.96588,41.49003
2A,Corse-du-Sud,1,74,8.9415,41.48931
2A,Corse-du-Sud,1,75,8.88161,41.5215
2A,Corse-du-Sud,1,76,8.84345,41.51824
2A,Corse-du-Sud,1,77,8.8514,41.54175
2A,Corse-du-Sud,1,78,8.79258,41.55658
2A,Corse-du-Sud,1,79,8.79893,41.57538
2A,Corse-du-Sud,1,80,8.78198,41.58587
2A,Corse-du-Sud,1,81,8.79205,41.6271
2A,Corse-du-Sud,1,82,8.82384,41.63216
2A,Corse-du-Sud,1,83,8.85087,41.64554
2A,Corse-du-Sud,1,84,8.87684,41.65097
2A,Corse-du-Sud,1,85,8.88108,41.66905
2A,Corse-du-Sud,1,86,8.91659,41.68171
2A,Corse-du-Sud,1,87,8.9097,41.69111
2A,Corse-du-Sud,1,88,8.84133,41.69798
2A,Corse-du-Sud,1,89,8.81006,41.71426
2A,Corse-du-Sud,1,90,8.79363,41.70739
2A,Corse-du-Sud,1,91,8.77244,41.71209
2A,Corse-du-Sud,1,92,8.78463,41.73162
2A,Corse-du-Sud,1,93,8.77244,41.74174
2A,Corse-du-Sud,1,94,8.71891,41.7233
2A,Corse-du-Sud,1,95,8.69824,41.74102
2A,Corse-du-Sud,1,96,8.73269,41.779
2A,Corse-du-Sud,1,97,8.72103,41.79165
2A,Corse-du-Sud,1,98,8.74965,41.81118
2A,Corse-du-Sud,1,99,8.77191,41.81191
2A,Corse-du-Sud,1,100,8.79046,41.86507
2A,Corse-du-Sud,1,101,8.78198,41.88134
2A,Corse-du-Sud,1,102,8.80158,41.88966
2A,Corse-du-Sud,1,103,8.7931,41.91281
2A,Corse-du-Sud,1,104,8.77562,41.92691
2A,Corse-du-Sud,1,105,8.74064,41.93162
2A,Corse-du-Sud,1,106,8.74011,41.9157
2A,Corse-du-Sud,1,107,8.70831,41.90811
2A,Corse-du-Sud,1,108,8.66909,41.90594
2A,Corse-du-Sud,1,109,8.61026,41.90883
2A,Corse-du-Sud,1,110,8.62245,41.92764
2A,Corse-du-Sud,1,111,8.59224,41.96127
2A,Corse-du-Sud,1,112,8.61397,41.9714
2A,Corse-du-Sud,1,113,8.64577,41.96814
2A,Corse-du-Sud,1,114,8.66856,41.98189
2A,Corse-du-Sud,1,115,8.65531,41.99816
2A,Corse-du-Sud,1,116,8.66008,42.0119
2A,Corse-du-Sud,1,117,8.68393,42.02492
2A,Corse-du-Sud,1,118,8.71467,42.02962
2A,Corse-du-Sud,1,119,8.74276,42.04192
2A,Corse-du-Sud,1,120,8.73799,42.06543
2A,Corse-du-Sud,1,121,8.7205,42.06579
2A,Corse-du-Sud,1,122,8.70142,42.11136
2A,Corse-du-Sud,1,123,8.66485,42.10521
2A,Corse-du-Sud,1,124,8.6463,42.12149
2A,Corse-du-Sud,1,125,8.62563,42.12257
2A,Corse-du-Sud,1,126,8.61238,42.13451
2A,Corse-du-Sud,1,127,8.57475,42.15223
2A,Corse-du-Sud,1,128,8.57104,42.16886
2A,Corse-du-Sud,1,129,8.58164,42.20575
2A,Corse-du-Sud,1,130,8.57157,42.21805
2A,Corse-du-Sud,1,131,8.57104,42.23866
2A,Corse-du-Sud,1,132,8.61609,42.25349
2A,Corse-du-Sud,1,133,8.68923,42.26326
2A,Corse-du-Sud,1,134,8.68711,42.28206
2A,Corse-du-Sud,1,135,8.66061,42.30268
2A,Corse-du-Sud,1,136,8.60337,42.30991
2A,Corse-du-Sud,1,137,8.62192,42.32799
2A,Corse-du-Sud,1,138,8.61291,42.34861
2A,Corse-du-Sud,1,139,8.59012,42.35258
2A,Corse-du-Sud,1,140,8.57263,42.33776
2A,Corse-du-Sud,1,141,8.55408,42.33523
2A,Corse-du-Sud,1,142,8.55726,42.35982
2A,Corse-du-Sud,1,143,8.57316,42.38152
49,Maine-et-Loire,1,0,-0.8923,46.97602
49,Maine-et-Loire,1,1,-0.90449,46.99482
49,Maine-et-Loire,1,2,-0.93364,47.00893
49,Maine-et-Loire,1,3,-0.95643,46.99699
49,Maine-et-Loire,1,4,-1.002,47.02159
49,Maine-et-Loire,1,5,-1.01631,47.0035
49,Maine-et-Loire,1,6,-1.10535,47.01508
49,Maine-et-Loire,1,7,-1.14828,47.02954
49,Maine-et-Loire,1,8,-1.11754,47.04003
49,Maine-et-Loire,1,9,-1.11542,47.06282
49,Maine-et-Loire,1,10,-1.15517,47.07258
49,Maine-et-Loire,1,11,-1.17107,47.09283
49,Maine-et-Loire,1,12,-1.22831,47.10043
49,Maine-et-Loire,1,13,-1.23043,47.13913
49,Maine-et-Loire,1,14,-1.18962,47.1554
49,Maine-et-Loire,1,15,-1.17001,47.17059
49,Maine-et-Loire,1,16,-1.18856,47.22014
49,Maine-et-Loire,1,17,-1.18114,47.24075
49,Maine-et-Loire,1,18,-1.19492,47.25232
49,Maine-et-Loire,1,19,-1.23149,47.23967
49,Maine-et-Loire,1,20,-1.25427,47.25015
49,Maine-et-Loire,1,21,-1.27971,47.27439
49,Maine-et-Loire,1,22,-1.27706,47.28813
49,Maine-et-Loire,1,23,-1.29455,47.30151
49,Maine-et-Loire,1,24,-1.35444,47.30404
49,Maine-et-Loire,1,25,-1.29667,47.33876
49,Maine-et-Loire,1,26,-1.25745,47.34129
49,Maine-et-Loire,1,27,-1.22778,47.34997
49,Maine-et-Loire,1,28,-1.18856,47.35214
49,Maine-et-Loire,1,29,-1.16577,47.36661
49,Maine-et-Loire,1,30,-1.06348,47.37023
49,Maine-et-Loire,1,31,-1.04493,47.36552
49,Maine-et-Loire,1,32,-0.97603,47.37131
49,Maine-et-Loire,1,33,-0.95166,47.38324
49,Maine-et-Loire,1,34,-0.94848,47.42267
49,Maine-et-Loire,1,35,-0.95272,47.45196
49,Maine-et-Loire,1,36,-0.96755,47.46787
49,Maine-et-Loire,1,37,-0.96543,47.49174
49,Maine-et-Loire,1,38,-1.0073,47.48849
49,Maine-et-Loire,1,39,-1.0444,47.50549
49,Maine-et-Loire,1,40,-1.03804,47.53695
49,Maine-et-Loire,1,41,-1.0603,47.55612
49,Maine-et-Loire,1,42,-1.05553,47.56516
49,Maine-et-Loire,1,43,-1.01366,47.58252
49,Maine-et-Loire,1,44,-1.03645,47.60241
49,Maine-et-Loire,1,45,-1.05977,47.60169
49,Maine-et-Loire,1,46,-1.10058,47.62049
49,Maine-et-Loire,1,47,-1.13768,47.61905
49,Maine-et-Loire,1,48,-1.15729,47.63604
49,Maine-et-Loire,1,49,-1.15941,47.66064
49,Maine-et-Loire,1,50,-1.1822,47.66787
49,Maine-et-Loire,1,51,-1.17531,47.69427
49,Maine-et-Loire,1,52,-1.21506,47.71886
49,Maine-et-Loire,1,53,-1.25427,47.73441
49,Maine-et-Loire,1,54,-1.24156,47.74273
49,Maine-et-Loire,1,55,-1.24632,47.77673
49,Maine-et-Loire,1,56,-1.23838,47.80964
49,Maine-et-Loire,1,57,-1.21294,47.80168
49,Maine-et-Loire,1,58,-1.19333,47.78577
49,Maine-et-Loire,1,59,-1.13715,47.77528
49,Maine-et-Loire,1,60,-1.12443,47.78396
49,Maine-et-Loire,1,61,-1.08256,47.77492
49,Maine-et-Loire,1,62,-1.01472,47.76986
49,Maine-et-Loire,1,63,-0.98133,47.76154
49,Maine-et-Loire,1,64,-0.95484,47.76913
49,Maine-et-Loire,1,65,-0.97232,47.78324
49,Maine-et-Loire,1,66,-0.95961,47.79626
49,Maine-et-Loire,1,67,-0.89548,47.77456
49,Maine-et-Loire,1,68,-0.88064,47.76335
49,Maine-et-Loire,1,69,-0.8393,47.75214
49,Maine-et-Loire,1,70,-0.83983,47.76841
49,Maine-et-Loire,1,71,-0.81598,47.7713
49,Maine-et-Loire,1,72,-0.78312,47.75033
49,Maine-et-Loire,1,73,-0.7598,47.75394
49,Maine-et-Loire,1,74,-0.73648,47.73803
49,Maine-et-Loire,1,75,-0.66865,47.74165
49,Maine-et-Loire,1,76,-0.65381,47.73333
49,Maine-et-Loire,1,77,-0.61088,47.73586
49,Maine-et-Loire,1,78,-0.58915,47.75539
49,Maine-et-Loire,1,79,-0.56053,47.75756
49,Maine-et-Loire,1,80,-0.53297,47.75069
49,Maine-et-Loire,1,81,-0.50912,47.78649
49,Maine-et-Loire,1,82,-0.46619,47.76805
49,Maine-et-Loire,1,83,-0.43651,47.76516
49,Maine-et-Loire,1,84,-0.39041,47.77022
49,Maine-et-Loire,1,85,-0.38193,47.76082
49,Maine-et-Loire,1,86,-0.35649,47.73044
49,Maine-et-Loire,1,87,-0.3284,47.72103
49,Maine-et-Loire,1,88,-0.28547,47.71959
49,Maine-et-Loire,1,89,-0.25208,47.70729
49,Maine-et-Loire,1,90,-0.233,47.70729
49,Maine-et-Loire,1,91,-0.20226,47.72501
49,Maine-et-Loire,1,92,-0.18212,47.70621
49,Maine-et-Loire,1,93,-0.21975,47.68776
49,Maine-et-Loire,1,94,-0.19431,47.65955
49,Maine-et-Loire,1,95,-0.19431,47.64834
49,Maine-et-Loire,1,96,-0.1588,47.64689
49,Maine-et-Loire,1,97,-0.13442,47.63243
49,Maine-et-Loire,1,98,-0.11482,47.64472
49,Maine-et-Loire,1,99,-0.06818,47.65521
49,Maine-et-Loire,1,100,-0.03002,47.64653
49,Maine-et-Loire,1,101,-0.00458,47.64762
49,Maine-et-Loire,1,102,0.00973,47.62375
49,Maine-et-Loire,1,103,0.05319,47.60566
49,Maine-et-Loire,1,104,0.11573,47.60566
49,Maine-et-Loire,1,105,0.15123,47.58179
49,Maine-et-Loire,1,106,0.1825,47.59662
49,Maine-et-Loire,1,107,0.18568,47.61651
49,Maine-et-Loire,1,108,0.22967,47.60856
49,Maine-et-Loire,1,109,0.23444,47.57854
49,Maine-et-Loire,1,110,0.21483,47.57131
49,Maine-et-Loire,1,111,0.1931,47.53803
49,Maine-et-Loire,1,112,0.2249,47.52718
49,Maine-et-Loire,1,113,0.22013,47.50187
49,Maine-et-Loire,1,114,0.20052,47.48451
49,Maine-et-Loire,1,115,0.18091,47.45341
49,Maine-et-Loire,1,116,0.18515,47.42375
49,Maine-et-Loire,1,117,0.16925,47.3959
49,Maine-et-Loire,1,118,0.17667,47.3771
49,Maine-et-Loire,1,119,0.15388,47.36372
49,Maine-et-Loire,1,120,0.13799,47.33623
49,Maine-et-Loire,1,121,0.08128,47.28668
49,Maine-et-Loire,1,122,0.0887,47.27547
49,Maine-et-Loire,1,123,0.07333,47.24798
49,Maine-et-Loire,1,124,0.07227,47.22014
49,Maine-et-Loire,1,125,0.05372,47.19916
49,Maine-et-Loire,1,126,0.06644,47.18976
49,Maine-et-Loire,1,127,0.05372,47.16372
49,Maine-et-Loire,1,128,0.03623,47.1601
49,Maine-et-Loire,1,129,0.01874,47.17601
49,Maine-et-Loire,1,130,-0.012,47.15649
49,Maine-et-Loire,1,131,-0.04009,47.11489
49,Maine-et-Loire,1,132,-0.04486,47.09356
49,Maine-et-Loire,1,133,-0.09521,47.095
49,Maine-et-Loire,1,134,-0.1021,47.06535
49,Maine-et-Loire,1,135,-0.13018,47.05486
49,Maine-et-Loire,1,136,-0.16516,47.08235
49,Maine-et-Loire,1,137,-0.14555,47.09175
49,Maine-et-Loire,1,138,-0.18,47.10802
49,Maine-et-Loire,1,139,-0.20597,47.0932
49,Maine-et-Loire,1,140,-0.23406,47.10368
49,Maine-et-Loire,1,141,-0.29766,47.09971
49,Maine-et-Loire,1,142,-0.34006,47.08741
49,Maine-et-Loire,1,143,-0.35914,47.09356
49,Maine-et-Loire,1,144,-0.39624,47.09139
49,Maine-et-Loire,1,145,-0.40101,47.07077
49,Maine-et-Loire,1,146,-0.48527,47.0639
49,Maine-et-Loire,1,147,-0.49057,47.08235
49,Maine-et-Loire,1,148,-0.55788,47.06354
49,Maine-et-Loire,1,149,-0.5441,47.03714
49,Maine-et-Loire,1,150,-0.59551,46.99808
49,Maine-et-Loire,1,151,-0.64798,46.99374
49,Maine-et-Loire,1,152,-0.66971,47.00097
49,Maine-et-Loire,1,153,-0.68666,46.98795
49,Maine-et-Loire,1,154,-0.7121,46.98651
49,Maine-et-Loire,1,155,-0.72906,46.99591
49,Maine-et-Loire,1,156,-0.76139,46.99229
49,Maine-et-Loire,1,157,-0.77252,47.00459
49,Maine-et-Loire,1,158,-0.80962,46.99265
49,Maine-et-Loire,1,159,-0.84513,46.98795
49,Maine-et-Loire,1,160,-0.84937,46.97385
49,Maine-et-Loire,1,161,-0.8923,46.97602
02,Aisne,1,0,3.07196,49.11776
02,Aisne,1,1,3.14033,49.15392
02,Aisne,1,2,3.11224,49.17309
02,Aisne,1,3,3.11489,49.19117
02,Aisne,1,4,3.06401,49.19298
02,Aisne,1,5,3.0179,49.21685
02,Aisne,1,6,2.99935,49.20781
02,Aisne,1,7,3.00253,49.18828
02,Aisne,1,8,2.97179,49.18792
02,Aisne,1,9,2.96437,49.23276
02,Aisne,1,10,3.002,49.23566
02,Aisne,1,11,3.02002,49.21685
02,Aisne,1,12,3.03592,49.22191
02,Aisne,1,13,3.02691,49.27544
02,Aisne,1,14,2.97444,49.30292
02,Aisne,1,15,2.96914,49.32643
02,Aisne,1,16,3.00147,49.34018
02,Aisne,1,17,3.0338,49.33113
02,Aisne,1,18,3.07514,49.34922
02,Aisne,1,19,3.07726,49.37164
02,Aisne,1,20,3.09051,49.37526
02,Aisne,1,21,3.10058,49.43927
02,Aisne,1,22,3.13132,49.43167
02,Aisne,1,23,3.16524,49.44072
02,Aisne,1,24,3.15517,49.4541
02,Aisne,1,25,3.10747,49.4682
02,Aisne,1,26,3.12072,49.49099
02,Aisne,1,27,3.09581,49.51811
02,Aisne,1,28,3.12125,49.52064
02,Aisne,1,29,3.13185,49.54379
02,Aisne,1,30,3.12178,49.60382
02,Aisne,1,31,3.09369,49.62263
02,Aisne,1,32,3.11277,49.63131
02,Aisne,1,33,3.10429,49.65771
02,Aisne,1,34,3.12761,49.66965
02,Aisne,1,35,3.11807,49.70581
02,Aisne,1,36,3.10058,49.73257
02,Aisne,1,37,3.09793,49.76657
02,Aisne,1,38,3.0656,49.77055
02,Aisne,1,39,3.06295,49.78248
02,Aisne,1,40,3.08574,49.79189
02,Aisne,1,41,3.07885,49.82263
02,Aisne,1,42,3.08892,49.86675
02,Aisne,1,43,3.12019,49.88411
02,Aisne,1,44,3.11754,49.91376
02,Aisne,1,45,3.13609,49.93546
02,Aisne,1,46,3.16471,49.9474
02,Aisne,1,47,3.16312,49.96403
02,Aisne,1,48,3.20287,49.98537
02,Aisne,1,49,3.15941,49.98971
02,Aisne,1,50,3.17266,50.01177
02,Aisne,1,51,3.19863,50.01611
02,Aisne,1,52,3.23042,50.03203
02,Aisne,1,53,3.28077,50.01539
02,Aisne,1,54,3.33695,50.0172
02,Aisne,1,55,3.35391,50.03564
02,Aisne,1,56,3.42811,50.0219
02,Aisne,1,57,3.49012,50.01901
02,Aisne,1,58,3.50707,50.03564
02,Aisne,1,59,3.52933,50.03745
02,Aisne,1,60,3.54205,50.05156
02,Aisne,1,61,3.56802,50.053
02,Aisne,1,62,3.60035,50.04034
02,Aisne,1,63,3.61572,50.02696
02,Aisne,1,64,3.65971,50.05156
02,Aisne,1,65,3.71059,50.06638
02,Aisne,1,66,3.74557,50.05336
02,Aisne,1,67,3.79962,50.0483
02,Aisne,1,68,3.81552,50.0389
02,Aisne,1,69,3.83778,50.04758
02,Aisne,1,70,3.87965,50.03347
02,Aisne,1,71,3.89873,50.01648
02,Aisne,1,72,3.99042,50.04107
02,Aisne,1,73,3.99519,50.0266
02,Aisne,1,74,3.97982,50.00273
02,Aisne,1,75,4.01162,49.9861
02,Aisne,1,76,4.05666,49.98537
02,Aisne,1,77,4.1033,49.97271
02,Aisne,1,78,4.14146,49.97922
02,Aisne,1,79,4.17379,49.97633
02,Aisne,1,80,4.21089,49.95752
02,Aisne,1,81,4.23315,49.95789
02,Aisne,1,82,4.21725,49.91593
02,Aisne,1,83,4.25594,49.904
02,Aisne,1,84,4.24852,49.85662
02,Aisne,1,85,4.23262,49.84794
02,Aisne,1,86,4.21407,49.80599
02,Aisne,1,87,4.22679,49.79369
02,Aisne,1,88,4.20877,49.7814
02,Aisne,1,89,4.24481,49.75897
02,Aisne,1,90,4.22891,49.74632
02,Aisne,1,91,4.22467,49.72751
02,Aisne,1,92,4.20771,49.72389
02,Aisne,1,93,4.17856,49.69822
02,Aisne,1,94,4.12715,49.67796
02,Aisne,1,95,4.1245,49.64975
02,Aisne,1,96,4.11496,49.63493
02,Aisne,1,97,4.09323,49.6295
02,Aisne,1,98,4.04819,49.63673
02,Aisne,1,99,4.0254,49.62046
02,Aisne,1,100,4.05984,49.57815
02,Aisne,1,101,4.0768,49.57055
02,Aisne,1,102,4.04872,49.54524
02,Aisne,1,103,4.07468,49.54162
02,Aisne,1,104,4.07574,49.51847
02,Aisne,1,105,4.04077,49.50871
02,Aisne,1,106,4.04183,49.47073
02,Aisne,1,107,4.06143,49.44976
02,Aisne,1,108,4.03706,49.43818
02,Aisne,1,109,4.04819,49.40564
02,Aisne,1,110,4.04024,49.39732
02,Aisne,1,111,4.036,49.36007
02,Aisne,1,112,4.01798,49.36043
02,Aisne,1,113,3.99519,49.37779
02,Aisne,1,114,3.96127,49.37743
02,Aisne,1,115,3.9247,49.406
02,Aisne,1,116,3.91092,49.39551
02,Aisne,1,117,3.87011,49.40672
02,Aisne,1,118,3.83725,49.39659
02,Aisne,1,119,3.85792,49.38466
02,Aisne,1,120,3.85262,49.34488
02,Aisne,1,121,3.80227,49.35898
02,Aisne,1,122,3.75776,49.34777
02,Aisne,1,123,3.74239,49.33692
02,Aisne,1,124,3.69893,49.33222
02,Aisne,1,125,3.64752,49.31594
02,Aisne,1,126,3.656,49.29099
02,Aisne,1,127,3.65547,49.26314
02,Aisne,1,128,3.67826,49.23529
02,Aisne,1,129,3.65971,49.2107
02,Aisne,1,130,3.69734,49.20564
02,Aisne,1,131,3.7037,49.18141
02,Aisne,1,132,3.7514,49.17779
02,Aisne,1,133,3.74875,49.15718
02,Aisne,1,134,3.70582,49.14524
02,Aisne,1,135,3.69151,49.1532
02,Aisne,1,136,3.6242,49.15139
02,Aisne,1,137,3.59982,49.12065
02,Aisne,1,138,3.61996,49.10727
02,Aisne,1,139,3.63904,49.08123
02,Aisne,1,140,3.58763,49.05953
02,Aisne,1,141,3.58763,49.03385
02,Aisne,1,142,3.64328,49.04036
02,Aisne,1,143,3.66395,49.03747
02,Aisne,1,144,3.67826,49.01866
02,Aisne,1,145,3.66077,49.00419
02,Aisne,1,146,3.63957,49.00383
02,Aisne,1,147,3.62102,48.96622
02,Aisne,1,148,3.59134,48.96043
02,Aisne,1,149,3.59558,48.94488
02,Aisne,1,150,3.57491,48.9391
02,Aisne,1,151,3.57226,48.91848
02,Aisne,1,152,3.5288,48.91233
02,Aisne,1,153,3.48482,48.85194
02,Aisne,1,154,3.46256,48.83964
02,Aisne,1,155,3.45196,48.85628
02,Aisne,1,156,3.42493,48.86568
02,Aisne,1,157,3.38147,48.87147
02,Aisne,1,158,3.36928,48.89389
02,Aisne,1,159,3.37352,48.91487
02,Aisne,1,160,3.33006,48.90872
02,Aisne,1,161,3.3131,48.92138
02,Aisne,1,162,3.30462,48.94886
02,Aisne,1,163,3.28448,48.94054
02,Aisne,1,164,3.2601,48.94488
02,Aisne,1,165,3.25427,48.96803
02,Aisne,1,166,3.23095,48.97707
02,Aisne,1,167,3.2034,49.0013
02,Aisne,1,168,3.16312,49.02011
02,Aisne,1,169,3.1769,49.0306
02,Aisne,1,170,3.17637,49.07002
02,Aisne,1,171,3.15782,49.08484
02,Aisne,1,172,3.16524,49.10003
02,Aisne,1,173,3.0868,49.11197
02,Aisne,1,174,3.07196,49.11776
76,Seine-Maritime,1,0,1.38026,50.06566
76,Seine-Maritime,1,1,1.40888,50.05698
76,Seine-Maritime,1,2,1.42266,50.07072
76,Seine-Maritime,1,3,1.45923,50.06277
76,Seine-Maritime,1,4,1.45022,50.04468
76,Seine-Maritime,1,5,1.51329,50.01177
76,Seine-Maritime,1,6,1.5276,49.99478
76,Seine-Maritime,1,7,1.57423,49.97344
76,Seine-Maritime,1,8,1.59437,49.94848
76,Seine-Maritime,1,9,1.67281,49.92027
76,Seine-Maritime,1,10,1.69348,49.8946
76,Seine-Maritime,1,11,1.7115,49.88772
76,Seine-Maritime,1,12,1.73376,49.81359
76,Seine-Maritime,1,13,1.75814,49.78031
76,Seine-Maritime,1,14,1.78358,49.75825
76,Seine-Maritime,1,15,1.73906,49.74921
76,Seine-Maritime,1,16,1.74595,49.73872
76,Seine-Maritime,1,17,1.71256,49.72968
76,Seine-Maritime,1,18,1.71521,49.71268
76,Seine-Maritime,1,19,1.68924,49.69496
76,Seine-Maritime,1,20,1.70249,49.68447
76,Seine-Maritime,1,21,1.74224,49.70183
76,Seine-Maritime,1,22,1.75231,49.68122
76,Seine-Maritime,1,23,1.72263,49.66892
76,Seine-Maritime,1,24,1.7115,49.65012
76,Seine-Maritime,1,25,1.71786,49.61576
76,Seine-Maritime,1,26,1.69401,49.60129
76,Seine-Maritime,1,27,1.72528,49.5644
76,Seine-Maritime,1,28,1.72263,49.54415
76,Seine-Maritime,1,29,1.74807,49.53728
76,Seine-Maritime,1,30,1.7168,49.50364
76,Seine-Maritime,1,31,1.75284,49.4975
76,Seine-Maritime,1,32,1.77139,49.51305
76,Seine-Maritime,1,33,1.78729,49.50618
76,Seine-Maritime,1,34,1.76609,49.46603
76,Seine-Maritime,1,35,1.74754,49.45952
76,Seine-Maritime,1,36,1.72316,49.43421
76,Seine-Maritime,1,37,1.71415,49.40925
76,Seine-Maritime,1,38,1.69454,49.39515
76,Seine-Maritime,1,39,1.67016,49.40672
76,Seine-Maritime,1,40,1.64737,49.4031
76,Seine-Maritime,1,41,1.62458,49.41468
76,Seine-Maritime,1,42,1.60391,49.41214
76,Seine-Maritime,1,43,1.57529,49.43746
76,Seine-Maritime,1,44,1.52972,49.44252
76,Seine-Maritime,1,45,1.50481,49.43818
76,Seine-Maritime,1,46,1.47619,49.45157
76,Seine-Maritime,1,47,1.40093,49.45699
76,Seine-Maritime,1,48,1.34316,49.4465
76,Seine-Maritime,1,49,1.3368,49.4277
76,Seine-Maritime,1,50,1.31666,49.42914
76,Seine-Maritime,1,51,1.30818,49.39551
76,Seine-Maritime,1,52,1.28539,49.38828
76,Seine-Maritime,1,53,1.28486,49.36404
76,Seine-Maritime,1,54,1.27214,49.34632
76,Seine-Maritime,1,55,1.19954,49.35102
76,Seine-Maritime,1,56,1.1688,49.33584
76,Seine-Maritime,1,57,1.14548,49.33511
76,Seine-Maritime,1,58,1.13382,49.3098
76,Seine-Maritime,1,59,1.07817,49.30835
76,Seine-Maritime,1,60,1.04796,49.29786
76,Seine-Maritime,1,61,1.06545,49.27652
76,Seine-Maritime,1,62,1.05167,49.26242
76,Seine-Maritime,1,63,1.00132,49.25121
76,Seine-Maritime,1,64,0.94303,49.31124
76,Seine-Maritime,1,65,0.92554,49.31341
76,Seine-Maritime,1,66,0.89957,49.29822
76,Seine-Maritime,1,67,0.88897,49.31703
76,Seine-Maritime,1,68,0.85611,49.32462
76,Seine-Maritime,1,69,0.86512,49.34524
76,Seine-Maritime,1,70,0.92342,49.34994
76,Seine-Maritime,1,71,0.91706,49.37634
76,Seine-Maritime,1,72,0.89321,49.37236
76,Seine-Maritime,1,73,0.87837,49.39623
76,Seine-Maritime,1,74,0.8259,49.39551
76,Seine-Maritime,1,75,0.79675,49.41721
76,Seine-Maritime,1,76,0.76707,49.4201
76,Seine-Maritime,1,77,0.74322,49.40961
76,Seine-Maritime,1,78,0.70983,49.41034
76,Seine-Maritime,1,79,0.6685,49.4031
76,Seine-Maritime,1,80,0.65207,49.42191
76,Seine-Maritime,1,81,0.59165,49.43023
76,Seine-Maritime,1,82,0.57257,49.43855
76,Seine-Maritime,1,83,0.52275,49.47941
76,Seine-Maritime,1,84,0.4883,49.48339
76,Seine-Maritime,1,85,0.4353,49.45988
76,Seine-Maritime,1,86,0.36906,49.44433
76,Seine-Maritime,1,87,0.33832,49.44542
76,Seine-Maritime,1,88,0.33885,49.45012
76,Seine-Maritime,1,89,0.24716,49.45482
76,Seine-Maritime,1,90,0.19257,49.45157
76,Seine-Maritime,1,91,0.12898,49.46278
76,Seine-Maritime,1,92,0.13905,49.47218
76,Seine-Maritime,1,93,0.10195,49.48411
76,Seine-Maritime,1,94,0.06591,49.51269
76,Seine-Maritime,1,95,0.07757,49.54017
76,Seine-Maritime,1,96,0.15335,49.64578
76,Seine-Maritime,1,97,0.16501,49.68737
76,Seine-Maritime,1,98,0.20953,49.71377
76,Seine-Maritime,1,99,0.25034,49.72317
76,Seine-Maritime,1,100,0.28161,49.73619
76,Seine-Maritime,1,101,0.31182,49.73981
76,Seine-Maritime,1,102,0.35581,49.75572
76,Seine-Maritime,1,103,0.36694,49.76693
76,Seine-Maritime,1,104,0.4104,49.77923
76,Seine-Maritime,1,105,0.51162,49.81937
76,Seine-Maritime,1,106,0.53335,49.83311
76,Seine-Maritime,1,107,0.58052,49.85192
76,Seine-Maritime,1,108,0.69871,49.87145
76,Seine-Maritime,1,109,0.72308,49.86964
76,Seine-Maritime,1,110,0.78721,49.87471
76,Seine-Maritime,1,111,0.82325,49.88556
76,Seine-Maritime,1,112,0.92978,49.90653
76,Seine-Maritime,1,113,0.9637,49.91955
76,Seine-Maritime,1,114,1.01881,49.91557
76,Seine-Maritime,1,115,1.10573,49.93619
76,Seine-Maritime,1,116,1.20166,49.97091
76,Seine-Maritime,1,117,1.24512,49.99441
76,Seine-Maritime,1,118,1.33892,50.04975
76,Seine-Maritime,1,119,1.38026,50.06566
77,Seine-et-Marne,1,0,2.40312,48.32066
77,Seine-et-Marne,1,1,2.39252,48.33585
77,Seine-et-Marne,1,2,2.42644,48.3373
77,Seine-et-Marne,1,3,2.43227,48.35972
77,Seine-et-Marne,1,4,2.44764,48.37274
77,Seine-et-Marne,1,5,2.48474,48.38359
77,Seine-et-Marne,1,6,2.52608,48.4042
77,Seine-et-Marne,1,7,2.52767,48.41542
77,Seine-et-Marne,1,8,2.507,48.43169
77,Seine-et-Marne,1,9,2.5017,48.48449
77,Seine-et-Marne,1,10,2.51495,48.50511
77,Seine-et-Marne,1,11,2.49746,48.5174
77,Seine-et-Marne,1,12,2.52237,48.57346
77,Seine-et-Marne,1,13,2.54092,48.5948
77,Seine-et-Marne,1,14,2.52025,48.63133
77,Seine-et-Marne,1,15,2.54251,48.63313
77,Seine-et-Marne,1,16,2.53827,48.65954
77,Seine-et-Marne,1,17,2.54516,48.67111
77,Seine-et-Marne,1,18,2.58544,48.67906
77,Seine-et-Marne,1,19,2.57166,48.69208
77,Seine-et-Marne,1,20,2.56848,48.70908
77,Seine-et-Marne,1,21,2.59392,48.73548
77,Seine-et-Marne,1,22,2.60717,48.77454
77,Seine-et-Marne,1,23,2.5918,48.80709
77,Seine-et-Marne,1,24,2.59233,48.82554
77,Seine-et-Marne,1,25,2.56901,48.86821
77,Seine-et-Marne,1,26,2.57219,48.89244
77,Seine-et-Marne,1,27,2.60293,48.92933
77,Seine-et-Marne,1,28,2.59127,48.95067
77,Seine-et-Marne,1,29,2.56689,48.9749
77,Seine-et-Marne,1,30,2.5812,48.99045
77,Seine-et-Marne,1,31,2.55364,49.00998
77,Seine-et-Marne,1,32,2.58438,49.05302
77,Seine-et-Marne,1,33,2.57113,49.06061
77,Seine-et-Marne,1,34,2.59021,49.07978
77,Seine-et-Marne,1,35,2.63314,49.10871
77,Seine-et-Marne,1,36,2.67129,49.09172
77,Seine-et-Marne,1,37,2.70627,49.06532
77,Seine-et-Marne,1,38,2.75556,49.06134
77,Seine-et-Marne,1,39,2.78418,49.07363
77,Seine-et-Marne,1,40,2.78153,49.08521
77,Seine-et-Marne,1,41,2.80909,49.0975
77,Seine-et-Marne,1,42,2.84513,49.08484
77,Seine-et-Marne,1,43,2.85626,49.07002
77,Seine-et-Marne,1,44,2.90131,49.08521
77,Seine-et-Marne,1,45,2.92304,49.07761
77,Seine-et-Marne,1,46,2.94582,49.08846
77,Seine-et-Marne,1,47,2.97603,49.07399
77,Seine-et-Marne,1,48,3.00889,49.09172
77,Seine-et-Marne,1,49,3.06613,49.08521
77,Seine-et-Marne,1,50,3.05606,49.10184
77,Seine-et-Marne,1,51,3.07196,49.11776
77,Seine-et-Marne,1,52,3.0868,49.11197
77,Seine-et-Marne,1,53,3.16524,49.10003
77,Seine-et-Marne,1,54,3.15782,49.08484
77,Seine-et-Marne,1,55,3.17637,49.07002
77,Seine-et-Marne,1,56,3.1769,49.0306
77,Seine-et-Marne,1,57,3.16312,49.02011
77,Seine-et-Marne,1,58,3.2034,49.0013
77,Seine-et-Marne,1,59,3.23095,48.97707
77,Seine-et-Marne,1,60,3.25427,48.96803
77,Seine-et-Marne,1,61,3.2601,48.94488
77,Seine-et-Marne,1,62,3.28448,48.94054
77,Seine-et-Marne,1,63,3.30462,48.94886
77,Seine-et-Marne,1,64,3.3131,48.92138
77,Seine-et-Marne,1,65,3.33006,48.90872
77,Seine-et-Marne,1,66,3.37352,48.91487
77,Seine-et-Marne,1,67,3.36928,48.89389
77,Seine-et-Marne,1,68,3.38147,48.87147
77,Seine-et-Marne,1,69,3.42493,48.86568
77,Seine-et-Marne,1,70,3.45196,48.85628
77,Seine-et-Marne,1,71,3.46256,48.83964
77,Seine-et-Marne,1,72,3.48482,48.85194
77,Seine-et-Marne,1,73,3.48535,48.82517
77,Seine-et-Marne,1,74,3.44772,48.81143
77,Seine-et-Marne,1,75,3.41645,48.81794
77,Seine-et-Marne,1,76,3.40479,48.8089
77,Seine-et-Marne,1,77,3.44295,48.78829
77,Seine-et-Marne,1,78,3.40956,48.78358
77,Seine-et-Marne,1,79,3.39578,48.75935
77,Seine-et-Marne,1,80,3.42811,48.75574
77,Seine-et-Marne,1,81,3.44348,48.73693
77,Seine-et-Marne,1,82,3.46998,48.73801
77,Seine-et-Marne,1,83,3.46362,48.70727
77,Seine-et-Marne,1,84,3.47634,48.69751
77,Seine-et-Marne,1,85,3.44295,48.67219
77,Seine-et-Marne,1,86,3.45938,48.65158
77,Seine-et-Marne,1,87,3.48641,48.64254
77,Seine-et-Marne,1,88,3.51979,48.64362
77,Seine-et-Marne,1,89,3.5553,48.62011
77,Seine-et-Marne,1,90,3.50283,48.60456
77,Seine-et-Marne,1,91,3.5023,48.58937
77,Seine-et-Marne,1,92,3.46521,48.57057
77,Seine-et-Marne,1,93,3.48005,48.5438
77,Seine-et-Marne,1,94,3.45938,48.53078
77,Seine-et-Marne,1,95,3.42069,48.5174
77,Seine-et-Marne,1,96,3.43447,48.49028
77,Seine-et-Marne,1,97,3.38836,48.47726
77,Seine-et-Marne,1,98,3.40691,48.44833
77,Seine-et-Marne,1,99,3.39737,48.43458
77,Seine-et-Marne,1,100,3.42122,48.41071
77,Seine-et-Marne,1,101,3.41486,48.3901
77,Seine-et-Marne,1,102,3.37564,48.39878
77,Seine-et-Marne,1,103,3.36292,48.376
77,Seine-et-Marne,1,104,3.33536,48.37021
77,Seine-et-Marne,1,105,3.26805,48.3778
77,Seine-et-Marne,1,106,3.25109,48.36515
77,Seine-et-Marne,1,107,3.22353,48.37057
77,Seine-et-Marne,1,108,3.20022,48.3637
77,Seine-et-Marne,1,109,3.1398,48.37274
77,Seine-et-Marne,1,110,3.11913,48.36695
77,Seine-et-Marne,1,111,3.10323,48.34923
77,Seine-et-Marne,1,112,3.08733,48.359
77,Seine-et-Marne,1,113,3.04493,48.35574
77,Seine-et-Marne,1,114,3.03592,48.32572
77,Seine-et-Marne,1,115,3.01525,48.30728
77,Seine-et-Marne,1,116,3.04493,48.27148
77,Seine-et-Marne,1,117,3.00518,48.20782
77,Seine-et-Marne,1,118,2.98292,48.20674
77,Seine-et-Marne,1,119,2.97073,48.19408
77,Seine-et-Marne,1,120,2.9347,48.17925
77,Seine-et-Marne,1,121,2.93682,48.16334
77,Seine-et-Marne,1,122,2.86686,48.15611
77,Seine-et-Marne,1,123,2.82075,48.12971
77,Seine-et-Marne,1,124,2.80061,48.13368
77,Seine-et-Marne,1,125,2.79425,48.16877
77,Seine-et-Marne,1,126,2.75821,48.16334
77,Seine-et-Marne,1,127,2.75556,48.14598
77,Seine-et-Marne,1,128,2.72058,48.13694
77,Seine-et-Marne,1,129,2.70574,48.1232
77,Seine-et-Marne,1,130,2.66334,48.12211
77,Seine-et-Marne,1,131,2.63897,48.13875
77,Seine-et-Marne,1,132,2.60293,48.13151
77,Seine-et-Marne,1,133,2.5706,48.14092
77,Seine-et-Marne,1,134,2.53721,48.14019
77,Seine-et-Marne,1,135,2.51972,48.12681
77,Seine-et-Marne,1,136,2.46513,48.12934
77,Seine-et-Marne,1,137,2.45983,48.13694
77,Seine-et-Marne,1,138,2.48315,48.16443
77,Seine-et-Marne,1,139,2.50594,48.15647
77,Seine-et-Marne,1,140,2.5229,48.20023
77,Seine-et-Marne,1,141,2.50647,48.23857
77,Seine-et-Marne,1,142,2.48421,48.23893
77,Seine-et-Marne,1,143,2.42008,48.26677
77,Seine-et-Marne,1,144,2.42008,48.29969
77,Seine-et-Marne,1,145,2.40312,48.32066
86,Vienne,1,0,-0.1021,47.06535
86,Vienne,1,1,-0.09521,47.095
86,Vienne,1,2,-0.04486,47.09356
86,Vienne,1,3,-0.04009,47.11489
86,Vienne,1,4,-0.012,47.15649
86,Vienne,1,5,0.01874,47.17601
86,Vienne,1,6,0.03623,47.1601
86,Vienne,1,7,0.05372,47.16372
86,Vienne,1,8,0.07863,47.14636
86,Vienne,1,9,0.08393,47.11851
86,Vienne,1,10,0.12209,47.12828
86,Vienne,1,11,0.13534,47.10694
86,Vienne,1,12,0.16183,47.10007
86,Vienne,1,13,0.18303,47.11417
86,Vienne,1,14,0.1984,47.09356
86,Vienne,1,15,0.17402,47.07113
86,Vienne,1,16,0.21377,47.0545
86,Vienne,1,17,0.24398,47.0715
86,Vienne,1,18,0.26624,47.06426
86,Vienne,1,19,0.26571,47.04546
86,Vienne,1,20,0.29857,47.05414
86,Vienne,1,21,0.30917,47.04582
86,Vienne,1,22,0.30811,46.99989
86,Vienne,1,23,0.29751,46.9847
86,Vienne,1,24,0.31129,46.93804
86,Vienne,1,25,0.34786,46.9366
86,Vienne,1,26,0.36641,46.94998
86,Vienne,1,27,0.43848,46.92936
86,Vienne,1,28,0.45226,46.94202
86,Vienne,1,29,0.50526,46.96011
86,Vienne,1,30,0.59854,46.95649
86,Vienne,1,31,0.60172,46.97132
86,Vienne,1,32,0.57416,46.98325
86,Vienne,1,33,0.57469,47.00459
86,Vienne,1,34,0.61603,47.00821
86,Vienne,1,35,0.63776,46.98542
86,Vienne,1,36,0.69235,46.97457
86,Vienne,1,37,0.70613,46.93804
86,Vienne,1,38,0.70401,46.90441
86,Vienne,1,39,0.73315,46.87656
86,Vienne,1,40,0.79039,46.85233
86,Vienne,1,41,0.78721,46.84003
86,Vienne,1,42,0.80894,46.8234
86,Vienne,1,43,0.81636,46.78796
86,Vienne,1,44,0.86724,46.74817
86,Vienne,1,45,0.90169,46.73443
86,Vienne,1,46,0.92395,46.69284
86,Vienne,1,47,0.90699,46.66535
86,Vienne,1,48,0.91706,46.65053
86,Vienne,1,49,0.89586,46.63208
86,Vienne,1,50,0.916,46.59664
86,Vienne,1,51,0.94144,46.58109
86,Vienne,1,52,0.9886,46.56517
86,Vienne,1,53,1.01457,46.56771
86,Vienne,1,54,1.0204,46.53733
86,Vienne,1,55,1.06439,46.5395
86,Vienne,1,56,1.10626,46.53263
86,Vienne,1,57,1.14654,46.50586
86,Vienne,1,58,1.13329,46.49791
86,Vienne,1,59,1.15343,46.47259
86,Vienne,1,60,1.15184,46.44872
86,Vienne,1,61,1.18682,46.4404
86,Vienne,1,62,1.19901,46.431
86,Vienne,1,63,1.19689,46.40134
86,Vienne,1,64,1.17728,46.38398
86,Vienne,1,65,1.15979,46.39049
86,Vienne,1,66,1.13011,46.36011
86,Vienne,1,67,1.09672,46.36192
86,Vienne,1,68,1.05008,46.35686
86,Vienne,1,69,1.02676,46.34348
86,Vienne,1,70,1.02517,46.32069
86,Vienne,1,71,0.99655,46.28344
86,Vienne,1,72,0.94939,46.2867
86,Vienne,1,73,0.90169,46.28417
86,Vienne,1,74,0.89056,46.26862
86,Vienne,1,75,0.86141,46.26174
86,Vienne,1,76,0.84445,46.24149
86,Vienne,1,77,0.84657,46.22919
86,Vienne,1,78,0.81,46.22847
86,Vienne,1,79,0.7941,46.21401
86,Vienne,1,80,0.81795,46.19158
86,Vienne,1,81,0.83438,46.16337
86,Vienne,1,82,0.8418,46.13408
86,Vienne,1,83,0.82325,46.12865
86,Vienne,1,84,0.8153,46.1377
86,Vienne,1,85,0.78721,46.13155
86,Vienne,1,86,0.75806,46.13806
86,Vienne,1,87,0.70772,46.12938
86,Vienne,1,88,0.67857,46.11455
86,Vienne,1,89,0.68705,46.09719
86,Vienne,1,90,0.61338,46.08851
86,Vienne,1,91,0.59801,46.07441
86,Vienne,1,92,0.56356,46.09032
86,Vienne,1,93,0.53971,46.08562
86,Vienne,1,94,0.51109,46.11708
86,Vienne,1,95,0.50844,46.13191
86,Vienne,1,96,0.4724,46.1301
86,Vienne,1,97,0.46074,46.11021
86,Vienne,1,98,0.44325,46.10153
86,Vienne,1,99,0.44696,46.08562
86,Vienne,1,100,0.47505,46.08525
86,Vienne,1,101,0.48088,46.06573
86,Vienne,1,102,0.44961,46.05162
86,Vienne,1,103,0.41305,46.04909
86,Vienne,1,104,0.39132,46.06645
86,Vienne,1,105,0.27684,46.06319
86,Vienne,1,106,0.21907,46.09466
86,Vienne,1,107,0.19734,46.09538
86,Vienne,1,108,0.18833,46.11129
86,Vienne,1,109,0.20423,46.12214
86,Vienne,1,110,0.22013,46.15831
86,Vienne,1,111,0.18886,46.14927
86,Vienne,1,112,0.15494,46.15722
86,Vienne,1,113,0.13958,46.18001
86,Vienne,1,114,0.11414,46.18616
86,Vienne,1,115,0.11361,46.2122
86,Vienne,1,116,0.14223,46.23281
86,Vienne,1,117,0.12898,46.26753
86,Vienne,1,118,0.15971,46.26645
86,Vienne,1,119,0.17243,46.27874
86,Vienne,1,120,0.15706,46.29863
86,Vienne,1,121,0.1772,46.32793
86,Vienne,1,122,0.15388,46.34493
86,Vienne,1,123,0.12156,46.34529
86,Vienne,1,124,0.09824,46.33118
86,Vienne,1,125,0.0781,46.30514
86,Vienne,1,126,0.03729,46.32576
86,Vienne,1,127,0.01556,46.35686
86,Vienne,1,128,0.03411,46.37386
86,Vienne,1,129,0.01609,46.39086
86,Vienne,1,130,-0.00776,46.38905
86,Vienne,1,131,-0.01836,46.40062
86,Vienne,1,132,-0.01041,46.44908
86,Vienne,1,133,-0.01306,46.47259
86,Vienne,1,134,-0.0438,46.47259
86,Vienne,1,135,-0.03002,46.51165
86,Vienne,1,136,-0.00723,46.52322
86,Vienne,1,137,0.00761,46.54709
86,Vienne,1,138,-0.00988,46.55541
86,Vienne,1,139,-0.00405,46.57132
86,Vienne,1,140,0.02669,46.59447
86,Vienne,1,141,0.02298,46.61436
86,Vienne,1,142,-0.00935,46.61508
86,Vienne,1,143,-0.02949,46.62991
86,Vienne,1,144,-0.06553,46.62268
86,Vienne,1,145,-0.03903,46.66355
86,Vienne,1,146,-0.0067,46.68344
86,Vienne,1,147,-0.0014,46.71526
86,Vienne,1,148,0.03835,46.7319
86,Vienne,1,149,0.00337,46.75758
86,Vienne,1,150,-0.01253,46.75432
86,Vienne,1,151,-0.02472,46.78687
86,Vienne,1,152,0.00602,46.80857
86,Vienne,1,153,-0.02525,46.81508
86,Vienne,1,154,-0.0438,46.83208
86,Vienne,1,155,-0.01359,46.84618
86,Vienne,1,156,0.01662,46.83497
86,Vienne,1,157,0.02563,46.85269
86,Vienne,1,158,-0.02896,46.87909
86,Vienne,1,159,-0.00882,46.90803
86,Vienne,1,160,-0.01571,46.92683
86,Vienne,1,161,-0.04592,46.96661
86,Vienne,1,162,-0.03426,46.97855
86,Vienne,1,163,-0.05599,46.99482
86,Vienne,1,164,-0.08461,46.98904
86,Vienne,1,165,-0.08408,47.01725
86,Vienne,1,166,-0.1021,47.06535
28,Eure-et-Loir,1,0,0.84127,48.10294
28,Eure-et-Loir,1,1,0.85505,48.12283
28,Eure-et-Loir,1,2,0.85028,48.13332
28,Eure-et-Loir,1,3,0.91547,48.1373
28,Eure-et-Loir,1,4,0.91176,48.14887
28,Eure-et-Loir,1,5,0.87784,48.16226
28,Eure-et-Loir,1,6,0.83279,48.16913
28,Eure-et-Loir,1,7,0.79781,48.1948
28,Eure-et-Loir,1,8,0.83067,48.21072
28,Eure-et-Loir,1,9,0.78562,48.27111
28,Eure-et-Loir,1,10,0.79728,48.28703
28,Eure-et-Loir,1,11,0.77873,48.30294
28,Eure-et-Loir,1,12,0.75594,48.30005
28,Eure-et-Loir,1,13,0.78562,48.34055
28,Eure-et-Loir,1,14,0.83968,48.35285
28,Eure-et-Loir,1,15,0.88367,48.35683
28,Eure-et-Loir,1,16,0.90911,48.37021
28,Eure-et-Loir,1,17,0.94038,48.39842
28,Eure-et-Loir,1,18,0.95787,48.4429
28,Eure-et-Loir,1,19,0.93561,48.47545
28,Eure-et-Loir,1,20,0.95628,48.48232
28,Eure-et-Loir,1,21,0.94144,48.49896
28,Eure-et-Loir,1,22,0.96741,48.52391
28,Eure-et-Loir,1,23,0.92236,48.53766
28,Eure-et-Loir,1,24,0.93402,48.55429
28,Eure-et-Loir,1,25,0.89109,48.57201
28,Eure-et-Loir,1,26,0.84975,48.58431
28,Eure-et-Loir,1,27,0.84657,48.60312
28,Eure-et-Loir,1,28,0.81742,48.61577
28,Eure-et-Loir,1,29,0.82484,48.64869
28,Eure-et-Loir,1,30,0.81477,48.67002
28,Eure-et-Loir,1,31,0.84922,48.6816
28,Eure-et-Loir,1,32,0.87254,48.71306
28,Eure-et-Loir,1,33,0.94356,48.71342
28,Eure-et-Loir,1,34,0.97801,48.73078
28,Eure-et-Loir,1,35,1.01351,48.72825
28,Eure-et-Loir,1,36,1.0628,48.75899
28,Eure-et-Loir,1,37,1.07605,48.74923
28,Eure-et-Loir,1,38,1.11368,48.74597
28,Eure-et-Loir,1,39,1.12163,48.78937
28,Eure-et-Loir,1,40,1.15184,48.78575
28,Eure-et-Loir,1,41,1.15767,48.76948
28,Eure-et-Loir,1,42,1.18417,48.77237
28,Eure-et-Loir,1,43,1.24565,48.76948
28,Eure-et-Loir,1,44,1.26843,48.75718
28,Eure-et-Loir,1,45,1.29705,48.76839
28,Eure-et-Loir,1,46,1.33309,48.76261
28,Eure-et-Loir,1,47,1.37761,48.79046
28,Eure-et-Loir,1,48,1.35694,48.81903
28,Eure-et-Loir,1,49,1.36171,48.83422
28,Eure-et-Loir,1,50,1.4057,48.86098
28,Eure-et-Loir,1,51,1.45552,48.87038
28,Eure-et-Loir,1,52,1.46877,48.8928
28,Eure-et-Loir,1,53,1.45711,48.91631
28,Eure-et-Loir,1,54,1.46135,48.93765
28,Eure-et-Loir,1,55,1.50163,48.9409
28,Eure-et-Loir,1,56,1.50693,48.92933
28,Eure-et-Loir,1,57,1.5382,48.92246
28,Eure-et-Loir,1,58,1.53873,48.90474
28,Eure-et-Loir,1,59,1.56363,48.89063
28,Eure-et-Loir,1,60,1.54614,48.87255
28,Eure-et-Loir,1,61,1.5843,48.86026
28,Eure-et-Loir,1,62,1.57741,48.8447
28,Eure-et-Loir,1,63,1.59543,48.83675
28,Eure-et-Loir,1,64,1.57688,48.78286
28,Eure-et-Loir,1,65,1.60232,48.76044
28,Eure-et-Loir,1,66,1.6267,48.74814
28,Eure-et-Loir,1,67,1.58695,48.71017
28,Eure-et-Loir,1,68,1.58218,48.69642
28,Eure-et-Loir,1,69,1.61186,48.68919
28,Eure-et-Loir,1,70,1.60126,48.66821
28,Eure-et-Loir,1,71,1.62034,48.65049
28,Eure-et-Loir,1,72,1.64313,48.65122
28,Eure-et-Loir,1,73,1.66062,48.61903
28,Eure-et-Loir,1,74,1.71839,48.60709
28,Eure-et-Loir,1,75,1.70196,48.58503
28,Eure-et-Loir,1,76,1.70938,48.57816
28,Eure-et-Loir,1,77,1.7592,48.5731
28,Eure-et-Loir,1,78,1.77775,48.55248
28,Eure-et-Loir,1,79,1.77722,48.50872
28,Eure-et-Loir,1,80,1.80107,48.46605
28,Eure-et-Loir,1,81,1.82333,48.46641
28,Eure-et-Loir,1,82,1.84293,48.44977
28,Eure-et-Loir,1,83,1.90176,48.43892
28,Eure-et-Loir,1,84,1.9219,48.45773
28,Eure-et-Loir,1,85,1.93303,48.44435
28,Eure-et-Loir,1,86,1.94363,48.40601
28,Eure-et-Loir,1,87,1.97702,48.3995
28,Eure-et-Loir,1,88,1.98391,48.36044
28,Eure-et-Loir,1,89,1.97172,48.34815
28,Eure-et-Loir,1,90,1.98232,48.32862
28,Eure-et-Loir,1,91,1.959,48.30873
28,Eure-et-Loir,1,92,1.97066,48.29462
28,Eure-et-Loir,1,93,1.99398,48.28667
28,Eure-et-Loir,1,94,1.98444,48.26424
28,Eure-et-Loir,1,95,1.96536,48.25592
28,Eure-et-Loir,1,96,1.96271,48.22265
28,Eure-et-Loir,1,97,1.97914,48.20385
28,Eure-et-Loir,1,98,1.95105,48.19517
28,Eure-et-Loir,1,99,1.97013,48.17817
28,Eure-et-Loir,1,100,1.91448,48.16732
28,Eure-et-Loir,1,101,1.92031,48.14634
28,Eure-et-Loir,1,102,1.89964,48.12754
28,Eure-et-Loir,1,103,1.88427,48.09752
28,Eure-et-Loir,1,104,1.86572,48.08378
28,Eure-et-Loir,1,105,1.81273,48.08486
28,Eure-et-Loir,1,106,1.75496,48.06533
28,Eure-et-Loir,1,107,1.67917,48.06569
28,Eure-et-Loir,1,108,1.65532,48.07618
28,Eure-et-Loir,1,109,1.6214,48.06388
28,Eure-et-Loir,1,110,1.6214,48.04833
28,Eure-et-Loir,1,111,1.59702,48.04327
28,Eure-et-Loir,1,112,1.59437,48.03061
28,Eure-et-Loir,1,113,1.54561,48.04436
28,Eure-et-Loir,1,114,1.51223,48.02808
28,Eure-et-Loir,1,115,1.52654,48.0071
28,Eure-et-Loir,1,116,1.52018,47.98215
28,Eure-et-Loir,1,117,1.49898,47.98504
28,Eure-et-Loir,1,118,1.45764,48.00783
28,Eure-et-Loir,1,119,1.43273,48.00855
28,Eure-et-Loir,1,120,1.4375,47.97709
28,Eure-et-Loir,1,121,1.40464,47.9713
28,Eure-et-Loir,1,122,1.38503,47.98034
28,Eure-et-Loir,1,123,1.36966,47.95394
28,Eure-et-Loir,1,124,1.34581,47.96515
28,Eure-et-Loir,1,125,1.31295,47.95575
28,Eure-et-Loir,1,126,1.2997,47.96805
28,Eure-et-Loir,1,127,1.27373,47.96479
28,Eure-et-Loir,1,128,1.24777,47.97853
28,Eure-et-Loir,1,129,1.19636,47.97745
28,Eure-et-Loir,1,130,1.16615,48.02844
28,Eure-et-Loir,1,131,1.14389,48.0288
28,Eure-et-Loir,1,132,1.12004,48.04038
28,Eure-et-Loir,1,133,1.10626,48.06027
28,Eure-et-Loir,1,134,1.11209,48.08088
28,Eure-et-Loir,1,135,1.08135,48.07799
28,Eure-et-Loir,1,136,1.0628,48.08667
28,Eure-et-Loir,1,137,0.99708,48.08739
28,Eure-et-Loir,1,138,1.00556,48.1062
28,Eure-et-Loir,1,139,1.04478,48.11777
28,Eure-et-Loir,1,140,1.03948,48.13151
28,Eure-et-Loir,1,141,0.99708,48.12754
28,Eure-et-Loir,1,142,0.94833,48.09788
28,Eure-et-Loir,1,143,0.94409,48.11271
28,Eure-et-Loir,1,144,0.89215,48.10186
28,Eure-et-Loir,1,145,0.87678,48.10982
28,Eure-et-Loir,1,146,0.84127,48.10294
73,Savoie,1,0,5.62382,45.61329
73,Savoie,1,1,5.64926,45.63137
73,Savoie,1,2,5.68477,45.64078
73,Savoie,1,3,5.68477,45.66573
73,Savoie,1,4,5.70968,45.68815
73,Savoie,1,5,5.70014,45.70985
73,Savoie,1,6,5.7473,45.70515
73,Savoie,1,7,5.77698,45.72721
73,Savoie,1,8,5.78387,45.74493
73,Savoie,1,9,5.78016,45.77748
73,Savoie,1,10,5.78917,45.82667
73,Savoie,1,11,5.79712,45.83101
73,Savoie,1,12,5.82945,45.91708
73,Savoie,1,13,5.82892,45.93842
73,Savoie,1,14,5.86231,45.93227
73,Savoie,1,15,5.86814,45.88887
73,Savoie,1,16,5.87874,45.86139
73,Savoie,1,17,5.87344,45.83897
73,Savoie,1,18,5.91372,45.80425
73,Savoie,1,19,5.96248,45.81293
73,Savoie,1,20,5.97997,45.79629
73,Savoie,1,21,5.97414,45.7688
73,Savoie,1,22,6.00382,45.74964
73,Savoie,1,23,6.03455,45.74276
73,Savoie,1,24,6.08331,45.74023
73,Savoie,1,25,6.12783,45.75181
73,Savoie,1,26,6.1432,45.76157
73,Savoie,1,27,6.16652,45.75651
73,Savoie,1,28,6.17712,45.73734
73,Savoie,1,29,6.1962,45.73192
73,Savoie,1,30,6.18878,45.69828
73,Savoie,1,31,6.23171,45.70298
73,Savoie,1,32,6.23807,45.68526
73,Savoie,1,33,6.27835,45.68418
73,Savoie,1,34,6.30484,45.69322
73,Savoie,1,35,6.32922,45.69358
73,Savoie,1,36,6.37427,45.76591
73,Savoie,1,37,6.39653,45.78833
73,Savoie,1,38,6.42462,45.8028
73,Savoie,1,39,6.45006,45.83716
73,Savoie,1,40,6.44476,45.84548
73,Savoie,1,41,6.47709,45.88598
73,Savoie,1,42,6.51684,45.90262
73,Savoie,1,43,6.55924,45.89321
73,Savoie,1,44,6.57301,45.8773
73,Savoie,1,45,6.56559,45.86284
73,Savoie,1,46,6.53486,45.86175
73,Savoie,1,47,6.55341,45.82595
73,Savoie,1,48,6.57672,45.81654
73,Savoie,1,49,6.59898,45.79231
73,Savoie,1,50,6.6594,45.80063
73,Savoie,1,51,6.69014,45.7688
73,Savoie,1,52,6.69226,45.73119
73,Savoie,1,53,6.71929,45.72685
73,Savoie,1,54,6.7601,45.7688
73,Savoie,1,55,6.8025,45.77857
73,Savoie,1,56,6.81257,45.72324
73,Savoie,1,57,6.8698,45.6802
73,Savoie,1,58,6.90266,45.68092
73,Savoie,1,59,6.90213,45.66392
73,Savoie,1,60,6.93022,45.6462
73,Savoie,1,61,6.96361,45.65452
73,Savoie,1,62,7.00124,45.63969
73,Savoie,1,63,6.98481,45.62016
73,Savoie,1,64,6.97845,45.59051
73,Savoie,1,65,6.99541,45.57568
73,Savoie,1,66,6.99011,45.56085
73,Savoie,1,67,6.99965,45.50479
73,Savoie,1,68,7.05371,45.49539
73,Savoie,1,69,7.04788,45.47333
73,Savoie,1,70,7.09717,45.46971
73,Savoie,1,71,7.11307,45.43427
73,Savoie,1,72,7.14857,45.42378
73,Savoie,1,73,7.18302,45.40136
73,Savoie,1,74,7.16288,45.38147
73,Savoie,1,75,7.16129,45.35977
73,Savoie,1,76,7.13797,45.35109
73,Savoie,1,77,7.13373,45.33084
73,Savoie,1,78,7.10989,45.32686
73,Savoie,1,79,7.12207,45.29503
73,Savoie,1,80,7.13585,45.28057
73,Savoie,1,81,7.13532,45.2538
73,Savoie,1,82,7.10724,45.24223
73,Savoie,1,83,7.06749,45.20968
73,Savoie,1,84,7.05106,45.22559
73,Savoie,1,85,7.03039,45.21836
73,Savoie,1,86,6.96891,45.20823
73,Savoie,1,87,6.95195,45.18256
73,Savoie,1,88,6.93022,45.17098
73,Savoie,1,89,6.8963,45.16845
73,Savoie,1,90,6.8857,45.15435
73,Savoie,1,91,6.891,45.13663
73,Savoie,1,92,6.85337,45.12831
73,Savoie,1,93,6.81522,45.14675
73,Savoie,1,94,6.76858,45.15977
73,Savoie,1,95,6.73996,45.13663
73,Savoie,1,96,6.71134,45.14494
73,Savoie,1,97,6.67954,45.1388
73,Savoie,1,98,6.6647,45.12252
73,Savoie,1,99,6.62972,45.1095
73,Savoie,1,100,6.61541,45.12144
73,Savoie,1,101,6.57672,45.12288
73,Savoie,1,102,6.56136,45.10661
73,Savoie,1,103,6.52956,45.09865
73,Savoie,1,104,6.51048,45.10914
73,Savoie,1,105,6.48133,45.09431
73,Savoie,1,106,6.48716,45.05634
73,Savoie,1,107,6.44794,45.05272
73,Savoie,1,108,6.42939,45.06285
73,Savoie,1,109,6.39706,45.06176
73,Savoie,1,110,6.36473,45.07008
73,Savoie,1,111,6.37374,45.08419
73,Savoie,1,112,6.36526,45.10191
73,Savoie,1,113,6.33399,45.12288
73,Savoie,1,114,6.30166,45.10878
73,Savoie,1,115,6.28629,45.11023
73,Savoie,1,116,6.26033,45.12686
73,Savoie,1,117,6.24867,45.14965
73,Savoie,1,118,6.22376,45.14169
73,Savoie,1,119,6.2121,45.15507
73,Savoie,1,120,6.18083,45.16484
73,Savoie,1,121,6.14797,45.15362
73,Savoie,1,122,6.16175,45.18871
73,Savoie,1,123,6.14373,45.20932
73,Savoie,1,124,6.12571,45.2444
73,Savoie,1,125,6.14108,45.26176
73,Savoie,1,126,6.13207,45.28816
73,Savoie,1,127,6.16016,45.31239
73,Savoie,1,128,6.18666,45.31963
73,Savoie,1,129,6.19461,45.35217
73,Savoie,1,130,6.17606,45.39449
73,Savoie,1,131,6.14638,45.41329
73,Savoie,1,132,6.12253,45.43897
73,Savoie,1,133,6.06317,45.4444
73,Savoie,1,134,6.04939,45.43789
73,Savoie,1,135,6.00858,45.45344
73,Savoie,1,136,6.00964,45.47369
73,Savoie,1,137,5.96619,45.4925
73,Savoie,1,138,5.91531,45.47658
73,Savoie,1,139,5.92538,45.46429
73,Savoie,1,140,5.91743,45.44006
73,Savoie,1,141,5.90418,45.43246
73,Savoie,1,142,5.90365,45.40859
73,Savoie,1,143,5.89146,45.39847
73,Savoie,1,144,5.84906,45.41727
73,Savoie,1,145,5.80719,45.42631
73,Savoie,1,146,5.79182,45.43933
73,Savoie,1,147,5.74041,45.43644
73,Savoie,1,148,5.73617,45.47188
73,Savoie,1,149,5.71975,45.48309
73,Savoie,1,150,5.71286,45.50371
73,Savoie,1,151,5.69113,45.52794
73,Savoie,1,152,5.67311,45.55977
73,Savoie,1,153,5.64661,45.57713
73,Savoie,1,154,5.62382,45.61329
83,Var,1,0,5.67205,43.1797
83,Var,1,1,5.68318,43.23431
83,Var,1,2,5.71286,43.25347
83,Var,1,3,5.76055,43.26722
83,Var,1,4,5.76267,43.28241
83,Var,1,5,5.73564,43.30266
83,Var,1,6,5.72663,43.31713
83,Var,1,7,5.69113,43.31315
83,Var,1,8,5.69484,43.36414
83,Var,1,9,5.68265,43.39922
83,Var,1,10,5.72452,43.40899
83,Var,1,11,5.74995,43.40139
83,Var,1,12,5.78652,43.41405
83,Var,1,13,5.74942,43.43575
83,Var,1,14,5.71498,43.47734
83,Var,1,15,5.69908,43.48204
83,Var,1,16,5.71445,43.50591
83,Var,1,17,5.72505,43.55112
83,Var,1,18,5.65615,43.5739
83,Var,1,19,5.69166,43.58439
83,Var,1,20,5.68159,43.61405
83,Var,1,21,5.71922,43.64985
83,Var,1,22,5.74412,43.65672
83,Var,1,23,5.79871,43.66215
83,Var,1,24,5.81355,43.68927
83,Var,1,25,5.79288,43.69253
83,Var,1,26,5.78175,43.71748
83,Var,1,27,5.75366,43.72471
83,Var,1,28,5.75737,43.72942
83,Var,1,29,5.78122,43.75582
83,Var,1,30,5.82468,43.74786
83,Var,1,31,5.85648,43.72363
83,Var,1,32,5.89199,43.72797
83,Var,1,33,5.90365,43.75112
83,Var,1,34,5.92273,43.75763
83,Var,1,35,5.93916,43.74569
83,Var,1,36,5.9381,43.7305
83,Var,1,37,5.95718,43.71929
83,Var,1,38,5.98474,43.71459
83,Var,1,39,5.98792,43.69542
83,Var,1,40,6.00488,43.68783
83,Var,1,41,6.02183,43.6683
83,Var,1,42,6.03932,43.67842
83,Var,1,43,6.03508,43.69397
83,Var,1,44,6.07695,43.70699
83,Var,1,45,6.1061,43.74171
83,Var,1,46,6.14055,43.73773
83,Var,1,47,6.18295,43.76233
83,Var,1,48,6.19037,43.78005
83,Var,1,49,6.21422,43.79922
83,Var,1,50,6.25768,43.79741
83,Var,1,51,6.26775,43.77824
83,Var,1,52,6.34724,43.74027
83,Var,1,53,6.37851,43.7399
83,Var,1,54,6.40713,43.75618
83,Var,1,55,6.41402,43.79162
83,Var,1,56,6.48186,43.7909
83,Var,1,57,6.52691,43.805
83,Var,1,58,6.55447,43.78366
83,Var,1,59,6.58732,43.80536
83,Var,1,60,6.62442,43.80139
83,Var,1,61,6.63608,43.78909
83,Var,1,62,6.63926,43.7692
83,Var,1,63,6.65728,43.74858
83,Var,1,64,6.68272,43.75799
83,Var,1,65,6.70127,43.75401
83,Var,1,66,6.71929,43.7381
83,Var,1,67,6.75003,43.73846
83,Var,1,68,6.76752,43.71495
83,Var,1,69,6.77282,43.69542
83,Var,1,70,6.76063,43.67444
83,Var,1,71,6.80356,43.62671
83,Var,1,72,6.81416,43.63032
83,Var,1,73,6.84966,43.60718
83,Var,1,74,6.86662,43.60392
83,Var,1,75,6.89312,43.61188
83,Var,1,76,6.9122,43.5985
83,Var,1,77,6.89842,43.58186
83,Var,1,78,6.90902,43.56739
83,Var,1,79,6.88517,43.55003
83,Var,1,80,6.87828,43.53267
83,Var,1,81,6.8963,43.52761
83,Var,1,82,6.88411,43.50266
83,Var,1,83,6.91379,43.48277
83,Var,1,84,6.9334,43.48023
83,Var,1,85,6.9175,43.44805
83,Var,1,86,6.89206,43.42888
83,Var,1,87,6.85708,43.42562
83,Var,1,88,6.78925,43.40863
83,Var,1,89,6.7654,43.42165
83,Var,1,90,6.74579,43.41767
83,Var,1,91,6.71505,43.36812
83,Var,1,92,6.71611,43.34787
83,Var,1,93,6.68219,43.34136
83,Var,1,94,6.66205,43.31423
83,Var,1,95,6.57619,43.27409
83,Var,1,96,6.59368,43.26252
83,Var,1,97,6.64615,43.27337
83,Var,1,98,6.66205,43.26505
83,Var,1,99,6.67742,43.27843
83,Var,1,100,6.69703,43.26649
83,Var,1,101,6.6859,43.25167
83,Var,1,102,6.6647,43.24154
83,Var,1,103,6.66417,43.21261
83,Var,1,104,6.67742,43.20357
83,Var,1,105,6.64191,43.18548
83,Var,1,106,6.617,43.16234
83,Var,1,107,6.60216,43.18223
83,Var,1,108,6.56242,43.1891
83,Var,1,109,6.54016,43.16921
83,Var,1,110,6.49087,43.15293
83,Var,1,111,6.46119,43.15727
83,Var,1,112,6.36738,43.13594
83,Var,1,113,6.35943,43.10953
83,Var,1,114,6.37056,43.09145
83,Var,1,115,6.33876,43.08964
83,Var,1,116,6.31597,43.107
83,Var,1,117,6.29371,43.10917
83,Var,1,118,6.27146,43.12111
83,Var,1,119,6.23383,43.11351
83,Var,1,120,6.19991,43.11532
83,Var,1,121,6.17924,43.10592
83,Var,1,122,6.15486,43.07879
83,Var,1,123,6.15009,43.02744
83,Var,1,124,6.12836,43.03539
83,Var,1,125,6.13313,43.05637
83,Var,1,126,6.12518,43.07916
83,Var,1,127,6.08543,43.08711
83,Var,1,128,6.03349,43.07771
83,Var,1,129,6.00752,43.10339
83,Var,1,130,5.94393,43.10773
83,Var,1,131,5.92061,43.124
83,Var,1,132,5.90683,43.11496
83,Var,1,133,5.89517,43.08169
83,Var,1,134,5.87185,43.06831
83,Var,1,135,5.86178,43.05348
83,Var,1,136,5.8427,43.04805
83,Var,1,137,5.82203,43.05384
83,Var,1,138,5.80295,43.06975
83,Var,1,139,5.81355,43.10809
83,Var,1,140,5.77221,43.11641
83,Var,1,141,5.77433,43.13774
83,Var,1,142,5.72611,43.13666
83,Var,1,143,5.68583,43.15438
83,Var,1,144,5.69431,43.17246
83,Var,1,145,5.67205,43.1797
83,Var,2,0,6.20044,43.00321
83,Var,2,1,6.21793,43.01261
83,Var,2,2,6.24814,43.01623
83,Var,2,3,6.24973,42.99959
83,Var,2,4,6.1962,42.98802
83,Var,2,5,6.20044,43.00321
83,Var,3,0,6.40925,43.01731
83,Var,3,1,6.40236,42.99417
83,Var,3,2,6.3695,43.00212
83,Var,3,3,6.38328,43.01333
83,Var,3,4,6.40925,43.01731
25,Doubs,1,0,5.69855,47.26498
25,Doubs,1,1,5.73511,47.26354
25,Doubs,1,2,5.78122,47.28849
25,Doubs,1,3,5.84429,47.30006
25,Doubs,1,4,5.8533,47.31091
25,Doubs,1,5,5.90895,47.33153
25,Doubs,1,6,5.92644,47.32719
25,Doubs,1,7,5.94181,47.34419
25,Doubs,1,8,5.98845,47.32755
25,Doubs,1,9,5.99958,47.34021
25,Doubs,1,10,6.02183,47.33406
25,Doubs,1,11,6.05575,47.34961
25,Doubs,1,12,6.0796,47.35395
25,Doubs,1,13,6.1167,47.39301
25,Doubs,1,14,6.13525,47.38686
25,Doubs,1,15,6.16811,47.38831
25,Doubs,1,16,6.19991,47.42918
25,Doubs,1,17,6.22747,47.42013
25,Doubs,1,18,6.23913,47.43171
25,Doubs,1,19,6.26245,47.43098
25,Doubs,1,20,6.28841,47.46136
25,Doubs,1,21,6.31968,47.48559
25,Doubs,1,22,6.33558,47.50657
25,Doubs,1,23,6.41137,47.52248
25,Doubs,1,24,6.46331,47.51199
25,Doubs,1,25,6.46861,47.49247
25,Doubs,1,26,6.49564,47.50585
25,Doubs,1,27,6.51578,47.49753
25,Doubs,1,28,6.53327,47.50657
25,Doubs,1,29,6.55341,47.49283
25,Doubs,1,30,6.57407,47.49608
25,Doubs,1,31,6.58414,47.51019
25,Doubs,1,32,6.58414,47.54274
25,Doubs,1,33,6.61011,47.5308
25,Doubs,1,34,6.64827,47.53623
25,Doubs,1,35,6.67053,47.55793
25,Doubs,1,36,6.71452,47.55322
25,Doubs,1,37,6.72777,47.56082
25,Doubs,1,38,6.75321,47.54346
25,Doubs,1,39,6.78077,47.53659
25,Doubs,1,40,6.80727,47.56299
25,Doubs,1,41,6.81681,47.5478
25,Doubs,1,42,6.86026,47.5478
25,Doubs,1,43,6.88358,47.55539
25,Doubs,1,44,6.94612,47.51127
25,Doubs,1,45,6.90955,47.49427
25,Doubs,1,46,6.9122,47.47113
25,Doubs,1,47,6.93075,47.45847
25,Doubs,1,48,6.94029,47.43315
25,Doubs,1,49,6.93817,47.40603
25,Doubs,1,50,6.91326,47.40458
25,Doubs,1,51,6.9122,47.38614
25,Doubs,1,52,6.88411,47.37059
25,Doubs,1,53,6.88464,47.35287
25,Doubs,1,54,6.99541,47.36335
25,Doubs,1,55,7.01873,47.37095
25,Doubs,1,56,7.04311,47.36444
25,Doubs,1,57,7.05689,47.34672
25,Doubs,1,58,7.04205,47.32683
25,Doubs,1,59,7.01025,47.32466
25,Doubs,1,60,7.01025,47.30368
25,Doubs,1,61,6.94453,47.28849
25,Doubs,1,62,6.95566,47.24292
25,Doubs,1,63,6.88199,47.20097
25,Doubs,1,64,6.85814,47.16444
25,Doubs,1,65,6.80621,47.13081
25,Doubs,1,66,6.76381,47.11996
25,Doubs,1,67,6.74314,47.10983
25,Doubs,1,68,6.74685,47.09754
25,Doubs,1,69,6.70869,47.08415
25,Doubs,1,70,6.69968,47.06137
25,Doubs,1,71,6.71134,47.04799
25,Doubs,1,72,6.6965,47.03714
25,Doubs,1,73,6.65834,47.02665
25,Doubs,1,74,6.63343,46.99808
25,Doubs,1,75,6.59315,46.99193
25,Doubs,1,76,6.57089,46.98217
25,Doubs,1,77,6.50465,46.96553
25,Doubs,1,78,6.4967,46.97421
25,Doubs,1,79,6.45907,46.94275
25,Doubs,1,80,6.43257,46.92864
25,Doubs,1,81,6.46437,46.89031
25,Doubs,1,82,6.46013,46.85125
25,Doubs,1,83,6.44317,46.8328
25,Doubs,1,84,6.43469,46.80134
25,Doubs,1,85,6.45854,46.78868
25,Doubs,1,86,6.43522,46.75975
25,Doubs,1,87,6.40342,46.74998
25,Doubs,1,88,6.38487,46.73154
25,Doubs,1,89,6.34141,46.7102
25,Doubs,1,90,6.26934,46.68271
25,Doubs,1,91,6.17871,46.61581
25,Doubs,1,92,6.12677,46.58977
25,Doubs,1,93,6.11352,46.57422
25,Doubs,1,94,6.1379,46.55794
25,Doubs,1,95,6.12359,46.5583
25,Doubs,1,96,6.04833,46.60785
25,Doubs,1,97,6.05946,46.62593
25,Doubs,1,98,6.10398,46.6498
25,Doubs,1,99,6.07112,46.68995
25,Doubs,1,100,6.11299,46.70803
25,Doubs,1,101,6.13896,46.72503
25,Doubs,1,102,6.18136,46.74239
25,Doubs,1,103,6.20733,46.76517
25,Doubs,1,104,6.15168,46.81978
25,Doubs,1,105,6.09073,46.84184
25,Doubs,1,106,6.06423,46.85956
25,Doubs,1,107,6.04674,46.84582
25,Doubs,1,108,6.00593,46.87295
25,Doubs,1,109,6.01229,46.88633
25,Doubs,1,110,5.98421,46.90694
25,Doubs,1,111,5.99693,46.9337
25,Doubs,1,112,5.96407,46.94853
25,Doubs,1,113,5.97944,46.96336
25,Doubs,1,114,5.96619,46.98072
25,Doubs,1,115,5.92167,46.98325
25,Doubs,1,116,5.88192,47.00495
25,Doubs,1,117,5.82892,47.01218
25,Doubs,1,118,5.79553,47.02629
25,Doubs,1,119,5.7632,47.01146
25,Doubs,1,120,5.74412,47.02231
25,Doubs,1,121,5.74836,47.0422
25,Doubs,1,122,5.78493,47.05486
25,Doubs,1,123,5.76956,47.08777
25,Doubs,1,124,5.8056,47.11562
25,Doubs,1,125,5.8215,47.13876
25,Doubs,1,126,5.81196,47.16878
25,Doubs,1,127,5.78758,47.17601
25,Doubs,1,128,5.78016,47.19265
25,Doubs,1,129,5.76161,47.19337
25,Doubs,1,130,5.72081,47.21978
25,Doubs,1,131,5.71922,47.24111
25,Doubs,1,132,5.69855,47.26498
07,Ardèche,1,0,3.99837,44.4596
07,Ardèche,1,1,3.98565,44.47841
07,Ardèche,1,2,3.98724,44.50192
07,Ardèche,1,3,3.94855,44.5728
07,Ardèche,1,4,3.92364,44.57172
07,Ardèche,1,5,3.89396,44.61439
07,Ardèche,1,6,3.89078,44.65634
07,Ardèche,1,7,3.86958,44.67841
07,Ardèche,1,8,3.86269,44.71096
07,Ardèche,1,9,3.86269,44.74387
07,Ardèche,1,10,3.87594,44.75725
07,Ardèche,1,11,3.92152,44.76774
07,Ardèche,1,12,3.94431,44.8209
07,Ardèche,1,13,3.9883,44.8332
07,Ardèche,1,14,3.99996,44.82596
07,Ardèche,1,15,4.02858,44.83283
07,Ardèche,1,16,4.0201,44.84585
07,Ardèche,1,17,4.03971,44.87334
07,Ardèche,1,18,4.08793,44.87045
07,Ardèche,1,19,4.11708,44.87876
07,Ardèche,1,20,4.1563,44.87334
07,Ardèche,1,21,4.17803,44.886
07,Ardèche,1,22,4.18227,44.90589
07,Ardèche,1,23,4.21672,44.93337
07,Ardèche,1,24,4.22202,44.96158
07,Ardèche,1,25,4.25117,44.95869
07,Ardèche,1,26,4.30947,44.97243
07,Ardèche,1,27,4.29039,44.9963
07,Ardèche,1,28,4.29728,45.01873
07,Ardèche,1,29,4.3153,45.03066
07,Ardèche,1,30,4.35239,45.02813
07,Ardèche,1,31,4.37889,45.03609
07,Ardèche,1,32,4.37889,45.05236
07,Ardèche,1,33,4.34868,45.06502
07,Ardèche,1,34,4.35928,45.09974
07,Ardèche,1,35,4.39956,45.10444
07,Ardèche,1,36,4.40009,45.11854
07,Ardèche,1,37,4.36935,45.12867
07,Ardèche,1,38,4.37624,45.14422
07,Ardèche,1,39,4.41122,45.14097
07,Ardèche,1,40,4.43984,45.12252
07,Ardèche,1,41,4.44779,45.15796
07,Ardèche,1,42,4.48065,45.19558
07,Ardèche,1,43,4.4833,45.23644
07,Ardèche,1,44,4.50768,45.23174
07,Ardèche,1,45,4.55538,45.24549
07,Ardèche,1,46,4.60202,45.25163
07,Ardèche,1,47,4.59195,45.27586
07,Ardèche,1,48,4.59831,45.28961
07,Ardèche,1,49,4.62374,45.29503
07,Ardèche,1,50,4.61685,45.31203
07,Ardèche,1,51,4.68045,45.34639
07,Ardèche,1,52,4.70006,45.34566
07,Ardèche,1,53,4.7255,45.36194
07,Ardèche,1,54,4.75571,45.36628
07,Ardèche,1,55,4.77426,45.35145
07,Ardèche,1,56,4.76048,45.32867
07,Ardèche,1,57,4.80023,45.29829
07,Ardèche,1,58,4.80977,45.28816
07,Ardèche,1,59,4.81083,45.26357
07,Ardèche,1,60,4.80129,45.24223
07,Ardèche,1,61,4.81242,45.20317
07,Ardèche,1,62,4.80871,45.1699
07,Ardèche,1,63,4.82938,45.15688
07,Ardèche,1,64,4.80447,45.12252
07,Ardèche,1,65,4.82832,45.10118
07,Ardèche,1,66,4.83256,45.07008
07,Ardèche,1,67,4.86065,45.05525
07,Ardèche,1,68,4.83892,45.03211
07,Ardèche,1,69,4.8368,45.00607
07,Ardèche,1,70,4.85164,44.99413
07,Ardèche,1,71,4.86171,44.96412
07,Ardèche,1,72,4.88662,44.93627
07,Ardèche,1,73,4.85641,44.90227
07,Ardèche,1,74,4.86012,44.87298
07,Ardèche,1,75,4.84422,44.84585
07,Ardèche,1,76,4.82143,44.83898
07,Ardèche,1,77,4.82249,44.81728
07,Ardèche,1,78,4.79705,44.80499
07,Ardèche,1,79,4.79493,44.79305
07,Ardèche,1,80,4.76578,44.77822
07,Ardèche,1,81,4.7626,44.71964
07,Ardèche,1,82,4.78062,44.68419
07,Ardèche,1,83,4.77956,44.6549
07,Ardèche,1,84,4.74034,44.60246
07,Ardèche,1,85,4.7414,44.58871
07,Ardèche,1,86,4.71225,44.58293
07,Ardèche,1,87,4.69264,44.55906
07,Ardèche,1,88,4.70695,44.53266
07,Ardèche,1,89,4.69317,44.51747
07,Ardèche,1,90,4.68787,44.49613
07,Ardèche,1,91,4.699,44.48203
07,Ardèche,1,92,4.69529,44.44514
07,Ardèche,1,93,4.67091,44.43501
07,Ardèche,1,94,4.66296,44.39487
07,Ardèche,1,95,4.65024,44.37642
07,Ardèche,1,96,4.65077,44.32977
07,Ardèche,1,97,4.64971,44.27046
07,Ardèche,1,98,4.63858,44.28239
07,Ardèche,1,99,4.56121,44.30156
07,Ardèche,1,100,4.54478,44.32073
07,Ardèche,1,101,4.50291,44.33953
07,Ardèche,1,102,4.4568,44.34134
07,Ardèche,1,103,4.45097,44.33411
07,Ardèche,1,104,4.44938,44.29686
07,Ardèche,1,105,4.44037,44.28348
07,Ardèche,1,106,4.40062,44.28818
07,Ardèche,1,107,4.3932,44.30843
07,Ardèche,1,108,4.40327,44.33375
07,Ardèche,1,109,4.3879,44.34713
07,Ardèche,1,110,4.36935,44.33953
07,Ardèche,1,111,4.3259,44.33845
07,Ardèche,1,112,4.32166,44.32398
07,Ardèche,1,113,4.29092,44.30879
07,Ardèche,1,114,4.27979,44.27986
07,Ardèche,1,115,4.25859,44.26539
07,Ardèche,1,116,4.23156,44.27624
07,Ardèche,1,117,4.2146,44.29107
07,Ardèche,1,118,4.18651,44.29975
07,Ardèche,1,119,4.17803,44.31747
07,Ardèche,1,120,4.14305,44.31313
07,Ardèche,1,121,4.12715,44.33772
07,Ardèche,1,122,4.07786,44.32868
07,Ardèche,1,123,4.0519,44.31711
07,Ardèche,1,124,4.03547,44.32977
07,Ardèche,1,125,4.05296,44.34026
07,Ardèche,1,126,4.05137,44.37498
07,Ardèche,1,127,4.04289,44.38619
07,Ardèche,1,128,4.06832,44.40499
07,Ardèche,1,129,4.04342,44.41837
07,Ardèche,1,130,4.04077,44.44188
07,Ardèche,1,131,3.99837,44.4596
55,Meuse,1,0,4.98837,48.68449
55,Meuse,1,1,5.0154,48.70981
55,Meuse,1,2,5.00904,48.74127
55,Meuse,1,3,4.97883,48.75176
55,Meuse,1,4,4.94862,48.77056
55,Meuse,1,5,4.93431,48.79046
55,Meuse,1,6,4.8935,48.79697
55,Meuse,1,7,4.88874,48.81758
55,Meuse,1,8,4.9359,48.84073
55,Meuse,1,9,4.91152,48.86821
55,Meuse,1,10,4.92477,48.89136
55,Meuse,1,11,4.91258,48.89787
55,Meuse,1,12,4.9518,48.93078
55,Meuse,1,13,4.96028,48.92644
55,Meuse,1,14,5.0154,48.93873
55,Meuse,1,15,5.03925,48.97382
55,Meuse,1,16,5.0366,49.02445
55,Meuse,1,17,5.00957,49.0353
55,Meuse,1,18,4.99738,49.1051
55,Meuse,1,19,4.97194,49.13656
55,Meuse,1,20,4.9412,49.18575
55,Meuse,1,21,4.99261,49.21034
55,Meuse,1,22,4.97194,49.23168
55,Meuse,1,23,4.95074,49.2371
55,Meuse,1,24,4.99738,49.26423
55,Meuse,1,25,5.05091,49.27399
55,Meuse,1,26,5.05939,49.2899
55,Meuse,1,27,5.02918,49.30871
55,Meuse,1,28,5.026,49.33656
55,Meuse,1,29,5.05409,49.35753
55,Meuse,1,30,5.0578,49.36983
55,Meuse,1,31,5.09331,49.37272
55,Meuse,1,32,5.10444,49.39008
55,Meuse,1,33,5.07688,49.40274
55,Meuse,1,34,5.10974,49.41576
55,Meuse,1,35,5.10285,49.44469
55,Meuse,1,36,5.1108,49.45699
55,Meuse,1,37,5.08324,49.47073
55,Meuse,1,38,5.05992,49.50509
55,Meuse,1,39,5.079,49.50979
55,Meuse,1,40,5.09861,49.53185
55,Meuse,1,41,5.09649,49.55789
55,Meuse,1,42,5.11875,49.59297
55,Meuse,1,43,5.15055,49.5861
55,Meuse,1,44,5.16433,49.56296
55,Meuse,1,45,5.20937,49.57344
55,Meuse,1,46,5.23587,49.5691
55,Meuse,1,47,5.25866,49.54343
55,Meuse,1,48,5.3053,49.55717
55,Meuse,1,49,5.33922,49.5908
55,Meuse,1,50,5.3689,49.59189
55,Meuse,1,51,5.39434,49.61684
55,Meuse,1,52,5.4272,49.59695
55,Meuse,1,53,5.43568,49.57598
55,Meuse,1,54,5.45263,49.56476
55,Meuse,1,55,5.44151,49.55211
55,Meuse,1,56,5.46111,49.5409
55,Meuse,1,57,5.46482,49.52571
55,Meuse,1,58,5.44734,49.51811
55,Meuse,1,59,5.47065,49.4975
55,Meuse,1,60,5.4627,49.45229
55,Meuse,1,61,5.4839,49.44469
55,Meuse,1,62,5.47171,49.42697
55,Meuse,1,63,5.50775,49.42119
55,Meuse,1,64,5.52418,49.40708
55,Meuse,1,65,5.5528,49.41865
55,Meuse,1,66,5.59997,49.42408
55,Meuse,1,67,5.63336,49.43782
55,Meuse,1,68,5.68795,49.41504
55,Meuse,1,69,5.70756,49.38394
55,Meuse,1,70,5.71074,49.36621
55,Meuse,1,71,5.7314,49.36115
55,Meuse,1,72,5.73723,49.33873
55,Meuse,1,73,5.72028,49.3315
55,Meuse,1,74,5.73193,49.31088
55,Meuse,1,75,5.7632,49.3145
55,Meuse,1,76,5.76161,49.28231
55,Meuse,1,77,5.73087,49.26965
55,Meuse,1,78,5.72081,49.24795
55,Meuse,1,79,5.73829,49.23095
55,Meuse,1,80,5.71869,49.21613
55,Meuse,1,81,5.73405,49.19551
55,Meuse,1,82,5.76373,49.1919
55,Meuse,1,83,5.74518,49.15645
55,Meuse,1,84,5.77221,49.14018
55,Meuse,1,85,5.74677,49.12499
55,Meuse,1,86,5.76055,49.10908
55,Meuse,1,87,5.81832,49.11125
55,Meuse,1,88,5.82203,49.08774
55,Meuse,1,89,5.80613,49.06351
55,Meuse,1,90,5.83369,49.06242
55,Meuse,1,91,5.84853,49.03747
55,Meuse,1,92,5.81991,49.02011
55,Meuse,1,93,5.81673,49.00058
55,Meuse,1,94,5.80083,48.98611
55,Meuse,1,95,5.84906,48.96116
55,Meuse,1,96,5.81726,48.94271
55,Meuse,1,97,5.79235,48.94271
55,Meuse,1,98,5.7791,48.92572
55,Meuse,1,99,5.75101,48.92138
55,Meuse,1,100,5.76532,48.89968
55,Meuse,1,101,5.79023,48.88702
55,Meuse,1,102,5.76426,48.87291
55,Meuse,1,103,5.78228,48.83241
55,Meuse,1,104,5.76744,48.79046
55,Meuse,1,105,5.7367,48.77056
55,Meuse,1,106,5.74571,48.75935
55,Meuse,1,107,5.71392,48.74452
55,Meuse,1,108,5.71922,48.73295
55,Meuse,1,109,5.75843,48.70366
55,Meuse,1,110,5.74359,48.65339
55,Meuse,1,111,5.76426,48.61939
55,Meuse,1,112,5.75419,48.60601
55,Meuse,1,113,5.71869,48.59046
55,Meuse,1,114,5.71498,48.56225
55,Meuse,1,115,5.77645,48.54019
55,Meuse,1,116,5.76055,48.52174
55,Meuse,1,117,5.76532,48.49643
55,Meuse,1,118,5.74041,48.46569
55,Meuse,1,119,5.71763,48.46062
55,Meuse,1,120,5.68212,48.47075
55,Meuse,1,121,5.64025,48.47111
55,Meuse,1,122,5.64926,48.45484
55,Meuse,1,123,5.61852,48.4429
55,Meuse,1,124,5.56075,48.44001
55,Meuse,1,125,5.5157,48.43097
55,Meuse,1,126,5.51411,48.41071
55,Meuse,1,127,5.47012,48.42084
55,Meuse,1,128,5.40865,48.44616
55,Meuse,1,129,5.406,48.46569
55,Meuse,1,130,5.34982,48.48232
55,Meuse,1,131,5.32862,48.50764
55,Meuse,1,132,5.29576,48.50836
55,Meuse,1,133,5.23269,48.52825
55,Meuse,1,134,5.21202,48.52861
55,Meuse,1,135,5.19665,48.5467
55,Meuse,1,136,5.16486,48.5655
55,Meuse,1,137,5.13094,48.5731
55,Meuse,1,138,5.11928,48.59588
55,Meuse,1,139,5.07052,48.59588
55,Meuse,1,140,5.05727,48.63241
55,Meuse,1,141,5.03289,48.61324
55,Meuse,1,142,5.01381,48.61035
55,Meuse,1,143,4.99473,48.62192
55,Meuse,1,144,5.0048,48.6335
55,Meuse,1,145,4.99261,48.65809
55,Meuse,1,146,5.01116,48.66785
55,Meuse,1,147,4.98837,48.68449
16,Charente,1,0,-0.10316,45.96952
16,Charente,1,1,-0.04115,45.99339
16,Charente,1,2,-0.04539,46.02088
16,Charente,1,3,-0.02154,46.02884
16,Charente,1,4,-0.03691,46.0433
16,Charente,1,5,-0.02472,46.05668
16,Charente,1,6,0.01927,46.05271
16,Charente,1,7,0.07333,46.09393
16,Charente,1,8,0.09718,46.08923
16,Charente,1,9,0.13587,46.10406
16,Charente,1,10,0.17773,46.08308
16,Charente,1,11,0.19734,46.09538
16,Charente,1,12,0.21907,46.09466
16,Charente,1,13,0.27684,46.06319
16,Charente,1,14,0.39132,46.06645
16,Charente,1,15,0.41305,46.04909
16,Charente,1,16,0.44961,46.05162
16,Charente,1,17,0.48088,46.06573
16,Charente,1,18,0.47505,46.08525
16,Charente,1,19,0.44696,46.08562
16,Charente,1,20,0.44325,46.10153
16,Charente,1,21,0.46074,46.11021
16,Charente,1,22,0.4724,46.1301
16,Charente,1,23,0.50844,46.13191
16,Charente,1,24,0.51109,46.11708
16,Charente,1,25,0.53971,46.08562
16,Charente,1,26,0.56356,46.09032
16,Charente,1,27,0.59801,46.07441
16,Charente,1,28,0.61338,46.08851
16,Charente,1,29,0.68705,46.09719
16,Charente,1,30,0.67857,46.11455
16,Charente,1,31,0.70772,46.12938
16,Charente,1,32,0.75806,46.13806
16,Charente,1,33,0.78721,46.13155
16,Charente,1,34,0.8153,46.1377
16,Charente,1,35,0.82325,46.12865
16,Charente,1,36,0.83332,46.10478
16,Charente,1,37,0.81901,46.07658
16,Charente,1,38,0.82802,46.06826
16,Charente,1,39,0.81795,46.048
16,Charente,1,40,0.87307,46.02196
16,Charente,1,41,0.88367,46.03173
16,Charente,1,42,0.91653,46.01365
16,Charente,1,43,0.93455,45.99267
16,Charente,1,44,0.9425,45.96518
16,Charente,1,45,0.90699,45.93553
16,Charente,1,46,0.87678,45.92142
16,Charente,1,47,0.81212,45.93119
16,Charente,1,48,0.81265,45.89864
16,Charente,1,49,0.82696,45.88273
16,Charente,1,50,0.80364,45.83969
16,Charente,1,51,0.78244,45.82052
16,Charente,1,52,0.77767,45.79846
16,Charente,1,53,0.71831,45.80606
16,Charente,1,54,0.70825,45.78653
16,Charente,1,55,0.71513,45.76302
16,Charente,1,56,0.695,45.76229
16,Charente,1,57,0.64889,45.73481
16,Charente,1,58,0.62928,45.71492
16,Charente,1,59,0.60331,45.69322
16,Charente,1,60,0.60013,45.67188
16,Charente,1,61,0.54713,45.63391
16,Charente,1,62,0.52911,45.64403
16,Charente,1,63,0.49996,45.61691
16,Charente,1,64,0.51639,45.58834
16,Charente,1,65,0.4989,45.56483
16,Charente,1,66,0.49413,45.54349
16,Charente,1,67,0.46498,45.53445
16,Charente,1,68,0.43318,45.5019
16,Charente,1,69,0.38178,45.48635
16,Charente,1,70,0.37277,45.4755
16,Charente,1,71,0.33249,45.45923
16,Charente,1,72,0.30758,45.46103
16,Charente,1,73,0.30122,45.44657
16,Charente,1,74,0.27048,45.42089
16,Charente,1,75,0.25087,45.3746
16,Charente,1,76,0.26942,45.31529
16,Charente,1,77,0.25246,45.28961
16,Charente,1,78,0.22119,45.29033
16,Charente,1,79,0.20423,45.26357
16,Charente,1,80,0.17455,45.2614
16,Charente,1,81,0.1719,45.23898
16,Charente,1,82,0.13004,45.20823
16,Charente,1,83,0.09877,45.2274
16,Charente,1,84,0.08022,45.22125
16,Charente,1,85,0.04789,45.22342
16,Charente,1,86,0.03464,45.20896
16,Charente,1,87,0.00867,45.20281
16,Charente,1,88,0.00443,45.1916
16,Charente,1,89,0.00602,45.22234
16,Charente,1,90,-0.01783,45.22885
16,Charente,1,91,-0.04486,45.24802
16,Charente,1,92,-0.11535,45.24802
16,Charente,1,93,-0.10899,45.28961
16,Charente,1,94,-0.14396,45.29503
16,Charente,1,95,-0.16039,45.30661
16,Charente,1,96,-0.23035,45.31456
16,Charente,1,97,-0.28441,45.30878
16,Charente,1,98,-0.27434,45.3482
16,Charente,1,99,-0.30879,45.37351
16,Charente,1,100,-0.30985,45.38689
16,Charente,1,101,-0.28282,45.3887
16,Charente,1,102,-0.24996,45.40895
16,Charente,1,103,-0.24678,45.43499
16,Charente,1,104,-0.26745,45.45597
16,Charente,1,105,-0.25738,45.48707
16,Charente,1,106,-0.25897,45.5189
16,Charente,1,107,-0.29024,45.53047
16,Charente,1,108,-0.32151,45.53481
16,Charente,1,109,-0.2966,45.56447
16,Charente,1,110,-0.3761,45.60859
16,Charente,1,111,-0.38723,45.62667
16,Charente,1,112,-0.41213,45.61727
16,Charente,1,113,-0.42538,45.63065
16,Charente,1,114,-0.40895,45.65633
16,Charente,1,115,-0.38246,45.65995
16,Charente,1,116,-0.41107,45.68345
16,Charente,1,117,-0.42114,45.70515
16,Charente,1,118,-0.41584,45.74204
16,Charente,1,119,-0.45983,45.73951
16,Charente,1,120,-0.44976,45.76446
16,Charente,1,121,-0.40948,45.76736
16,Charente,1,122,-0.40207,45.78653
16,Charente,1,123,-0.36603,45.77965
16,Charente,1,124,-0.30614,45.78797
16,Charente,1,125,-0.28918,45.80642
16,Charente,1,126,-0.23883,45.8028
16,Charente,1,127,-0.22134,45.77568
16,Charente,1,128,-0.1853,45.79087
16,Charente,1,129,-0.15615,45.77965
16,Charente,1,130,-0.13707,45.8169
16,Charente,1,131,-0.13601,45.84728
16,Charente,1,132,-0.12648,45.8726
16,Charente,1,133,-0.1323,45.91094
16,Charente,1,134,-0.15138,45.92685
16,Charente,1,135,-0.10528,45.92685
16,Charente,1,136,-0.0862,45.94819
16,Charente,1,137,-0.10316,45.96952
52,Haute-Marne,1,0,4.7043,48.02012
52,Haute-Marne,1,1,4.72338,48.0458
52,Haute-Marne,1,2,4.68893,48.07329
52,Haute-Marne,1,3,4.73186,48.11958
52,Haute-Marne,1,4,4.81825,48.10331
52,Haute-Marne,1,5,4.83574,48.10873
52,Haute-Marne,1,6,4.82885,48.12934
52,Haute-Marne,1,7,4.85005,48.14128
52,Haute-Marne,1,8,4.83786,48.16913
52,Haute-Marne,1,9,4.8633,48.20204
52,Haute-Marne,1,10,4.83574,48.22193
52,Haute-Marne,1,11,4.8527,48.23061
52,Haute-Marne,1,12,4.84475,48.24905
52,Haute-Marne,1,13,4.86171,48.26641
52,Haute-Marne,1,14,4.8262,48.30222
52,Haute-Marne,1,15,4.81401,48.32319
52,Haute-Marne,1,16,4.82779,48.34453
52,Haute-Marne,1,17,4.75465,48.36659
52,Haute-Marne,1,18,4.75995,48.38757
52,Haute-Marne,1,19,4.71649,48.39516
52,Haute-Marne,1,20,4.67674,48.4335
52,Haute-Marne,1,21,4.67409,48.44435
52,Haute-Marne,1,22,4.6354,48.45665
52,Haute-Marne,1,23,4.65342,48.47075
52,Haute-Marne,1,24,4.65713,48.50511
52,Haute-Marne,1,25,4.67515,48.5174
52,Haute-Marne,1,26,4.66985,48.53187
52,Haute-Marne,1,27,4.71808,48.542
52,Haute-Marne,1,28,4.79917,48.53006
52,Haute-Marne,1,29,4.78274,48.55429
52,Haute-Marne,1,30,4.76896,48.58865
52,Haute-Marne,1,31,4.8315,48.61324
52,Haute-Marne,1,32,4.85482,48.61252
52,Haute-Marne,1,33,4.8421,48.64977
52,Haute-Marne,1,34,4.77267,48.65664
52,Haute-Marne,1,35,4.78168,48.67002
52,Haute-Marne,1,36,4.81719,48.68051
52,Haute-Marne,1,37,4.85482,48.66677
52,Haute-Marne,1,38,4.89456,48.67834
52,Haute-Marne,1,39,4.91099,48.68883
52,Haute-Marne,1,40,4.93537,48.67798
52,Haute-Marne,1,41,4.95233,48.68738
52,Haute-Marne,1,42,4.98837,48.68449
52,Haute-Marne,1,43,5.01116,48.66785
52,Haute-Marne,1,44,4.99261,48.65809
52,Haute-Marne,1,45,5.0048,48.6335
52,Haute-Marne,1,46,4.99473,48.62192
52,Haute-Marne,1,47,5.01381,48.61035
52,Haute-Marne,1,48,5.03289,48.61324
52,Haute-Marne,1,49,5.05727,48.63241
52,Haute-Marne,1,50,5.07052,48.59588
52,Haute-Marne,1,51,5.11928,48.59588
52,Haute-Marne,1,52,5.13094,48.5731
52,Haute-Marne,1,53,5.16486,48.5655
52,Haute-Marne,1,54,5.19665,48.5467
52,Haute-Marne,1,55,5.21202,48.52861
52,Haute-Marne,1,56,5.23269,48.52825
52,Haute-Marne,1,57,5.29576,48.50836
52,Haute-Marne,1,58,5.32862,48.50764
52,Haute-Marne,1,59,5.34982,48.48232
52,Haute-Marne,1,60,5.406,48.46569
52,Haute-Marne,1,61,5.40865,48.44616
52,Haute-Marne,1,62,5.47012,48.42084
52,Haute-Marne,1,63,5.4166,48.39552
52,Haute-Marne,1,64,5.44151,48.38034
52,Haute-Marne,1,65,5.41872,48.36081
52,Haute-Marne,1,66,5.41819,48.33983
52,Haute-Marne,1,67,5.44522,48.33766
52,Haute-Marne,1,68,5.46164,48.35104
52,Haute-Marne,1,69,5.49132,48.35502
52,Haute-Marne,1,70,5.52312,48.34851
52,Haute-Marne,1,71,5.52471,48.33513
52,Haute-Marne,1,72,5.55227,48.3062
52,Haute-Marne,1,73,5.58778,48.27835
52,Haute-Marne,1,74,5.61163,48.29173
52,Haute-Marne,1,75,5.65403,48.26858
52,Haute-Marne,1,76,5.64078,48.24218
52,Haute-Marne,1,77,5.67629,48.22916
52,Haute-Marne,1,78,5.68795,48.23459
52,Haute-Marne,1,79,5.72981,48.19842
52,Haute-Marne,1,80,5.68371,48.17962
52,Haute-Marne,1,81,5.68424,48.1449
52,Haute-Marne,1,82,5.65668,48.12066
52,Haute-Marne,1,83,5.62965,48.08414
52,Haute-Marne,1,84,5.65774,48.08631
52,Haute-Marne,1,85,5.69643,48.07763
52,Haute-Marne,1,86,5.72134,48.05267
52,Haute-Marne,1,87,5.74041,48.05014
52,Haute-Marne,1,88,5.77751,48.03134
52,Haute-Marne,1,89,5.79182,47.99915
52,Haute-Marne,1,90,5.77857,47.97817
52,Haute-Marne,1,91,5.78652,47.95575
52,Haute-Marne,1,92,5.80507,47.94707
52,Haute-Marne,1,93,5.84641,47.96949
52,Haute-Marne,1,94,5.85701,47.94743
52,Haute-Marne,1,95,5.88457,47.92609
52,Haute-Marne,1,96,5.88457,47.90114
52,Haute-Marne,1,97,5.85171,47.9062
52,Haute-Marne,1,98,5.82203,47.86714
52,Haute-Marne,1,99,5.82839,47.85195
52,Haute-Marne,1,100,5.76108,47.85919
52,Haute-Marne,1,101,5.74412,47.8487
52,Haute-Marne,1,102,5.74624,47.82374
52,Haute-Marne,1,103,5.7314,47.8176
52,Haute-Marne,1,104,5.70014,47.82374
52,Haute-Marne,1,105,5.68159,47.80819
52,Haute-Marne,1,106,5.68,47.77022
52,Haute-Marne,1,107,5.70491,47.76913
52,Haute-Marne,1,108,5.70968,47.74526
52,Haute-Marne,1,109,5.69325,47.73767
52,Haute-Marne,1,110,5.68424,47.71235
52,Haute-Marne,1,111,5.69484,47.69427
52,Haute-Marne,1,112,5.68583,47.68306
52,Haute-Marne,1,113,5.59679,47.67185
52,Haute-Marne,1,114,5.58301,47.70259
52,Haute-Marne,1,115,5.57029,47.70657
52,Haute-Marne,1,116,5.53001,47.67293
52,Haute-Marne,1,117,5.48284,47.68451
52,Haute-Marne,1,118,5.44416,47.67076
52,Haute-Marne,1,119,5.40653,47.67366
52,Haute-Marne,1,120,5.40547,47.64798
52,Haute-Marne,1,121,5.37314,47.61977
52,Haute-Marne,1,122,5.37367,47.60458
52,Haute-Marne,1,123,5.35459,47.5912
52,Haute-Marne,1,124,5.32226,47.61254
52,Haute-Marne,1,125,5.28675,47.59554
52,Haute-Marne,1,126,5.27774,47.58143
52,Haute-Marne,1,127,5.25283,47.57709
52,Haute-Marne,1,128,5.23799,47.59662
52,Haute-Marne,1,129,5.23905,47.61615
52,Haute-Marne,1,130,5.21255,47.64147
52,Haute-Marne,1,131,5.17333,47.6534
52,Haute-Marne,1,132,5.17916,47.67944
52,Haute-Marne,1,133,5.12882,47.6487
52,Haute-Marne,1,134,5.0578,47.66823
52,Haute-Marne,1,135,5.05727,47.69065
52,Haute-Marne,1,136,5.00374,47.69355
52,Haute-Marne,1,137,4.97618,47.68704
52,Haute-Marne,1,138,4.95392,47.70187
52,Haute-Marne,1,139,4.97088,47.72754
52,Haute-Marne,1,140,4.95922,47.7619
52,Haute-Marne,1,141,4.9306,47.76118
52,Haute-Marne,1,142,4.91788,47.77709
52,Haute-Marne,1,143,4.98943,47.80566
52,Haute-Marne,1,144,4.9942,47.81977
52,Haute-Marne,1,145,4.96823,47.83206
52,Haute-Marne,1,146,4.95392,47.86678
52,Haute-Marne,1,147,4.92742,47.87148
52,Haute-Marne,1,148,4.92848,47.88378
52,Haute-Marne,1,149,4.9041,47.9185
52,Haute-Marne,1,150,4.86913,47.91777
52,Haute-Marne,1,151,4.85694,47.89571
52,Haute-Marne,1,152,4.83097,47.91705
52,Haute-Marne,1,153,4.86595,47.94056
52,Haute-Marne,1,154,4.85005,47.95792
52,Haute-Marne,1,155,4.78645,47.96407
52,Haute-Marne,1,156,4.80182,47.993
52,Haute-Marne,1,157,4.78963,48.00819
52,Haute-Marne,1,158,4.74935,48.00421
52,Haute-Marne,1,159,4.71967,48.00927
52,Haute-Marne,1,160,4.7043,48.02012
08,Ardennes,1,0,4.04819,49.40564
08,Ardennes,1,1,4.03706,49.43818
08,Ardennes,1,2,4.06143,49.44976
08,Ardennes,1,3,4.04183,49.47073
08,Ardennes,1,4,4.04077,49.50871
08,Ardennes,1,5,4.07574,49.51847
08,Ardennes,1,6,4.07468,49.54162
08,Ardennes,1,7,4.04872,49.54524
08,Ardennes,1,8,4.0768,49.57055
08,Ardennes,1,9,4.05984,49.57815
08,Ardennes,1,10,4.0254,49.62046
08,Ardennes,1,11,4.04819,49.63673
08,Ardennes,1,12,4.09323,49.6295
08,Ardennes,1,13,4.11496,49.63493
08,Ardennes,1,14,4.1245,49.64975
08,Ardennes,1,15,4.12715,49.67796
08,Ardennes,1,16,4.17856,49.69822
08,Ardennes,1,17,4.20771,49.72389
08,Ardennes,1,18,4.22467,49.72751
08,Ardennes,1,19,4.22891,49.74632
08,Ardennes,1,20,4.24481,49.75897
08,Ardennes,1,21,4.20877,49.7814
08,Ardennes,1,22,4.22679,49.79369
08,Ardennes,1,23,4.21407,49.80599
08,Ardennes,1,24,4.23262,49.84794
08,Ardennes,1,25,4.24852,49.85662
08,Ardennes,1,26,4.25594,49.904
08,Ardennes,1,27,4.21725,49.91593
08,Ardennes,1,28,4.23315,49.95789
08,Ardennes,1,29,4.2676,49.96476
08,Ardennes,1,30,4.33596,49.96331
08,Ardennes,1,31,4.34974,49.95246
08,Ardennes,1,32,4.40592,49.94885
08,Ardennes,1,33,4.44567,49.93727
08,Ardennes,1,34,4.48118,49.94812
08,Ardennes,1,35,4.51139,49.94668
08,Ardennes,1,36,4.54054,49.96801
08,Ardennes,1,37,4.57658,49.98103
08,Ardennes,1,38,4.62533,49.98646
08,Ardennes,1,39,4.67356,49.99695
08,Ardennes,1,40,4.69847,50.05409
08,Ardennes,1,41,4.68151,50.06566
08,Ardennes,1,42,4.69953,50.09206
08,Ardennes,1,43,4.75147,50.11195
08,Ardennes,1,44,4.7626,50.13438
08,Ardennes,1,45,4.80659,50.15282
08,Ardennes,1,46,4.87973,50.1492
08,Ardennes,1,47,4.8935,50.13474
08,Ardennes,1,48,4.87072,50.12425
08,Ardennes,1,49,4.8739,50.10761
08,Ardennes,1,50,4.84475,50.0964
08,Ardennes,1,51,4.83839,50.06711
08,Ardennes,1,52,4.81984,50.0606
08,Ardennes,1,53,4.84157,50.03854
08,Ardennes,1,54,4.82249,50.02732
08,Ardennes,1,55,4.81719,49.99731
08,Ardennes,1,56,4.79546,49.97742
08,Ardennes,1,57,4.79122,49.95789
08,Ardennes,1,58,4.85005,49.94631
08,Ardennes,1,59,4.85906,49.93149
08,Ardennes,1,60,4.88821,49.91051
08,Ardennes,1,61,4.85111,49.86277
08,Ardennes,1,62,4.87284,49.82118
08,Ardennes,1,63,4.86171,49.78899
08,Ardennes,1,64,4.93113,49.78718
08,Ardennes,1,65,4.95869,49.79948
08,Ardennes,1,66,4.99314,49.80057
08,Ardennes,1,67,5.00745,49.78321
08,Ardennes,1,68,5.06681,49.76187
08,Ardennes,1,69,5.09702,49.76006
08,Ardennes,1,70,5.11928,49.73764
08,Ardennes,1,71,5.12458,49.71738
08,Ardennes,1,72,5.16592,49.7116
08,Ardennes,1,73,5.16645,49.69315
08,Ardennes,1,74,5.18976,49.6946
08,Ardennes,1,75,5.24117,49.68809
08,Ardennes,1,76,5.26873,49.69641
08,Ardennes,1,77,5.33286,49.65265
08,Ardennes,1,78,5.3053,49.63022
08,Ardennes,1,79,5.31219,49.61178
08,Ardennes,1,80,5.35936,49.62697
08,Ardennes,1,81,5.39434,49.61684
08,Ardennes,1,82,5.3689,49.59189
08,Ardennes,1,83,5.33922,49.5908
08,Ardennes,1,84,5.3053,49.55717
08,Ardennes,1,85,5.25866,49.54343
08,Ardennes,1,86,5.23587,49.5691
08,Ardennes,1,87,5.20937,49.57344
08,Ardennes,1,88,5.16433,49.56296
08,Ardennes,1,89,5.15055,49.5861
08,Ardennes,1,90,5.11875,49.59297
08,Ardennes,1,91,5.09649,49.55789
08,Ardennes,1,92,5.09861,49.53185
08,Ardennes,1,93,5.079,49.50979
08,Ardennes,1,94,5.05992,49.50509
08,Ardennes,1,95,5.08324,49.47073
08,Ardennes,1,96,5.1108,49.45699
08,Ardennes,1,97,5.10285,49.44469
08,Ardennes,1,98,5.10974,49.41576
08,Ardennes,1,99,5.07688,49.40274
08,Ardennes,1,100,5.10444,49.39008
08,Ardennes,1,101,5.09331,49.37272
08,Ardennes,1,102,5.0578,49.36983
08,Ardennes,1,103,5.05409,49.35753
08,Ardennes,1,104,5.026,49.33656
08,Ardennes,1,105,5.02918,49.30871
08,Ardennes,1,106,5.05939,49.2899
08,Ardennes,1,107,5.05091,49.27399
08,Ardennes,1,108,4.99738,49.26423
08,Ardennes,1,109,4.95074,49.2371
08,Ardennes,1,110,4.92371,49.25085
08,Ardennes,1,111,4.91735,49.26531
08,Ardennes,1,112,4.88344,49.25663
08,Ardennes,1,113,4.8686,49.2447
08,Ardennes,1,114,4.86648,49.22698
08,Ardennes,1,115,4.82726,49.23529
08,Ardennes,1,116,4.81242,49.2494
08,Ardennes,1,117,4.78963,49.24072
08,Ardennes,1,118,4.74458,49.24144
08,Ardennes,1,119,4.72974,49.25157
08,Ardennes,1,120,4.68681,49.25663
08,Ardennes,1,121,4.64441,49.23276
08,Ardennes,1,122,4.6248,49.23566
08,Ardennes,1,123,4.61155,49.25916
08,Ardennes,1,124,4.59407,49.27146
08,Ardennes,1,125,4.59831,49.29135
08,Ardennes,1,126,4.55644,49.29533
08,Ardennes,1,127,4.51563,49.28195
08,Ardennes,1,128,4.4621,49.27761
08,Ardennes,1,129,4.42288,49.2805
08,Ardennes,1,130,4.39373,49.29714
08,Ardennes,1,131,4.37359,49.32101
08,Ardennes,1,132,4.30841,49.32679
08,Ardennes,1,133,4.24322,49.38032
08,Ardennes,1,134,4.17485,49.40238
08,Ardennes,1,135,4.0768,49.40166
08,Ardennes,1,136,4.04819,49.40564
57,Moselle,1,0,5.89358,49.49677
57,Moselle,1,1,5.91319,49.50184
57,Moselle,1,2,5.96566,49.49207
57,Moselle,1,3,5.98209,49.4512
57,Moselle,1,4,5.99799,49.45663
57,Moselle,1,5,6.04197,49.44795
57,Moselle,1,6,6.0531,49.46386
57,Moselle,1,7,6.12359,49.47363
57,Moselle,1,8,6.15592,49.50364
57,Moselle,1,9,6.2386,49.51196
57,Moselle,1,10,6.27941,49.50328
57,Moselle,1,11,6.33399,49.46712
57,Moselle,1,12,6.36897,49.45988
57,Moselle,1,13,6.4278,49.47652
57,Moselle,1,14,6.44052,49.46676
57,Moselle,1,15,6.4702,49.46314
57,Moselle,1,16,6.55447,49.4201
57,Moselle,1,17,6.53698,49.40889
57,Moselle,1,18,6.56294,49.38828
57,Moselle,1,19,6.58732,49.38285
57,Moselle,1,20,6.56506,49.34958
57,Moselle,1,21,6.58891,49.32209
57,Moselle,1,22,6.65357,49.28122
57,Moselle,1,23,6.66046,49.26097
57,Moselle,1,24,6.68961,49.24976
57,Moselle,1,25,6.69703,49.21504
57,Moselle,1,26,6.71982,49.22119
57,Moselle,1,27,6.73148,49.206
57,Moselle,1,28,6.71134,49.18828
57,Moselle,1,29,6.73837,49.16369
57,Moselle,1,30,6.78395,49.16803
57,Moselle,1,31,6.8343,49.15139
57,Moselle,1,32,6.84436,49.17309
57,Moselle,1,33,6.86132,49.18105
57,Moselle,1,34,6.84066,49.21432
57,Moselle,1,35,6.85549,49.22119
57,Moselle,1,36,6.89312,49.20889
57,Moselle,1,37,6.93393,49.22227
57,Moselle,1,38,6.9599,49.20311
57,Moselle,1,39,6.97527,49.20925
57,Moselle,1,40,7.01078,49.18792
57,Moselle,1,41,7.0341,49.18936
57,Moselle,1,42,7.02827,49.16839
57,Moselle,1,43,7.04629,49.13837
57,Moselle,1,44,7.04417,49.12173
57,Moselle,1,45,7.0659,49.11414
57,Moselle,1,46,7.10406,49.13837
57,Moselle,1,47,7.15917,49.12029
57,Moselle,1,48,7.17507,49.13005
57,Moselle,1,49,7.20422,49.12137
57,Moselle,1,50,7.24556,49.12897
57,Moselle,1,51,7.29856,49.11739
57,Moselle,1,52,7.32983,49.14488
57,Moselle,1,53,7.36322,49.14524
57,Moselle,1,54,7.36534,49.172
57,Moselle,1,55,7.44589,49.1843
57,Moselle,1,56,7.45808,49.16296
57,Moselle,1,57,7.49412,49.16947
57,Moselle,1,58,7.48988,49.14235
57,Moselle,1,59,7.54288,49.08991
57,Moselle,1,60,7.56355,49.08014
57,Moselle,1,61,7.60118,49.0834
57,Moselle,1,62,7.63086,49.07255
57,Moselle,1,63,7.63563,49.0541
57,Moselle,1,64,7.63987,49.04904
57,Moselle,1,65,7.60648,49.02011
57,Moselle,1,66,7.60436,49.006
57,Moselle,1,67,7.57786,48.95718
57,Moselle,1,68,7.53652,48.93223
57,Moselle,1,69,7.52274,48.94344
57,Moselle,1,70,7.4973,48.94633
57,Moselle,1,71,7.45172,48.96803
57,Moselle,1,72,7.38919,48.95175
57,Moselle,1,73,7.35898,48.95754
57,Moselle,1,74,7.32665,48.94344
57,Moselle,1,75,7.29008,48.95646
57,Moselle,1,76,7.29326,48.97345
57,Moselle,1,77,7.23602,48.98792
57,Moselle,1,78,7.20952,48.97996
57,Moselle,1,79,7.17454,49.00636
57,Moselle,1,80,7.13002,49.00456
57,Moselle,1,81,7.10247,49.05772
57,Moselle,1,82,7.09929,49.07797
57,Moselle,1,83,7.06749,49.06568
57,Moselle,1,84,7.07862,49.05049
57,Moselle,1,85,7.05265,49.02843
57,Moselle,1,86,7.05265,49.00709
57,Moselle,1,87,7.03039,48.9872
57,Moselle,1,88,7.03198,48.95609
57,Moselle,1,89,6.98905,48.95971
57,Moselle,1,90,6.9758,48.93186
57,Moselle,1,91,6.95725,48.9268
57,Moselle,1,92,6.96467,48.90474
57,Moselle,1,93,6.98905,48.89136
57,Moselle,1,94,7.04523,48.87183
57,Moselle,1,95,7.08498,48.84724
57,Moselle,1,96,7.05265,48.84724
57,Moselle,1,97,7.05212,48.81469
57,Moselle,1,98,7.08922,48.80673
57,Moselle,1,99,7.08763,48.79226
57,Moselle,1,100,7.12684,48.8013
57,Moselle,1,101,7.14804,48.82192
57,Moselle,1,102,7.1491,48.8447
57,Moselle,1,103,7.19521,48.84036
57,Moselle,1,104,7.19733,48.82843
57,Moselle,1,105,7.22807,48.82807
57,Moselle,1,106,7.26994,48.80239
57,Moselle,1,107,7.30916,48.76731
57,Moselle,1,108,7.2922,48.75176
57,Moselle,1,109,7.28584,48.73187
57,Moselle,1,110,7.26464,48.70076
57,Moselle,1,111,7.24238,48.69208
57,Moselle,1,112,7.26464,48.66279
57,Moselle,1,113,7.30439,48.66026
57,Moselle,1,114,7.28213,48.63711
57,Moselle,1,115,7.26305,48.60601
57,Moselle,1,116,7.26305,48.59408
57,Moselle,1,117,7.21323,48.55212
57,Moselle,1,118,7.19203,48.54887
57,Moselle,1,119,7.16765,48.52753
57,Moselle,1,120,7.13532,48.52825
57,Moselle,1,121,7.11519,48.53729
57,Moselle,1,122,7.07968,48.53657
57,Moselle,1,123,7.05742,48.55104
57,Moselle,1,124,7.03463,48.57635
57,Moselle,1,125,7.00071,48.59263
57,Moselle,1,126,7.01025,48.60529
57,Moselle,1,127,6.98375,48.61252
57,Moselle,1,128,6.96096,48.60818
57,Moselle,1,129,6.93446,48.63313
57,Moselle,1,130,6.90584,48.61975
57,Moselle,1,131,6.84701,48.62373
57,Moselle,1,132,6.8343,48.64362
57,Moselle,1,133,6.78289,48.64254
57,Moselle,1,134,6.76434,48.65194
57,Moselle,1,135,6.76116,48.66821
57,Moselle,1,136,6.73413,48.66387
57,Moselle,1,137,6.70869,48.67147
57,Moselle,1,138,6.67636,48.68991
57,Moselle,1,139,6.66046,48.70691
57,Moselle,1,140,6.63873,48.70113
57,Moselle,1,141,6.57937,48.73584
57,Moselle,1,142,6.56242,48.7561
57,Moselle,1,143,6.50571,48.75248
57,Moselle,1,144,6.48557,48.76695
57,Moselle,1,145,6.4543,48.76803
57,Moselle,1,146,6.4331,48.78901
57,Moselle,1,147,6.396,48.7749
57,Moselle,1,148,6.35625,48.7919
57,Moselle,1,149,6.33134,48.82337
57,Moselle,1,150,6.33982,48.83349
57,Moselle,1,151,6.28947,48.8429
57,Moselle,1,152,6.3112,48.87074
57,Moselle,1,153,6.29795,48.88087
57,Moselle,1,154,6.32657,48.90655
57,Moselle,1,155,6.28841,48.91631
57,Moselle,1,156,6.27146,48.93331
57,Moselle,1,157,6.23701,48.92499
57,Moselle,1,158,6.20945,48.9391
57,Moselle,1,159,6.14638,48.93259
57,Moselle,1,160,6.12465,48.94163
57,Moselle,1,161,6.12465,48.95646
57,Moselle,1,162,6.09974,48.96875
57,Moselle,1,163,6.08172,48.96297
57,Moselle,1,164,6.06476,48.98069
57,Moselle,1,165,6.04356,48.97743
57,Moselle,1,166,6.04303,49.01504
57,Moselle,1,167,6.0054,49.03457
57,Moselle,1,168,5.95771,49.04796
57,Moselle,1,169,5.93439,49.07544
57,Moselle,1,170,5.93174,49.10908
57,Moselle,1,171,5.99746,49.10763
57,Moselle,1,172,5.98633,49.1456
57,Moselle,1,173,6.02766,49.1673
57,Moselle,1,174,5.98686,49.18394
57,Moselle,1,175,5.9858,49.20853
57,Moselle,1,176,6.03084,49.23276
57,Moselle,1,177,6.0266,49.25193
57,Moselle,1,178,6.00011,49.27616
57,Moselle,1,179,6.00646,49.30835
57,Moselle,1,180,5.9858,49.30509
57,Moselle,1,181,5.94446,49.33475
57,Moselle,1,182,5.96195,49.34488
57,Moselle,1,183,5.95612,49.36187
57,Moselle,1,184,5.93598,49.37923
57,Moselle,1,185,5.91902,49.41793
57,Moselle,1,186,5.94234,49.43023
57,Moselle,1,187,5.94128,49.4758
57,Moselle,1,188,5.89782,49.48086
57,Moselle,1,189,5.89358,49.49677
48,Lozère,1,0,2.98186,44.64477
48,Lozère,1,1,3.01631,44.71421
48,Lozère,1,2,3.0391,44.7153
48,Lozère,1,3,3.03009,44.74531
48,Lozère,1,4,3.05023,44.77967
48,Lozère,1,5,3.04811,44.8039
48,Lozère,1,6,3.07249,44.82271
48,Lozère,1,7,3.09899,44.8332
48,Lozère,1,8,3.09634,44.85815
48,Lozère,1,9,3.10694,44.86755
48,Lozère,1,10,3.10323,44.88672
48,Lozère,1,11,3.12814,44.90372
48,Lozère,1,12,3.14404,44.9001
48,Lozère,1,13,3.18114,44.86466
48,Lozère,1,14,3.22565,44.88202
48,Lozère,1,15,3.23201,44.91131
48,Lozère,1,16,3.24367,44.9312
48,Lozère,1,17,3.28554,44.92614
48,Lozère,1,18,3.36133,44.97135
48,Lozère,1,19,3.38889,44.95146
48,Lozère,1,20,3.41539,44.94133
48,Lozère,1,21,3.41062,44.91782
48,Lozère,1,22,3.43606,44.88021
48,Lozère,1,23,3.44189,44.85417
48,Lozère,1,24,3.47846,44.80969
48,Lozère,1,25,3.50601,44.82415
48,Lozère,1,26,3.53834,44.82813
48,Lozère,1,27,3.57862,44.8256
48,Lozère,1,28,3.59558,44.85273
48,Lozère,1,29,3.59611,44.87696
48,Lozère,1,30,3.63003,44.88057
48,Lozère,1,31,3.65494,44.87406
48,Lozère,1,32,3.67137,44.85236
48,Lozère,1,33,3.66607,44.82849
48,Lozère,1,34,3.70211,44.83645
48,Lozère,1,35,3.74822,44.83175
48,Lozère,1,36,3.76147,44.80173
48,Lozère,1,37,3.80333,44.78112
48,Lozère,1,38,3.84255,44.76737
48,Lozère,1,39,3.82983,44.75472
48,Lozère,1,40,3.86269,44.74387
48,Lozère,1,41,3.86269,44.71096
48,Lozère,1,42,3.86958,44.67841
48,Lozère,1,43,3.89078,44.65634
48,Lozère,1,44,3.89396,44.61439
48,Lozère,1,45,3.92364,44.57172
48,Lozère,1,46,3.94855,44.5728
48,Lozère,1,47,3.98724,44.50192
48,Lozère,1,48,3.98565,44.47841
48,Lozère,1,49,3.99837,44.4596
48,Lozère,1,50,3.97187,44.4361
48,Lozère,1,51,3.94908,44.40355
48,Lozère,1,52,3.90774,44.40246
48,Lozère,1,53,3.90774,44.37498
48,Lozère,1,54,3.92576,44.34604
48,Lozère,1,55,3.95226,44.32796
48,Lozère,1,56,3.92311,44.30518
48,Lozère,1,57,3.9353,44.29541
48,Lozère,1,58,3.93689,44.27443
48,Lozère,1,59,3.97558,44.25997
48,Lozère,1,60,3.95173,44.24803
48,Lozère,1,61,3.95173,44.22055
48,Lozère,1,62,3.94113,44.20029
48,Lozère,1,63,3.96074,44.18836
48,Lozère,1,64,3.96816,44.16558
48,Lozère,1,65,3.92894,44.18185
48,Lozère,1,66,3.92735,44.16124
48,Lozère,1,67,3.91145,44.16015
48,Lozère,1,68,3.87382,44.13013
48,Lozère,1,69,3.82294,44.13664
48,Lozère,1,70,3.79697,44.12724
48,Lozère,1,71,3.76041,44.15111
48,Lozère,1,72,3.72596,44.16413
48,Lozère,1,73,3.70264,44.16702
48,Lozère,1,74,3.67561,44.18402
48,Lozère,1,75,3.65759,44.17317
48,Lozère,1,76,3.63745,44.1757
48,Lozère,1,77,3.63003,44.15798
48,Lozère,1,78,3.64169,44.14894
48,Lozère,1,79,3.63268,44.12109
48,Lozère,1,80,3.60459,44.11603
48,Lozère,1,81,3.57014,44.12254
48,Lozère,1,82,3.54735,44.11458
48,Lozère,1,83,3.50813,44.12615
48,Lozère,1,84,3.48906,44.12398
48,Lozère,1,85,3.43924,44.12941
48,Lozère,1,86,3.43076,44.14822
48,Lozère,1,87,3.38889,44.16919
48,Lozère,1,88,3.37405,44.171
48,Lozère,1,89,3.37458,44.17932
48,Lozère,1,90,3.34543,44.20066
48,Lozère,1,91,3.29243,44.20644
48,Lozère,1,92,3.23943,44.19089
48,Lozère,1,93,3.20711,44.19017
48,Lozère,1,94,3.23042,44.23031
48,Lozère,1,95,3.12072,44.26431
48,Lozère,1,96,3.12443,44.28348
48,Lozère,1,97,3.15411,44.30915
48,Lozère,1,98,3.14616,44.33266
48,Lozère,1,99,3.13344,44.33628
48,Lozère,1,100,3.12072,44.38076
48,Lozère,1,101,3.1398,44.39306
48,Lozère,1,102,3.12655,44.41403
48,Lozère,1,103,3.14192,44.4285
48,Lozère,1,104,3.13556,44.4549
48,Lozère,1,105,3.11754,44.47371
48,Lozère,1,106,3.07461,44.49577
48,Lozère,1,107,3.07461,44.5323
48,Lozère,1,108,3.08415,44.55978
48,Lozère,1,109,3.07567,44.5728
48,Lozère,1,110,3.03168,44.59776
48,Lozère,1,111,3.0126,44.62199
48,Lozère,1,112,2.98186,44.64477
94,Val-de-Marne,1,0,2.32098,48.74886
94,Val-de-Marne,1,1,2.31886,48.78792
94,Val-de-Marne,1,2,2.33211,48.81686
94,Val-de-Marne,1,3,2.36444,48.81649
94,Val-de-Marne,1,4,2.40153,48.82951
94,Val-de-Marne,1,5,2.43969,48.8183
94,Val-de-Marne,1,6,2.46248,48.81903
94,Val-de-Marne,1,7,2.4699,48.83639
94,Val-de-Marne,1,8,2.41637,48.84941
94,Val-de-Marne,1,9,2.4911,48.86062
94,Val-de-Marne,1,10,2.55682,48.83168
94,Val-de-Marne,1,11,2.57007,48.81505
94,Val-de-Marne,1,12,2.5918,48.80709
94,Val-de-Marne,1,13,2.60717,48.77454
94,Val-de-Marne,1,14,2.59392,48.73548
94,Val-de-Marne,1,15,2.56848,48.70908
94,Val-de-Marne,1,16,2.57166,48.69208
94,Val-de-Marne,1,17,2.5547,48.68847
94,Val-de-Marne,1,18,2.51813,48.71234
94,Val-de-Marne,1,19,2.50594,48.73584
94,Val-de-Marne,1,20,2.44817,48.72246
94,Val-de-Marne,1,21,2.41107,48.72608
94,Val-de-Marne,1,22,2.3708,48.71993
94,Val-de-Marne,1,23,2.35649,48.73801
94,Val-de-Marne,1,24,2.32098,48.74886
45,Loiret,1,0,1.52018,47.98215
45,Loiret,1,1,1.52654,48.0071
45,Loiret,1,2,1.51223,48.02808
45,Loiret,1,3,1.54561,48.04436
45,Loiret,1,4,1.59437,48.03061
45,Loiret,1,5,1.59702,48.04327
45,Loiret,1,6,1.6214,48.04833
45,Loiret,1,7,1.6214,48.06388
45,Loiret,1,8,1.65532,48.07618
45,Loiret,1,9,1.67917,48.06569
45,Loiret,1,10,1.75496,48.06533
45,Loiret,1,11,1.81273,48.08486
45,Loiret,1,12,1.86572,48.08378
45,Loiret,1,13,1.88427,48.09752
45,Loiret,1,14,1.89964,48.12754
45,Loiret,1,15,1.92031,48.14634
45,Loiret,1,16,1.91448,48.16732
45,Loiret,1,17,1.97013,48.17817
45,Loiret,1,18,1.95105,48.19517
45,Loiret,1,19,1.97914,48.20385
45,Loiret,1,20,1.96271,48.22265
45,Loiret,1,21,1.96536,48.25592
45,Loiret,1,22,1.98444,48.26424
45,Loiret,1,23,1.99398,48.28667
45,Loiret,1,24,2.03638,48.28703
45,Loiret,1,25,2.05281,48.29535
45,Loiret,1,26,2.1641,48.29824
45,Loiret,1,27,2.18159,48.31343
45,Loiret,1,28,2.20226,48.34453
45,Loiret,1,29,2.24625,48.3297
45,Loiret,1,30,2.23777,48.31632
45,Loiret,1,31,2.30031,48.31126
45,Loiret,1,32,2.3125,48.33043
45,Loiret,1,33,2.35808,48.30873
45,Loiret,1,34,2.40312,48.32066
45,Loiret,1,35,2.42008,48.29969
45,Loiret,1,36,2.42008,48.26677
45,Loiret,1,37,2.48421,48.23893
45,Loiret,1,38,2.50647,48.23857
45,Loiret,1,39,2.5229,48.20023
45,Loiret,1,40,2.50594,48.15647
45,Loiret,1,41,2.48315,48.16443
45,Loiret,1,42,2.45983,48.13694
45,Loiret,1,43,2.46513,48.12934
45,Loiret,1,44,2.51972,48.12681
45,Loiret,1,45,2.53721,48.14019
45,Loiret,1,46,2.5706,48.14092
45,Loiret,1,47,2.60293,48.13151
45,Loiret,1,48,2.63897,48.13875
45,Loiret,1,49,2.66334,48.12211
45,Loiret,1,50,2.70574,48.1232
45,Loiret,1,51,2.72058,48.13694
45,Loiret,1,52,2.75556,48.14598
45,Loiret,1,53,2.75821,48.16334
45,Loiret,1,54,2.79425,48.16877
45,Loiret,1,55,2.80061,48.13368
45,Loiret,1,56,2.82075,48.12971
45,Loiret,1,57,2.86686,48.15611
45,Loiret,1,58,2.93682,48.16334
45,Loiret,1,59,2.96384,48.15321
45,Loiret,1,60,2.99087,48.15285
45,Loiret,1,61,3.02956,48.13332
45,Loiret,1,62,3.05023,48.0722
45,Loiret,1,63,3.08839,48.05376
45,Loiret,1,64,3.10482,48.01289
45,Loiret,1,65,3.12178,48.00204
45,Loiret,1,66,3.12655,47.96841
45,Loiret,1,67,3.10535,47.94707
45,Loiret,1,68,3.05871,47.92682
45,Loiret,1,69,3.0073,47.89535
45,Loiret,1,70,3.01154,47.87474
45,Loiret,1,71,3.02903,47.85702
45,Loiret,1,72,3.02903,47.83496
45,Loiret,1,73,3.01207,47.83423
45,Loiret,1,74,3.02797,47.80132
45,Loiret,1,75,3.02373,47.78649
45,Loiret,1,76,2.98981,47.78613
45,Loiret,1,77,2.93364,47.76299
45,Loiret,1,78,2.90926,47.7695
45,Loiret,1,79,2.85626,47.7619
45,Loiret,1,80,2.84884,47.71705
45,Loiret,1,81,2.87905,47.72031
45,Loiret,1,82,2.88276,47.70259
45,Loiret,1,83,2.91403,47.68993
45,Loiret,1,84,2.92145,47.66678
45,Loiret,1,85,2.95377,47.64581
45,Loiret,1,86,2.93629,47.63641
45,Loiret,1,87,2.9437,47.59301
45,Loiret,1,88,2.97656,47.5695
45,Loiret,1,89,2.95854,47.55756
45,Loiret,1,90,2.91456,47.56588
45,Loiret,1,91,2.89495,47.55395
45,Loiret,1,92,2.84513,47.54491
45,Loiret,1,93,2.87428,47.52031
45,Loiret,1,94,2.84619,47.51344
45,Loiret,1,95,2.82552,47.49717
45,Loiret,1,96,2.80644,47.49427
45,Loiret,1,97,2.76828,47.52321
45,Loiret,1,98,2.72694,47.53623
45,Loiret,1,99,2.71581,47.49138
45,Loiret,1,100,2.69196,47.48415
45,Loiret,1,101,2.66228,47.48632
45,Loiret,1,102,2.65593,47.51055
45,Loiret,1,103,2.61194,47.52646
45,Loiret,1,104,2.61671,47.54093
45,Loiret,1,105,2.59922,47.55431
45,Loiret,1,106,2.57272,47.55973
45,Loiret,1,107,2.54728,47.57529
45,Loiret,1,108,2.4911,47.56841
45,Loiret,1,109,2.4381,47.60964
45,Loiret,1,110,2.37292,47.58577
45,Loiret,1,111,2.34271,47.6053
45,Loiret,1,112,2.32469,47.60783
45,Loiret,1,113,2.28971,47.62917
45,Loiret,1,114,2.23883,47.62049
45,Loiret,1,115,2.24095,47.64111
45,Loiret,1,116,2.20385,47.67872
45,Loiret,1,117,2.15297,47.67112
45,Loiret,1,118,2.13548,47.67872
45,Loiret,1,119,2.11375,47.6704
45,Loiret,1,120,2.07454,47.68197
45,Loiret,1,121,2.02684,47.6751
45,Loiret,1,122,1.99769,47.66642
45,Loiret,1,123,1.9431,47.65991
45,Loiret,1,124,1.93833,47.67836
45,Loiret,1,125,1.86996,47.67402
45,Loiret,1,126,1.84346,47.68631
45,Loiret,1,127,1.83922,47.6563
45,Loiret,1,128,1.78146,47.65232
45,Loiret,1,129,1.7486,47.65593
45,Loiret,1,130,1.73005,47.68451
45,Loiret,1,131,1.72793,47.6997
45,Loiret,1,132,1.70779,47.73369
45,Loiret,1,133,1.66804,47.74237
45,Loiret,1,134,1.6267,47.76118
45,Loiret,1,135,1.61345,47.73658
45,Loiret,1,136,1.54773,47.7695
45,Loiret,1,137,1.57052,47.79698
45,Loiret,1,138,1.53131,47.82881
45,Loiret,1,139,1.56204,47.85231
45,Loiret,1,140,1.58854,47.8798
45,Loiret,1,141,1.58165,47.90222
45,Loiret,1,142,1.55356,47.92067
45,Loiret,1,143,1.52548,47.92935
45,Loiret,1,144,1.52548,47.94201
45,Loiret,1,145,1.56628,47.97419
45,Loiret,1,146,1.56469,47.98974
45,Loiret,1,147,1.52018,47.98215
15,Cantal,1,0,2.06288,44.97677
15,Cantal,1,1,2.08567,44.98401
15,Cantal,1,2,2.13336,44.98545
15,Cantal,1,3,2.14131,45.00534
15,Cantal,1,4,2.11428,45.02451
15,Cantal,1,5,2.09521,45.05598
15,Cantal,1,6,2.14608,45.08563
15,Cantal,1,7,2.17576,45.08129
15,Cantal,1,8,2.17947,45.10914
15,Cantal,1,9,2.19166,45.13482
15,Cantal,1,10,2.20968,45.14531
15,Cantal,1,11,2.22399,45.1699
15,Cantal,1,12,2.20173,45.18147
15,Cantal,1,13,2.19113,45.201
15,Cantal,1,14,2.19484,45.22089
15,Cantal,1,15,2.23618,45.24657
15,Cantal,1,16,2.24466,45.26718
15,Cantal,1,17,2.25844,45.27008
15,Cantal,1,18,2.26957,45.29033
15,Cantal,1,19,2.28865,45.28708
15,Cantal,1,20,2.31674,45.32288
15,Cantal,1,21,2.34907,45.32758
15,Cantal,1,22,2.35013,45.34639
15,Cantal,1,23,2.36444,45.35868
15,Cantal,1,24,2.36974,45.38726
15,Cantal,1,25,2.3496,45.41221
15,Cantal,1,26,2.36974,45.41619
15,Cantal,1,27,2.42326,45.39702
15,Cantal,1,28,2.44499,45.38328
15,Cantal,1,29,2.4858,45.37894
15,Cantal,1,30,2.52025,45.38472
15,Cantal,1,31,2.52184,45.40028
15,Cantal,1,32,2.48739,45.418
15,Cantal,1,33,2.50859,45.47839
15,Cantal,1,34,2.5441,45.47912
15,Cantal,1,35,2.53562,45.45814
15,Cantal,1,36,2.56583,45.46501
15,Cantal,1,37,2.58703,45.44946
15,Cantal,1,38,2.68666,45.43825
15,Cantal,1,39,2.68083,45.40932
15,Cantal,1,40,2.71475,45.38147
15,Cantal,1,41,2.74231,45.3934
15,Cantal,1,42,2.76192,45.38581
15,Cantal,1,43,2.78577,45.38798
15,Cantal,1,44,2.81386,45.40136
15,Cantal,1,45,2.83453,45.39051
15,Cantal,1,46,2.85255,45.39232
15,Cantal,1,47,2.86739,45.37641
15,Cantal,1,48,2.88329,45.384
15,Cantal,1,49,2.92145,45.36592
15,Cantal,1,50,2.93311,45.32794
15,Cantal,1,51,2.94847,45.30914
15,Cantal,1,52,2.96755,45.30733
15,Cantal,1,53,3.01843,45.28708
15,Cantal,1,54,3.05924,45.30697
15,Cantal,1,55,3.06242,45.3265
15,Cantal,1,56,3.10376,45.35398
15,Cantal,1,57,3.11118,45.35
15,Cantal,1,58,3.11436,45.31131
15,Cantal,1,59,3.09369,45.29069
15,Cantal,1,60,3.12284,45.28599
15,Cantal,1,61,3.16047,45.29539
15,Cantal,1,62,3.18326,45.27948
15,Cantal,1,63,3.21241,45.28093
15,Cantal,1,64,3.22724,45.26755
15,Cantal,1,65,3.22459,45.24946
15,Cantal,1,66,3.23519,45.21981
15,Cantal,1,67,3.27229,45.20968
15,Cantal,1,68,3.26063,45.1822
15,Cantal,1,69,3.26805,45.15399
15,Cantal,1,70,3.28819,45.12035
15,Cantal,1,71,3.34543,45.10986
15,Cantal,1,72,3.32582,45.09504
15,Cantal,1,73,3.30197,45.10733
15,Cantal,1,74,3.29084,45.08816
15,Cantal,1,75,3.31416,45.08491
15,Cantal,1,76,3.29985,45.06068
15,Cantal,1,77,3.29773,45.03934
15,Cantal,1,78,3.31045,45.02126
15,Cantal,1,79,3.33695,45.02524
15,Cantal,1,80,3.3608,44.98943
15,Cantal,1,81,3.36133,44.97135
15,Cantal,1,82,3.28554,44.92614
15,Cantal,1,83,3.24367,44.9312
15,Cantal,1,84,3.23201,44.91131
15,Cantal,1,85,3.22565,44.88202
15,Cantal,1,86,3.18114,44.86466
15,Cantal,1,87,3.14404,44.9001
15,Cantal,1,88,3.12814,44.90372
15,Cantal,1,89,3.10323,44.88672
15,Cantal,1,90,3.10694,44.86755
15,Cantal,1,91,3.09634,44.85815
15,Cantal,1,92,3.09899,44.8332
15,Cantal,1,93,3.07249,44.82271
15,Cantal,1,94,3.04811,44.8039
15,Cantal,1,95,3.05023,44.77967
15,Cantal,1,96,3.03009,44.74531
15,Cantal,1,97,3.0391,44.7153
15,Cantal,1,98,3.01631,44.71421
15,Cantal,1,99,2.98186,44.64477
15,Cantal,1,100,2.93946,44.67768
15,Cantal,1,101,2.92569,44.72723
15,Cantal,1,102,2.9347,44.74387
15,Cantal,1,103,2.92781,44.75725
15,Cantal,1,104,2.93629,44.77678
15,Cantal,1,105,2.92039,44.79414
15,Cantal,1,106,2.88859,44.78907
15,Cantal,1,107,2.8552,44.85128
15,Cantal,1,108,2.84884,44.87153
15,Cantal,1,109,2.80591,44.87189
15,Cantal,1,110,2.781,44.85707
15,Cantal,1,111,2.76775,44.86683
15,Cantal,1,112,2.77835,44.88744
15,Cantal,1,113,2.7757,44.90951
15,Cantal,1,114,2.76033,44.92903
15,Cantal,1,115,2.7386,44.94133
15,Cantal,1,116,2.71369,44.92723
15,Cantal,1,117,2.70839,44.90842
15,Cantal,1,118,2.68189,44.90734
15,Cantal,1,119,2.65805,44.88455
15,Cantal,1,120,2.65646,44.87225
15,Cantal,1,121,2.6289,44.87262
15,Cantal,1,122,2.59657,44.82018
15,Cantal,1,123,2.60028,44.79377
15,Cantal,1,124,2.56212,44.7775
15,Cantal,1,125,2.55364,44.75725
15,Cantal,1,126,2.55364,44.72542
15,Cantal,1,127,2.50329,44.69143
15,Cantal,1,128,2.48951,44.65743
15,Cantal,1,129,2.46778,44.64296
15,Cantal,1,130,2.4487,44.64875
15,Cantal,1,131,2.43015,44.64043
15,Cantal,1,132,2.37769,44.64911
15,Cantal,1,133,2.34907,44.64079
15,Cantal,1,134,2.33529,44.64767
15,Cantal,1,135,2.32681,44.67009
15,Cantal,1,136,2.28282,44.66539
15,Cantal,1,137,2.25102,44.65201
15,Cantal,1,138,2.2277,44.65454
15,Cantal,1,139,2.20862,44.64369
15,Cantal,1,140,2.21816,44.62488
15,Cantal,1,141,2.20756,44.61584
15,Cantal,1,142,2.16834,44.63971
15,Cantal,1,143,2.16569,44.66177
15,Cantal,1,144,2.17947,44.67443
15,Cantal,1,145,2.16251,44.69143
15,Cantal,1,146,2.13018,44.6983
15,Cantal,1,147,2.14714,44.72072
15,Cantal,1,148,2.1535,44.75291
15,Cantal,1,149,2.17152,44.79052
15,Cantal,1,150,2.16569,44.8086
15,Cantal,1,151,2.13972,44.82379
15,Cantal,1,152,2.08408,44.88744
15,Cantal,1,153,2.0915,44.90408
15,Cantal,1,154,2.10792,44.90987
15,Cantal,1,155,2.07878,44.93265
15,Cantal,1,156,2.0809,44.95146
15,Cantal,1,157,2.06288,44.97677
81,Tarn,1,0,1.55568,43.9182
81,Tarn,1,1,1.57423,43.92399
81,Tarn,1,2,1.57529,43.93918
81,Tarn,1,3,1.54191,43.94569
81,Tarn,1,4,1.56681,43.96522
81,Tarn,1,5,1.61928,43.95907
81,Tarn,1,6,1.61875,43.97426
81,Tarn,1,7,1.6373,43.99487
81,Tarn,1,8,1.65426,43.99306
81,Tarn,1,9,1.66486,44.01151
81,Tarn,1,10,1.69295,44.02923
81,Tarn,1,11,1.70461,44.04442
81,Tarn,1,12,1.69613,44.05816
81,Tarn,1,13,1.66433,44.06901
81,Tarn,1,14,1.67016,44.08927
81,Tarn,1,15,1.6532,44.0965
81,Tarn,1,16,1.6585,44.11675
81,Tarn,1,17,1.72263,44.11711
81,Tarn,1,18,1.7486,44.1135
81,Tarn,1,19,1.77033,44.09795
81,Tarn,1,20,1.80584,44.12652
81,Tarn,1,21,1.86943,44.14243
81,Tarn,1,22,1.91183,44.13303
81,Tarn,1,23,1.91925,44.16304
81,Tarn,1,24,1.97013,44.14279
81,Tarn,1,25,1.99027,44.14966
81,Tarn,1,26,2.02101,44.15473
81,Tarn,1,27,2.03426,44.16847
81,Tarn,1,28,2.05864,44.17245
81,Tarn,1,29,2.05122,44.188
81,Tarn,1,30,2.09203,44.18836
81,Tarn,1,31,2.13654,44.20066
81,Tarn,1,32,2.15297,44.1974
81,Tarn,1,33,2.19166,44.16196
81,Tarn,1,34,2.20703,44.17136
81,Tarn,1,35,2.23777,44.1587
81,Tarn,1,36,2.18848,44.13737
81,Tarn,1,37,2.24413,44.1352
81,Tarn,1,38,2.28494,44.14532
81,Tarn,1,39,2.30031,44.12073
81,Tarn,1,40,2.33211,44.12326
81,Tarn,1,41,2.35755,44.10192
81,Tarn,1,42,2.38934,44.09361
81,Tarn,1,43,2.4116,44.0701
81,Tarn,1,44,2.41001,44.05563
81,Tarn,1,45,2.45983,44.05165
81,Tarn,1,46,2.46672,44.03249
81,Tarn,1,47,2.49534,44.01151
81,Tarn,1,48,2.49375,43.99668
81,Tarn,1,49,2.52502,43.97751
81,Tarn,1,50,2.50912,43.94424
81,Tarn,1,51,2.55523,43.92109
81,Tarn,1,52,2.55099,43.89289
81,Tarn,1,53,2.57855,43.88059
81,Tarn,1,54,2.56371,43.86504
81,Tarn,1,55,2.56159,43.84587
81,Tarn,1,56,2.58809,43.81947
81,Tarn,1,57,2.59763,43.81875
81,Tarn,1,58,2.62625,43.7833
81,Tarn,1,59,2.68189,43.74388
81,Tarn,1,60,2.70945,43.74316
81,Tarn,1,61,2.74072,43.72905
81,Tarn,1,62,2.781,43.73701
81,Tarn,1,63,2.78789,43.75256
81,Tarn,1,64,2.82287,43.76233
81,Tarn,1,65,2.83877,43.75003
81,Tarn,1,66,2.86951,43.74135
81,Tarn,1,67,2.9029,43.74207
81,Tarn,1,68,2.92092,43.73629
81,Tarn,1,69,2.92516,43.70627
81,Tarn,1,70,2.93523,43.6947
81,Tarn,1,71,2.9188,43.68746
81,Tarn,1,72,2.9188,43.66613
81,Tarn,1,73,2.90767,43.65419
81,Tarn,1,74,2.88117,43.65708
81,Tarn,1,75,2.87428,43.6466
81,Tarn,1,76,2.81545,43.64009
81,Tarn,1,77,2.79478,43.62454
81,Tarn,1,78,2.7545,43.61405
81,Tarn,1,79,2.71846,43.64515
81,Tarn,1,80,2.68613,43.65094
81,Tarn,1,81,2.65434,43.64913
81,Tarn,1,82,2.61989,43.60501
81,Tarn,1,83,2.63155,43.58403
81,Tarn,1,84,2.61565,43.56667
81,Tarn,1,85,2.63049,43.54859
81,Tarn,1,86,2.66864,43.52182
81,Tarn,1,87,2.65858,43.51712
81,Tarn,1,88,2.65646,43.4824
81,Tarn,1,89,2.66652,43.46794
81,Tarn,1,90,2.58385,43.42526
81,Tarn,1,91,2.56583,43.42273
81,Tarn,1,92,2.51919,43.42382
81,Tarn,1,93,2.49693,43.4372
81,Tarn,1,94,2.4275,43.43539
81,Tarn,1,95,2.4063,43.4202
81,Tarn,1,96,2.36179,43.42526
81,Tarn,1,97,2.30879,43.44407
81,Tarn,1,98,2.28229,43.44117
81,Tarn,1,99,2.25738,43.456
81,Tarn,1,100,2.22452,43.42888
81,Tarn,1,101,2.22982,43.40971
81,Tarn,1,102,2.21498,43.38331
81,Tarn,1,103,2.18689,43.39416
81,Tarn,1,104,2.17364,43.41297
81,Tarn,1,105,2.0915,43.3938
81,Tarn,1,106,2.07242,43.39561
81,Tarn,1,107,2.05493,43.42816
81,Tarn,1,108,2.02896,43.43683
81,Tarn,1,109,2.0173,43.45347
81,Tarn,1,110,2.01995,43.47372
81,Tarn,1,111,2.04857,43.48566
81,Tarn,1,112,2.03744,43.50627
81,Tarn,1,113,2.01836,43.50844
81,Tarn,1,114,2.00723,43.4806
81,Tarn,1,115,1.95264,43.49072
81,Tarn,1,116,1.88745,43.51676
81,Tarn,1,117,1.88003,43.54027
81,Tarn,1,118,1.85035,43.54931
81,Tarn,1,119,1.84929,43.56739
81,Tarn,1,120,1.82438,43.58114
81,Tarn,1,121,1.77987,43.58692
81,Tarn,1,122,1.76397,43.60356
81,Tarn,1,123,1.74913,43.60103
81,Tarn,1,124,1.72475,43.61586
81,Tarn,1,125,1.69083,43.62562
81,Tarn,1,126,1.69348,43.64262
81,Tarn,1,127,1.73111,43.65745
81,Tarn,1,128,1.72104,43.68819
81,Tarn,1,129,1.66433,43.69361
81,Tarn,1,130,1.70514,43.71386
81,Tarn,1,131,1.69984,43.72544
81,Tarn,1,132,1.65956,43.74244
81,Tarn,1,133,1.65585,43.76522
81,Tarn,1,134,1.63041,43.79922
81,Tarn,1,135,1.58854,43.8173
81,Tarn,1,136,1.59331,43.84298
81,Tarn,1,137,1.57264,43.84876
81,Tarn,1,138,1.56098,43.86323
81,Tarn,1,139,1.54667,43.90229
81,Tarn,1,140,1.55568,43.9182
67,Bas-Rhin,1,0,7.12313,48.51379
67,Bas-Rhin,1,1,7.0818,48.51343
67,Bas-Rhin,1,2,7.06537,48.52428
67,Bas-Rhin,1,3,7.07968,48.53657
67,Bas-Rhin,1,4,7.11519,48.53729
67,Bas-Rhin,1,5,7.13532,48.52825
67,Bas-Rhin,1,6,7.16765,48.52753
67,Bas-Rhin,1,7,7.19203,48.54887
67,Bas-Rhin,1,8,7.21323,48.55212
67,Bas-Rhin,1,9,7.26305,48.59408
67,Bas-Rhin,1,10,7.26305,48.60601
67,Bas-Rhin,1,11,7.28213,48.63711
67,Bas-Rhin,1,12,7.30439,48.66026
67,Bas-Rhin,1,13,7.26464,48.66279
67,Bas-Rhin,1,14,7.24238,48.69208
67,Bas-Rhin,1,15,7.26464,48.70076
67,Bas-Rhin,1,16,7.28584,48.73187
67,Bas-Rhin,1,17,7.2922,48.75176
67,Bas-Rhin,1,18,7.30916,48.76731
67,Bas-Rhin,1,19,7.26994,48.80239
67,Bas-Rhin,1,20,7.22807,48.82807
67,Bas-Rhin,1,21,7.19733,48.82843
67,Bas-Rhin,1,22,7.19521,48.84036
67,Bas-Rhin,1,23,7.1491,48.8447
67,Bas-Rhin,1,24,7.14804,48.82192
67,Bas-Rhin,1,25,7.12684,48.8013
67,Bas-Rhin,1,26,7.08763,48.79226
67,Bas-Rhin,1,27,7.08922,48.80673
67,Bas-Rhin,1,28,7.05212,48.81469
67,Bas-Rhin,1,29,7.05265,48.84724
67,Bas-Rhin,1,30,7.08498,48.84724
67,Bas-Rhin,1,31,7.04523,48.87183
67,Bas-Rhin,1,32,6.98905,48.89136
67,Bas-Rhin,1,33,6.96467,48.90474
67,Bas-Rhin,1,34,6.95725,48.9268
67,Bas-Rhin,1,35,6.9758,48.93186
67,Bas-Rhin,1,36,6.98905,48.95971
67,Bas-Rhin,1,37,7.03198,48.95609
67,Bas-Rhin,1,38,7.03039,48.9872
67,Bas-Rhin,1,39,7.05265,49.00709
67,Bas-Rhin,1,40,7.05265,49.02843
67,Bas-Rhin,1,41,7.07862,49.05049
67,Bas-Rhin,1,42,7.06749,49.06568
67,Bas-Rhin,1,43,7.09929,49.07797
67,Bas-Rhin,1,44,7.10247,49.05772
67,Bas-Rhin,1,45,7.13002,49.00456
67,Bas-Rhin,1,46,7.17454,49.00636
67,Bas-Rhin,1,47,7.20952,48.97996
67,Bas-Rhin,1,48,7.23602,48.98792
67,Bas-Rhin,1,49,7.29326,48.97345
67,Bas-Rhin,1,50,7.29008,48.95646
67,Bas-Rhin,1,51,7.32665,48.94344
67,Bas-Rhin,1,52,7.35898,48.95754
67,Bas-Rhin,1,53,7.38919,48.95175
67,Bas-Rhin,1,54,7.45172,48.96803
67,Bas-Rhin,1,55,7.4973,48.94633
67,Bas-Rhin,1,56,7.52274,48.94344
67,Bas-Rhin,1,57,7.53652,48.93223
67,Bas-Rhin,1,58,7.57786,48.95718
67,Bas-Rhin,1,59,7.60436,49.006
67,Bas-Rhin,1,60,7.60648,49.02011
67,Bas-Rhin,1,61,7.63987,49.04904
67,Bas-Rhin,1,62,7.63563,49.0541
67,Bas-Rhin,1,63,7.67697,49.04542
67,Bas-Rhin,1,64,7.71565,49.05447
67,Bas-Rhin,1,65,7.73208,49.04434
67,Bas-Rhin,1,66,7.76971,49.04759
67,Bas-Rhin,1,67,7.80204,49.06351
67,Bas-Rhin,1,68,7.86776,49.03313
67,Bas-Rhin,1,69,7.88737,49.04796
67,Bas-Rhin,1,70,7.91864,49.04145
67,Bas-Rhin,1,71,7.93136,49.05808
67,Bas-Rhin,1,72,7.99654,49.02843
67,Bas-Rhin,1,73,8.04636,49.01432
67,Bas-Rhin,1,74,8.09141,48.98937
67,Bas-Rhin,1,75,8.14865,48.97743
67,Bas-Rhin,1,76,8.2149,48.97526
67,Bas-Rhin,1,77,8.15501,48.91161
67,Bas-Rhin,1,78,8.1301,48.87978
67,Bas-Rhin,1,79,8.10201,48.81686
67,Bas-Rhin,1,80,8.07392,48.79299
67,Bas-Rhin,1,81,8.04318,48.79082
67,Bas-Rhin,1,82,8.00396,48.75899
67,Bas-Rhin,1,83,7.97322,48.75863
67,Bas-Rhin,1,84,7.96368,48.72174
67,Bas-Rhin,1,85,7.89585,48.66677
67,Bas-Rhin,1,86,7.84444,48.64507
67,Bas-Rhin,1,87,7.83013,48.61975
67,Bas-Rhin,1,88,7.80045,48.5825
67,Bas-Rhin,1,89,7.80681,48.52138
67,Bas-Rhin,1,90,7.79462,48.50185
67,Bas-Rhin,1,91,7.77077,48.49209
67,Bas-Rhin,1,92,7.76282,48.4505
67,Bas-Rhin,1,93,7.73367,48.39842
67,Bas-Rhin,1,94,7.73102,48.3807
67,Bas-Rhin,1,95,7.74586,48.33332
67,Bas-Rhin,1,96,7.73155,48.31705
67,Bas-Rhin,1,97,7.69339,48.30113
67,Bas-Rhin,1,98,7.68862,48.27762
67,Bas-Rhin,1,99,7.66584,48.22048
67,Bas-Rhin,1,100,7.64623,48.20891
67,Bas-Rhin,1,101,7.62821,48.18215
67,Bas-Rhin,1,102,7.60224,48.15972
67,Bas-Rhin,1,103,7.60065,48.14056
67,Bas-Rhin,1,104,7.57733,48.1203
67,Bas-Rhin,1,105,7.51956,48.12609
67,Bas-Rhin,1,106,7.52009,48.1496
67,Bas-Rhin,1,107,7.46974,48.16045
67,Bas-Rhin,1,108,7.47663,48.20385
67,Bas-Rhin,1,109,7.40985,48.2241
67,Bas-Rhin,1,110,7.39025,48.23567
67,Bas-Rhin,1,111,7.31075,48.25448
67,Bas-Rhin,1,112,7.33195,48.27003
67,Bas-Rhin,1,113,7.29008,48.27256
67,Bas-Rhin,1,114,7.29114,48.2939
67,Bas-Rhin,1,115,7.26941,48.30403
67,Bas-Rhin,1,116,7.24238,48.30222
67,Bas-Rhin,1,117,7.19839,48.31017
67,Bas-Rhin,1,118,7.17083,48.342
67,Bas-Rhin,1,119,7.14115,48.33187
67,Bas-Rhin,1,120,7.07862,48.35104
67,Bas-Rhin,1,121,7.10671,48.376
67,Bas-Rhin,1,122,7.09611,48.42699
67,Bas-Rhin,1,123,7.1189,48.48377
67,Bas-Rhin,1,124,7.09346,48.48919
67,Bas-Rhin,1,125,7.12313,48.51379
72,Sarthe,1,0,-0.38193,47.76082
72,Sarthe,1,1,-0.37504,47.76733
72,Sarthe,1,2,-0.38829,47.80566
72,Sarthe,1,3,-0.4169,47.80241
72,Sarthe,1,4,-0.44817,47.83206
72,Sarthe,1,5,-0.41107,47.84689
72,Sarthe,1,6,-0.36974,47.87872
72,Sarthe,1,7,-0.40419,47.89933
72,Sarthe,1,8,-0.39677,47.92573
72,Sarthe,1,9,-0.31992,47.9355
72,Sarthe,1,10,-0.29342,47.94526
72,Sarthe,1,11,-0.30031,47.97998
72,Sarthe,1,12,-0.31674,48.0053
72,Sarthe,1,13,-0.33847,48.01181
72,Sarthe,1,14,-0.33052,48.0505
72,Sarthe,1,15,-0.31197,48.04689
72,Sarthe,1,16,-0.27169,48.06533
72,Sarthe,1,17,-0.23088,48.05918
72,Sarthe,1,18,-0.2383,48.08558
72,Sarthe,1,19,-0.21763,48.10692
72,Sarthe,1,20,-0.22293,48.12283
72,Sarthe,1,21,-0.24678,48.1279
72,Sarthe,1,22,-0.24678,48.16009
72,Sarthe,1,23,-0.19908,48.17817
72,Sarthe,1,24,-0.16463,48.19987
72,Sarthe,1,25,-0.14661,48.22663
72,Sarthe,1,26,-0.16145,48.23893
72,Sarthe,1,27,-0.14131,48.30547
72,Sarthe,1,28,-0.15509,48.31415
72,Sarthe,1,29,-0.15774,48.3344
72,Sarthe,1,30,-0.13389,48.34815
72,Sarthe,1,31,-0.13654,48.36442
72,Sarthe,1,32,-0.11217,48.37419
72,Sarthe,1,33,-0.07984,48.37238
72,Sarthe,1,34,-0.05493,48.38214
72,Sarthe,1,35,-0.03638,48.3807
72,Sarthe,1,36,-0.00246,48.39769
72,Sarthe,1,37,0.02033,48.38034
72,Sarthe,1,38,0.0622,48.38287
72,Sarthe,1,39,0.06538,48.40493
72,Sarthe,1,40,0.09983,48.41035
72,Sarthe,1,41,0.11626,48.43603
72,Sarthe,1,42,0.15335,48.43784
72,Sarthe,1,43,0.17243,48.46496
72,Sarthe,1,44,0.18992,48.46207
72,Sarthe,1,45,0.21801,48.474
72,Sarthe,1,46,0.25034,48.47437
72,Sarthe,1,47,0.26571,48.48485
72,Sarthe,1,48,0.32719,48.47039
72,Sarthe,1,49,0.35846,48.45592
72,Sarthe,1,50,0.38019,48.42554
72,Sarthe,1,51,0.37277,48.40384
72,Sarthe,1,52,0.38761,48.34742
72,Sarthe,1,53,0.38231,48.33404
72,Sarthe,1,54,0.40616,48.31488
72,Sarthe,1,55,0.43106,48.30656
72,Sarthe,1,56,0.50738,48.29535
72,Sarthe,1,57,0.49307,48.28413
72,Sarthe,1,58,0.536,48.24978
72,Sarthe,1,59,0.57893,48.24435
72,Sarthe,1,60,0.62451,48.24544
72,Sarthe,1,61,0.65154,48.26424
72,Sarthe,1,62,0.6844,48.25412
72,Sarthe,1,63,0.68599,48.24435
72,Sarthe,1,64,0.72361,48.19842
72,Sarthe,1,65,0.75541,48.18251
72,Sarthe,1,66,0.79781,48.1948
72,Sarthe,1,67,0.83279,48.16913
72,Sarthe,1,68,0.87784,48.16226
72,Sarthe,1,69,0.91176,48.14887
72,Sarthe,1,70,0.91547,48.1373
72,Sarthe,1,71,0.85028,48.13332
72,Sarthe,1,72,0.85505,48.12283
72,Sarthe,1,73,0.84127,48.10294
72,Sarthe,1,74,0.84339,48.07256
72,Sarthe,1,75,0.80258,48.07148
72,Sarthe,1,76,0.79728,48.03712
72,Sarthe,1,77,0.8418,48.0288
72,Sarthe,1,78,0.82431,47.98179
72,Sarthe,1,79,0.84816,47.94201
72,Sarthe,1,80,0.81636,47.93441
72,Sarthe,1,81,0.81106,47.9062
72,Sarthe,1,82,0.78986,47.91199
72,Sarthe,1,83,0.75965,47.89969
72,Sarthe,1,84,0.75753,47.88378
72,Sarthe,1,85,0.77449,47.84002
72,Sarthe,1,86,0.74534,47.82628
72,Sarthe,1,87,0.73951,47.81145
72,Sarthe,1,88,0.71195,47.78722
72,Sarthe,1,89,0.69712,47.76443
72,Sarthe,1,90,0.67486,47.76877
72,Sarthe,1,91,0.64624,47.75322
72,Sarthe,1,92,0.62663,47.75177
72,Sarthe,1,93,0.61126,47.7279
72,Sarthe,1,94,0.58052,47.71235
72,Sarthe,1,95,0.61497,47.69427
72,Sarthe,1,96,0.61497,47.68306
72,Sarthe,1,97,0.58423,47.66859
72,Sarthe,1,98,0.49678,47.64617
72,Sarthe,1,99,0.46498,47.64508
72,Sarthe,1,100,0.45173,47.62194
72,Sarthe,1,101,0.42418,47.61796
72,Sarthe,1,102,0.39609,47.64111
72,Sarthe,1,103,0.36482,47.62085
72,Sarthe,1,104,0.39662,47.59409
72,Sarthe,1,105,0.40245,47.57854
72,Sarthe,1,106,0.3786,47.56841
72,Sarthe,1,107,0.33885,47.57962
72,Sarthe,1,108,0.32189,47.59554
72,Sarthe,1,109,0.28373,47.59771
72,Sarthe,1,110,0.25935,47.61217
72,Sarthe,1,111,0.22967,47.60856
72,Sarthe,1,112,0.18568,47.61651
72,Sarthe,1,113,0.1825,47.59662
72,Sarthe,1,114,0.15123,47.58179
72,Sarthe,1,115,0.11573,47.60566
72,Sarthe,1,116,0.05319,47.60566
72,Sarthe,1,117,0.00973,47.62375
72,Sarthe,1,118,-0.00458,47.64762
72,Sarthe,1,119,-0.03002,47.64653
72,Sarthe,1,120,-0.06818,47.65521
72,Sarthe,1,121,-0.11482,47.64472
72,Sarthe,1,122,-0.13442,47.63243
72,Sarthe,1,123,-0.1588,47.64689
72,Sarthe,1,124,-0.19431,47.64834
72,Sarthe,1,125,-0.19431,47.65955
72,Sarthe,1,126,-0.21975,47.68776
72,Sarthe,1,127,-0.18212,47.70621
72,Sarthe,1,128,-0.20226,47.72501
72,Sarthe,1,129,-0.233,47.70729
72,Sarthe,1,130,-0.25208,47.70729
72,Sarthe,1,131,-0.28547,47.71959
72,Sarthe,1,132,-0.3284,47.72103
72,Sarthe,1,133,-0.35649,47.73044
72,Sarthe,1,134,-0.38193,47.76082
33,Gironde,1,0,-1.25374,44.46756
33,Gironde,1,1,-1.25003,44.49505
33,Gironde,1,2,-1.25745,44.52542
33,Gironde,1,3,-1.23732,44.56557
33,Gironde,1,4,-1.20658,44.61005
33,Gironde,1,5,-1.20446,44.63862
33,Gironde,1,6,-1.18962,44.66177
33,Gironde,1,7,-1.16365,44.6643
33,Gironde,1,8,-1.11754,44.6473
33,Gironde,1,9,-1.08044,44.64043
33,Gironde,1,10,-1.03857,44.65381
33,Gironde,1,11,-1.0126,44.65454
33,Gironde,1,12,-1.02214,44.67334
33,Gironde,1,13,-1.0497,44.68202
33,Gironde,1,14,-1.05341,44.70372
33,Gironde,1,15,-1.10853,44.74423
33,Gironde,1,16,-1.11807,44.74423
33,Gironde,1,17,-1.16206,44.77605
33,Gironde,1,18,-1.19121,44.73085
33,Gironde,1,19,-1.22301,44.70553
33,Gironde,1,20,-1.23679,44.68311
33,Gironde,1,21,-1.24473,44.62307
33,Gironde,1,22,-1.26063,44.64296
33,Gironde,1,23,-1.25162,44.71059
33,Gironde,1,24,-1.22407,44.85453
33,Gironde,1,25,-1.20393,44.98473
33,Gironde,1,26,-1.18644,45.12867
33,Gironde,1,27,-1.161,45.30371
33,Gironde,1,28,-1.15835,45.35651
33,Gironde,1,29,-1.16047,45.4057
33,Gironde,1,30,-1.1504,45.44114
33,Gironde,1,31,-1.15252,45.48418
33,Gironde,1,32,-1.13026,45.51528
33,Gironde,1,33,-1.10376,45.53951
33,Gironde,1,34,-1.09051,45.56628
33,Gironde,1,35,-1.06083,45.56157
33,Gironde,1,36,-1.04387,45.5406
33,Gironde,1,37,-1.03857,45.51456
33,Gironde,1,38,-0.99988,45.48924
33,Gironde,1,39,-0.97232,45.46429
33,Gironde,1,40,-0.93364,45.4415
33,Gironde,1,41,-0.84195,45.3793
33,Gironde,1,42,-0.80962,45.35181
33,Gironde,1,43,-0.78736,45.32071
33,Gironde,1,44,-0.7651,45.2802
33,Gironde,1,45,-0.75185,45.24585
33,Gironde,1,46,-0.73489,45.18039
33,Gironde,1,47,-0.71157,45.13192
33,Gironde,1,48,-0.68666,45.08925
33,Gironde,1,49,-0.65116,45.04947
33,Gironde,1,50,-0.6289,45.03102
33,Gironde,1,51,-0.59392,45.04296
33,Gironde,1,52,-0.63155,45.07189
33,Gironde,1,53,-0.66388,45.12325
33,Gironde,1,54,-0.67395,45.17749
33,Gironde,1,55,-0.71104,45.30371
33,Gironde,1,56,-0.72005,45.32722
33,Gironde,1,57,-0.64957,45.32252
33,Gironde,1,58,-0.63632,45.31818
33,Gironde,1,59,-0.59445,45.32107
33,Gironde,1,60,-0.56901,45.33156
33,Gironde,1,61,-0.56795,45.29756
33,Gironde,1,62,-0.51336,45.28635
33,Gironde,1,63,-0.48633,45.29359
33,Gironde,1,64,-0.44075,45.28382
33,Gironde,1,65,-0.41584,45.26718
33,Gironde,1,66,-0.42485,45.24838
33,Gironde,1,67,-0.40525,45.2397
33,Gironde,1,68,-0.42114,45.2086
33,Gironde,1,69,-0.40313,45.19051
33,Gironde,1,70,-0.39094,45.15543
33,Gironde,1,71,-0.36338,45.17026
33,Gironde,1,72,-0.2754,45.14133
33,Gironde,1,73,-0.24572,45.10806
33,Gironde,1,74,-0.21869,45.10733
33,Gironde,1,75,-0.19484,45.09576
33,Gironde,1,76,-0.14184,45.08997
33,Gironde,1,77,-0.11323,45.11493
33,Gironde,1,78,-0.08779,45.1218
33,Gironde,1,79,-0.05652,45.09938
33,Gironde,1,80,-0.04062,45.10263
33,Gironde,1,81,-0.00352,45.11963
33,Gironde,1,82,0.04153,45.11529
33,Gironde,1,83,0.0516,45.10842
33,Gironde,1,84,0.07333,45.07008
33,Gironde,1,85,0.03623,45.01077
33,Gironde,1,86,0.03994,44.99377
33,Gironde,1,87,0.0092,44.96303
33,Gironde,1,88,0.00549,44.95001
33,Gironde,1,89,0.03464,44.91565
33,Gironde,1,90,-0.02154,44.85056
33,Gironde,1,91,0.02563,44.8473
33,Gironde,1,92,0.03835,44.82849
33,Gironde,1,93,0.06273,44.82596
33,Gironde,1,94,0.10354,44.8332
33,Gironde,1,95,0.17349,44.82705
33,Gironde,1,96,0.1931,44.82126
33,Gironde,1,97,0.20688,44.83971
33,Gironde,1,98,0.22649,44.84694
33,Gironde,1,99,0.25564,44.86755
33,Gironde,1,100,0.27631,44.86755
33,Gironde,1,101,0.315,44.84549
33,Gironde,1,102,0.28744,44.82488
33,Gironde,1,103,0.26359,44.82632
33,Gironde,1,104,0.27366,44.78365
33,Gironde,1,105,0.29698,44.76231
33,Gironde,1,106,0.25617,44.75001
33,Gironde,1,107,0.22649,44.76448
33,Gironde,1,108,0.20105,44.72253
33,Gironde,1,109,0.19204,44.74567
33,Gironde,1,110,0.17296,44.73446
33,Gironde,1,111,0.13799,44.73265
33,Gironde,1,112,0.13799,44.71204
33,Gironde,1,113,0.11785,44.71313
33,Gironde,1,114,0.10036,44.70119
33,Gironde,1,115,0.10725,44.68564
33,Gironde,1,116,0.13428,44.68238
33,Gironde,1,117,0.14488,44.66539
33,Gironde,1,118,0.16289,44.67045
33,Gironde,1,119,0.1825,44.66141
33,Gironde,1,120,0.15441,44.61548
33,Gironde,1,121,0.08605,44.5757
33,Gironde,1,122,0.06379,44.55074
33,Gironde,1,123,0.03782,44.55436
33,Gironde,1,124,0.01821,44.53049
33,Gironde,1,125,-0.01571,44.50553
33,Gironde,1,126,-0.012,44.46069
33,Gironde,1,127,0.00496,44.45671
33,Gironde,1,128,-0.01041,44.41874
33,Gironde,1,129,0.01874,44.38944
33,Gironde,1,130,-0.02949,44.36051
33,Gironde,1,131,-0.07878,44.35364
33,Gironde,1,132,-0.08567,44.33772
33,Gironde,1,133,-0.0597,44.32145
33,Gironde,1,134,-0.03479,44.29686
33,Gironde,1,135,-0.0332,44.2719
33,Gironde,1,136,-0.05334,44.26575
33,Gironde,1,137,-0.09044,44.23827
33,Gironde,1,138,-0.12012,44.23682
33,Gironde,1,139,-0.14078,44.22633
33,Gironde,1,140,-0.16622,44.24116
33,Gironde,1,141,-0.18901,44.26756
33,Gironde,1,142,-0.22611,44.26467
33,Gironde,1,143,-0.22346,44.20608
33,Gironde,1,144,-0.27169,44.19378
33,Gironde,1,145,-0.31038,44.20319
33,Gironde,1,146,-0.38988,44.20934
33,Gironde,1,147,-0.39677,44.23646
33,Gironde,1,148,-0.38352,44.28637
33,Gironde,1,149,-0.40578,44.28854
33,Gironde,1,150,-0.43015,44.30698
33,Gironde,1,151,-0.43174,44.32253
33,Gironde,1,152,-0.47891,44.32507
33,Gironde,1,153,-0.5176,44.33917
33,Gironde,1,154,-0.5282,44.36449
33,Gironde,1,155,-0.5706,44.38257
33,Gironde,1,156,-0.63155,44.39957
33,Gironde,1,157,-0.62572,44.41259
33,Gironde,1,158,-0.62784,44.44297
33,Gironde,1,159,-0.67607,44.45743
33,Gironde,1,160,-0.69249,44.44044
33,Gironde,1,161,-0.73012,44.44622
33,Gironde,1,162,-0.77252,44.44007
33,Gironde,1,163,-0.77941,44.42922
33,Gironde,1,164,-0.84195,44.41874
33,Gironde,1,165,-0.9082,44.4361
33,Gironde,1,166,-0.91933,44.44333
33,Gironde,1,167,-0.97179,44.42922
33,Gironde,1,168,-1.0073,44.43646
33,Gironde,1,169,-0.9808,44.48275
33,Gironde,1,170,-0.9914,44.51204
33,Gironde,1,171,-1.02638,44.50698
33,Gironde,1,172,-1.08521,44.5323
33,Gironde,1,173,-1.10694,44.50264
33,Gironde,1,174,-1.25374,44.46756
39,Jura,1,0,5.3106,46.44691
39,Jura,1,1,5.32332,46.46246
39,Jura,1,2,5.37261,46.45993
39,Jura,1,3,5.41501,46.47295
39,Jura,1,4,5.41766,46.49935
39,Jura,1,5,5.35989,46.52431
39,Jura,1,6,5.36201,46.57747
39,Jura,1,7,5.40547,46.58181
39,Jura,1,8,5.41925,46.61653
39,Jura,1,9,5.44151,46.63714
39,Jura,1,10,5.41554,46.65523
39,Jura,1,11,5.42137,46.67331
39,Jura,1,12,5.3954,46.68488
39,Jura,1,13,5.39381,46.72864
39,Jura,1,14,5.36095,46.73118
39,Jura,1,15,5.36678,46.75215
39,Jura,1,16,5.3901,46.7706
39,Jura,1,17,5.35671,46.7894
39,Jura,1,18,5.33975,46.79085
39,Jura,1,19,5.33021,46.8111
39,Jura,1,20,5.37526,46.82702
39,Jura,1,21,5.40971,46.83316
39,Jura,1,22,5.46323,46.82846
39,Jura,1,23,5.44416,46.85161
39,Jura,1,24,5.40441,46.86861
39,Jura,1,25,5.39169,46.89392
39,Jura,1,26,5.36678,46.8838
39,Jura,1,27,5.33286,46.88633
39,Jura,1,28,5.31219,46.90983
39,Jura,1,29,5.30742,46.9319
39,Jura,1,30,5.2894,46.94166
39,Jura,1,31,5.26979,46.92792
39,Jura,1,32,5.25548,46.98
39,Jura,1,33,5.28039,46.99844
39,Jura,1,34,5.30318,47.00423
39,Jura,1,35,5.31113,47.01797
39,Jura,1,36,5.27562,47.02701
39,Jura,1,37,5.28834,47.05052
39,Jura,1,38,5.3318,47.07692
39,Jura,1,39,5.38586,47.08198
39,Jura,1,40,5.4113,47.11743
39,Jura,1,41,5.41448,47.13298
39,Jura,1,42,5.43886,47.14455
39,Jura,1,43,5.4574,47.18072
39,Jura,1,44,5.44945,47.20314
39,Jura,1,45,5.47436,47.21327
39,Jura,1,46,5.48284,47.2393
39,Jura,1,47,5.47966,47.25594
39,Jura,1,48,5.51835,47.30404
39,Jura,1,49,5.58407,47.25522
39,Jura,1,50,5.60209,47.26173
39,Jura,1,51,5.64025,47.25558
39,Jura,1,52,5.67629,47.27583
39,Jura,1,53,5.69855,47.26498
39,Jura,1,54,5.71922,47.24111
39,Jura,1,55,5.72081,47.21978
39,Jura,1,56,5.76161,47.19337
39,Jura,1,57,5.78016,47.19265
39,Jura,1,58,5.78758,47.17601
39,Jura,1,59,5.81196,47.16878
39,Jura,1,60,5.8215,47.13876
39,Jura,1,61,5.8056,47.11562
39,Jura,1,62,5.76956,47.08777
39,Jura,1,63,5.78493,47.05486
39,Jura,1,64,5.74836,47.0422
39,Jura,1,65,5.74412,47.02231
39,Jura,1,66,5.7632,47.01146
39,Jura,1,67,5.79553,47.02629
39,Jura,1,68,5.82892,47.01218
39,Jura,1,69,5.88192,47.00495
39,Jura,1,70,5.92167,46.98325
39,Jura,1,71,5.96619,46.98072
39,Jura,1,72,5.97944,46.96336
39,Jura,1,73,5.96407,46.94853
39,Jura,1,74,5.99693,46.9337
39,Jura,1,75,5.98421,46.90694
39,Jura,1,76,6.01229,46.88633
39,Jura,1,77,6.00593,46.87295
39,Jura,1,78,6.04674,46.84582
39,Jura,1,79,6.06423,46.85956
39,Jura,1,80,6.09073,46.84184
39,Jura,1,81,6.15168,46.81978
39,Jura,1,82,6.20733,46.76517
39,Jura,1,83,6.18136,46.74239
39,Jura,1,84,6.13896,46.72503
39,Jura,1,85,6.11299,46.70803
39,Jura,1,86,6.07112,46.68995
39,Jura,1,87,6.10398,46.6498
39,Jura,1,88,6.05946,46.62593
39,Jura,1,89,6.04833,46.60785
39,Jura,1,90,6.12359,46.5583
39,Jura,1,91,6.1379,46.55794
39,Jura,1,92,6.15645,46.54528
39,Jura,1,93,6.11246,46.50948
39,Jura,1,94,6.09709,46.48127
39,Jura,1,95,6.07324,46.46427
39,Jura,1,96,6.08543,46.44076
39,Jura,1,97,6.0637,46.41653
39,Jura,1,98,6.01176,46.37567
39,Jura,1,99,5.98315,46.36192
39,Jura,1,100,5.94128,46.31021
39,Jura,1,101,5.92591,46.31382
39,Jura,1,102,5.90895,46.28381
39,Jura,1,103,5.89464,46.2867
39,Jura,1,104,5.87821,46.26898
39,Jura,1,105,5.82627,46.26174
39,Jura,1,106,5.76532,46.26825
39,Jura,1,107,5.72505,46.26066
39,Jura,1,108,5.71604,46.27983
39,Jura,1,109,5.71445,46.30912
39,Jura,1,110,5.69219,46.30948
39,Jura,1,111,5.67258,46.32142
39,Jura,1,112,5.63071,46.3301
39,Jura,1,113,5.61163,46.3254
39,Jura,1,114,5.59679,46.29646
39,Jura,1,115,5.56605,46.29393
39,Jura,1,116,5.54591,46.27296
39,Jura,1,117,5.51146,46.26464
39,Jura,1,118,5.46747,46.26862
39,Jura,1,119,5.45899,46.28272
39,Jura,1,120,5.47542,46.31527
39,Jura,1,121,5.46694,46.32323
39,Jura,1,122,5.43727,46.31527
39,Jura,1,123,5.42349,46.34782
39,Jura,1,124,5.39964,46.3395
39,Jura,1,125,5.37367,46.35216
39,Jura,1,126,5.36254,46.36952
39,Jura,1,127,5.37632,46.38218
39,Jura,1,128,5.34187,46.40171
39,Jura,1,129,5.29894,46.41256
39,Jura,1,130,5.32067,46.43028
39,Jura,1,131,5.3106,46.44691
82,Tarn-et-Garonne,1,0,0.74163,44.0654
82,Tarn-et-Garonne,1,1,0.73845,44.07552
82,Tarn-et-Garonne,1,2,0.75594,44.10699
82,Tarn-et-Garonne,1,3,0.77502,44.11675
82,Tarn-et-Garonne,1,4,0.79622,44.1153
82,Tarn-et-Garonne,1,5,0.79516,44.14568
82,Tarn-et-Garonne,1,6,0.81954,44.14388
82,Tarn-et-Garonne,1,7,0.86671,44.12652
82,Tarn-et-Garonne,1,8,0.88844,44.14749
82,Tarn-et-Garonne,1,9,0.89056,44.16992
82,Tarn-et-Garonne,1,10,0.85293,44.17498
82,Tarn-et-Garonne,1,11,0.86618,44.19342
82,Tarn-et-Garonne,1,12,0.90646,44.19053
82,Tarn-et-Garonne,1,13,0.92925,44.23031
82,Tarn-et-Garonne,1,14,0.91865,44.23827
82,Tarn-et-Garonne,1,15,0.95098,44.27516
82,Tarn-et-Garonne,1,16,0.92554,44.28709
82,Tarn-et-Garonne,1,17,0.91653,44.30228
82,Tarn-et-Garonne,1,18,0.8948,44.29686
82,Tarn-et-Garonne,1,19,0.86936,44.31132
82,Tarn-et-Garonne,1,20,0.89586,44.3464
82,Tarn-et-Garonne,1,21,0.88685,44.36557
82,Tarn-et-Garonne,1,22,0.9001,44.38112
82,Tarn-et-Garonne,1,23,0.91971,44.38438
82,Tarn-et-Garonne,1,24,0.95098,44.36051
82,Tarn-et-Garonne,1,25,0.98225,44.3587
82,Tarn-et-Garonne,1,26,0.99655,44.36919
82,Tarn-et-Garonne,1,27,1.04849,44.36232
82,Tarn-et-Garonne,1,28,1.06439,44.37859
82,Tarn-et-Garonne,1,29,1.10255,44.39197
82,Tarn-et-Garonne,1,30,1.13223,44.39378
82,Tarn-et-Garonne,1,31,1.1317,44.37208
82,Tarn-et-Garonne,1,32,1.10414,44.3681
82,Tarn-et-Garonne,1,33,1.08824,44.34785
82,Tarn-et-Garonne,1,34,1.11103,44.33953
82,Tarn-et-Garonne,1,35,1.1105,44.32326
82,Tarn-et-Garonne,1,36,1.15131,44.30735
82,Tarn-et-Garonne,1,37,1.18152,44.30988
82,Tarn-et-Garonne,1,38,1.17728,44.29324
82,Tarn-et-Garonne,1,39,1.23611,44.27624
82,Tarn-et-Garonne,1,40,1.2838,44.29071
82,Tarn-et-Garonne,1,41,1.30129,44.28818
82,Tarn-et-Garonne,1,42,1.29758,44.25997
82,Tarn-et-Garonne,1,43,1.28168,44.23574
82,Tarn-et-Garonne,1,44,1.30235,44.22923
82,Tarn-et-Garonne,1,45,1.32938,44.23067
82,Tarn-et-Garonne,1,46,1.35747,44.20319
82,Tarn-et-Garonne,1,47,1.38132,44.22525
82,Tarn-et-Garonne,1,48,1.42584,44.24189
82,Tarn-et-Garonne,1,49,1.45287,44.25707
82,Tarn-et-Garonne,1,50,1.47301,44.2842
82,Tarn-et-Garonne,1,51,1.48732,44.27226
82,Tarn-et-Garonne,1,52,1.50905,44.27371
82,Tarn-et-Garonne,1,53,1.5223,44.2625
82,Tarn-et-Garonne,1,54,1.52071,44.24514
82,Tarn-et-Garonne,1,55,1.53926,44.2285
82,Tarn-et-Garonne,1,56,1.57529,44.23899
82,Tarn-et-Garonne,1,57,1.5843,44.25237
82,Tarn-et-Garonne,1,58,1.56946,44.29867
82,Tarn-et-Garonne,1,59,1.61663,44.29722
82,Tarn-et-Garonne,1,60,1.6161,44.27805
82,Tarn-et-Garonne,1,61,1.64207,44.27046
82,Tarn-et-Garonne,1,62,1.65161,44.28673
82,Tarn-et-Garonne,1,63,1.70249,44.31458
82,Tarn-et-Garonne,1,64,1.78305,44.32796
82,Tarn-et-Garonne,1,65,1.81432,44.32796
82,Tarn-et-Garonne,1,66,1.88215,44.34026
82,Tarn-et-Garonne,1,67,1.85936,44.32073
82,Tarn-et-Garonne,1,68,1.88003,44.30481
82,Tarn-et-Garonne,1,69,1.8689,44.29216
82,Tarn-et-Garonne,1,70,1.90176,44.27914
82,Tarn-et-Garonne,1,71,1.95794,44.28058
82,Tarn-et-Garonne,1,72,1.97066,44.27624
82,Tarn-et-Garonne,1,73,1.96218,44.24225
82,Tarn-et-Garonne,1,74,1.9431,44.24767
82,Tarn-et-Garonne,1,75,1.90865,44.21331
82,Tarn-et-Garonne,1,76,1.9113,44.18547
82,Tarn-et-Garonne,1,77,1.95476,44.18474
82,Tarn-et-Garonne,1,78,1.99027,44.14966
82,Tarn-et-Garonne,1,79,1.97013,44.14279
82,Tarn-et-Garonne,1,80,1.91925,44.16304
82,Tarn-et-Garonne,1,81,1.91183,44.13303
82,Tarn-et-Garonne,1,82,1.86943,44.14243
82,Tarn-et-Garonne,1,83,1.80584,44.12652
82,Tarn-et-Garonne,1,84,1.77033,44.09795
82,Tarn-et-Garonne,1,85,1.7486,44.1135
82,Tarn-et-Garonne,1,86,1.72263,44.11711
82,Tarn-et-Garonne,1,87,1.6585,44.11675
82,Tarn-et-Garonne,1,88,1.6532,44.0965
82,Tarn-et-Garonne,1,89,1.67016,44.08927
82,Tarn-et-Garonne,1,90,1.66433,44.06901
82,Tarn-et-Garonne,1,91,1.69613,44.05816
82,Tarn-et-Garonne,1,92,1.70461,44.04442
82,Tarn-et-Garonne,1,93,1.69295,44.02923
82,Tarn-et-Garonne,1,94,1.66486,44.01151
82,Tarn-et-Garonne,1,95,1.65426,43.99306
82,Tarn-et-Garonne,1,96,1.6373,43.99487
82,Tarn-et-Garonne,1,97,1.61875,43.97426
82,Tarn-et-Garonne,1,98,1.61928,43.95907
82,Tarn-et-Garonne,1,99,1.56681,43.96522
82,Tarn-et-Garonne,1,100,1.54191,43.94569
82,Tarn-et-Garonne,1,101,1.57529,43.93918
82,Tarn-et-Garonne,1,102,1.57423,43.92399
82,Tarn-et-Garonne,1,103,1.55568,43.9182
82,Tarn-et-Garonne,1,104,1.53714,43.92073
82,Tarn-et-Garonne,1,105,1.52336,43.90374
82,Tarn-et-Garonne,1,106,1.50163,43.89252
82,Tarn-et-Garonne,1,107,1.47354,43.9012
82,Tarn-et-Garonne,1,108,1.44863,43.87191
82,Tarn-et-Garonne,1,109,1.41842,43.87119
82,Tarn-et-Garonne,1,110,1.40835,43.88276
82,Tarn-et-Garonne,1,111,1.35694,43.88457
82,Tarn-et-Garonne,1,112,1.34846,43.86902
82,Tarn-et-Garonne,1,113,1.35959,43.85166
82,Tarn-et-Garonne,1,114,1.34793,43.83828
82,Tarn-et-Garonne,1,115,1.36012,43.8173
82,Tarn-et-Garonne,1,116,1.27479,43.78547
82,Tarn-et-Garonne,1,117,1.22021,43.77137
82,Tarn-et-Garonne,1,118,1.2165,43.79198
82,Tarn-et-Garonne,1,119,1.18311,43.79415
82,Tarn-et-Garonne,1,120,1.14442,43.82236
82,Tarn-et-Garonne,1,121,1.11527,43.79777
82,Tarn-et-Garonne,1,122,1.08294,43.81585
82,Tarn-et-Garonne,1,123,1.05909,43.79849
82,Tarn-et-Garonne,1,124,1.01775,43.80175
82,Tarn-et-Garonne,1,125,0.97695,43.78656
82,Tarn-et-Garonne,1,126,0.95363,43.78728
82,Tarn-et-Garonne,1,127,0.93932,43.79198
82,Tarn-et-Garonne,1,128,0.91017,43.78403
82,Tarn-et-Garonne,1,129,0.89745,43.78873
82,Tarn-et-Garonne,1,130,0.90699,43.81224
82,Tarn-et-Garonne,1,131,0.92501,43.82996
82,Tarn-et-Garonne,1,132,0.89533,43.83972
82,Tarn-et-Garonne,1,133,0.91017,43.85383
82,Tarn-et-Garonne,1,134,0.88367,43.87553
82,Tarn-et-Garonne,1,135,0.8842,43.89072
82,Tarn-et-Garonne,1,136,0.90434,43.89867
82,Tarn-et-Garonne,1,137,0.86035,43.92218
82,Tarn-et-Garonne,1,138,0.83809,43.91712
82,Tarn-et-Garonne,1,139,0.80947,43.93267
82,Tarn-et-Garonne,1,140,0.76972,43.92218
82,Tarn-et-Garonne,1,141,0.75965,43.94496
82,Tarn-et-Garonne,1,142,0.78509,43.95618
82,Tarn-et-Garonne,1,143,0.80099,43.97715
82,Tarn-et-Garonne,1,144,0.82696,43.99596
82,Tarn-et-Garonne,1,145,0.81265,44.02453
82,Tarn-et-Garonne,1,146,0.84445,44.02778
82,Tarn-et-Garonne,1,147,0.8524,44.03646
82,Tarn-et-Garonne,1,148,0.81954,44.05635
82,Tarn-et-Garonne,1,149,0.76389,44.02959
82,Tarn-et-Garonne,1,150,0.7517,44.06359
82,Tarn-et-Garonne,1,151,0.74163,44.0654
43,Haute-Loire,1,0,3.36133,44.97135
43,Haute-Loire,1,1,3.3608,44.98943
43,Haute-Loire,1,2,3.33695,45.02524
43,Haute-Loire,1,3,3.31045,45.02126
43,Haute-Loire,1,4,3.29773,45.03934
43,Haute-Loire,1,5,3.29985,45.06068
43,Haute-Loire,1,6,3.31416,45.08491
43,Haute-Loire,1,7,3.29084,45.08816
43,Haute-Loire,1,8,3.30197,45.10733
43,Haute-Loire,1,9,3.32582,45.09504
43,Haute-Loire,1,10,3.34543,45.10986
43,Haute-Loire,1,11,3.28819,45.12035
43,Haute-Loire,1,12,3.26805,45.15399
43,Haute-Loire,1,13,3.26063,45.1822
43,Haute-Loire,1,14,3.27229,45.20968
43,Haute-Loire,1,15,3.23519,45.21981
43,Haute-Loire,1,16,3.22459,45.24946
43,Haute-Loire,1,17,3.22724,45.26755
43,Haute-Loire,1,18,3.21241,45.28093
43,Haute-Loire,1,19,3.18326,45.27948
43,Haute-Loire,1,20,3.16047,45.29539
43,Haute-Loire,1,21,3.12284,45.28599
43,Haute-Loire,1,22,3.09369,45.29069
43,Haute-Loire,1,23,3.11436,45.31131
43,Haute-Loire,1,24,3.11118,45.35
43,Haute-Loire,1,25,3.10376,45.35398
43,Haute-Loire,1,26,3.16789,45.35217
43,Haute-Loire,1,27,3.23625,45.3916
43,Haute-Loire,1,28,3.25321,45.3887
43,Haute-Loire,1,29,3.2866,45.39991
43,Haute-Loire,1,30,3.30886,45.41872
43,Haute-Loire,1,31,3.32635,45.40028
43,Haute-Loire,1,32,3.34649,45.42053
43,Haute-Loire,1,33,3.38783,45.40281
43,Haute-Loire,1,34,3.42016,45.39738
43,Haute-Loire,1,35,3.46309,45.40172
43,Haute-Loire,1,36,3.47687,45.41836
43,Haute-Loire,1,37,3.50124,45.42776
43,Haute-Loire,1,38,3.52138,45.40244
43,Haute-Loire,1,39,3.56431,45.39521
43,Haute-Loire,1,40,3.58816,45.37496
43,Haute-Loire,1,41,3.59081,45.35688
43,Haute-Loire,1,42,3.61837,45.33735
43,Haute-Loire,1,43,3.65229,45.35868
43,Haute-Loire,1,44,3.66713,45.37677
43,Haute-Loire,1,45,3.68356,45.37785
43,Haute-Loire,1,46,3.70158,45.3623
43,Haute-Loire,1,47,3.76412,45.3529
43,Haute-Loire,1,48,3.78743,45.35832
43,Haute-Loire,1,49,3.79962,45.39051
43,Haute-Loire,1,50,3.83619,45.38292
43,Haute-Loire,1,51,3.83672,45.36664
43,Haute-Loire,1,52,3.87064,45.35543
43,Haute-Loire,1,53,3.89767,45.35688
43,Haute-Loire,1,54,3.91516,45.35109
43,Haute-Loire,1,55,3.93795,45.37207
43,Haute-Loire,1,56,3.98035,45.37496
43,Haute-Loire,1,57,4.00208,45.35579
43,Haute-Loire,1,58,4.0148,45.33373
43,Haute-Loire,1,59,4.04342,45.35579
43,Haute-Loire,1,60,4.07521,45.35217
43,Haute-Loire,1,61,4.1192,45.36917
43,Haute-Loire,1,62,4.15418,45.36447
43,Haute-Loire,1,63,4.14729,45.38255
43,Haute-Loire,1,64,4.1775,45.39232
43,Haute-Loire,1,65,4.20294,45.38328
43,Haute-Loire,1,66,4.22679,45.39015
43,Haute-Loire,1,67,4.27131,45.35977
43,Haute-Loire,1,68,4.30629,45.36158
43,Haute-Loire,1,69,4.33014,45.36917
43,Haute-Loire,1,70,4.35345,45.35543
43,Haute-Loire,1,71,4.36829,45.33698
43,Haute-Loire,1,72,4.33173,45.31854
43,Haute-Loire,1,73,4.36935,45.29973
43,Haute-Loire,1,74,4.35398,45.27731
43,Haute-Loire,1,75,4.3614,45.26574
43,Haute-Loire,1,76,4.39638,45.26574
43,Haute-Loire,1,77,4.41864,45.2755
43,Haute-Loire,1,78,4.4833,45.23644
43,Haute-Loire,1,79,4.48065,45.19558
43,Haute-Loire,1,80,4.44779,45.15796
43,Haute-Loire,1,81,4.43984,45.12252
43,Haute-Loire,1,82,4.41122,45.14097
43,Haute-Loire,1,83,4.37624,45.14422
43,Haute-Loire,1,84,4.36935,45.12867
43,Haute-Loire,1,85,4.40009,45.11854
43,Haute-Loire,1,86,4.39956,45.10444
43,Haute-Loire,1,87,4.35928,45.09974
43,Haute-Loire,1,88,4.34868,45.06502
43,Haute-Loire,1,89,4.37889,45.05236
43,Haute-Loire,1,90,4.37889,45.03609
43,Haute-Loire,1,91,4.35239,45.02813
43,Haute-Loire,1,92,4.3153,45.03066
43,Haute-Loire,1,93,4.29728,45.01873
43,Haute-Loire,1,94,4.29039,44.9963
43,Haute-Loire,1,95,4.30947,44.97243
43,Haute-Loire,1,96,4.25117,44.95869
43,Haute-Loire,1,97,4.22202,44.96158
43,Haute-Loire,1,98,4.21672,44.93337
43,Haute-Loire,1,99,4.18227,44.90589
43,Haute-Loire,1,100,4.17803,44.886
43,Haute-Loire,1,101,4.1563,44.87334
43,Haute-Loire,1,102,4.11708,44.87876
43,Haute-Loire,1,103,4.08793,44.87045
43,Haute-Loire,1,104,4.03971,44.87334
43,Haute-Loire,1,105,4.0201,44.84585
43,Haute-Loire,1,106,4.02858,44.83283
43,Haute-Loire,1,107,3.99996,44.82596
43,Haute-Loire,1,108,3.9883,44.8332
43,Haute-Loire,1,109,3.94431,44.8209
43,Haute-Loire,1,110,3.92152,44.76774
43,Haute-Loire,1,111,3.87594,44.75725
43,Haute-Loire,1,112,3.86269,44.74387
43,Haute-Loire,1,113,3.82983,44.75472
43,Haute-Loire,1,114,3.84255,44.76737
43,Haute-Loire,1,115,3.80333,44.78112
43,Haute-Loire,1,116,3.76147,44.80173
43,Haute-Loire,1,117,3.74822,44.83175
43,Haute-Loire,1,118,3.70211,44.83645
43,Haute-Loire,1,119,3.66607,44.82849
43,Haute-Loire,1,120,3.67137,44.85236
43,Haute-Loire,1,121,3.65494,44.87406
43,Haute-Loire,1,122,3.63003,44.88057
43,Haute-Loire,1,123,3.59611,44.87696
43,Haute-Loire,1,124,3.59558,44.85273
43,Haute-Loire,1,125,3.57862,44.8256
43,Haute-Loire,1,126,3.53834,44.82813
43,Haute-Loire,1,127,3.50601,44.82415
43,Haute-Loire,1,128,3.47846,44.80969
43,Haute-Loire,1,129,3.44189,44.85417
43,Haute-Loire,1,130,3.43606,44.88021
43,Haute-Loire,1,131,3.41062,44.91782
43,Haute-Loire,1,132,3.41539,44.94133
43,Haute-Loire,1,133,3.38889,44.95146
43,Haute-Loire,1,134,3.36133,44.97135
80,Somme,1,0,1.38026,50.06566
80,Somme,1,1,1.45446,50.11014
80,Somme,1,2,1.4799,50.16656
80,Somme,1,3,1.50428,50.19658
80,Somme,1,4,1.53502,50.21322
80,Somme,1,5,1.55727,50.2096
80,Somme,1,6,1.59331,50.18428
80,Somme,1,7,1.62723,50.19043
80,Somme,1,8,1.67652,50.17597
80,Somme,1,9,1.68871,50.1879
80,Somme,1,10,1.67811,50.20888
80,Somme,1,11,1.65585,50.21575
80,Somme,1,12,1.62299,50.21466
80,Somme,1,13,1.58059,50.25553
80,Somme,1,14,1.54561,50.25698
80,Somme,1,15,1.53767,50.28302
80,Somme,1,16,1.55091,50.35788
80,Somme,1,17,1.61345,50.36041
80,Somme,1,18,1.64472,50.35029
80,Somme,1,19,1.66539,50.32967
80,Somme,1,20,1.70514,50.34378
80,Somme,1,21,1.72846,50.34595
80,Somme,1,22,1.76185,50.3615
80,Somme,1,23,1.80478,50.35969
80,Somme,1,24,1.8318,50.34522
80,Somme,1,25,1.87261,50.33256
80,Somme,1,26,1.87632,50.32135
80,Somme,1,27,1.91819,50.31195
80,Somme,1,28,1.94628,50.33184
80,Somme,1,29,1.96377,50.31774
80,Somme,1,30,1.94151,50.29423
80,Somme,1,31,2.00988,50.26891
80,Somme,1,32,2.02631,50.26964
80,Somme,1,33,2.07825,50.24866
80,Somme,1,34,2.06447,50.23889
80,Somme,1,35,2.08514,50.21322
80,Somme,1,36,2.12064,50.21105
80,Somme,1,37,2.15032,50.19188
80,Somme,1,38,2.17364,50.20924
80,Somme,1,39,2.22293,50.2096
80,Somme,1,40,2.25314,50.21503
80,Somme,1,41,2.2701,50.22913
80,Somme,1,42,2.29872,50.21177
80,Somme,1,43,2.3178,50.21937
80,Somme,1,44,2.33317,50.23817
80,Somme,1,45,2.36179,50.20707
80,Somme,1,46,2.37981,50.22479
80,Somme,1,47,2.45188,50.23021
80,Somme,1,48,2.46142,50.21683
80,Somme,1,49,2.49534,50.19477
80,Somme,1,50,2.45082,50.17886
80,Somme,1,51,2.43916,50.18139
80,Somme,1,52,2.40259,50.16475
80,Somme,1,53,2.37557,50.10942
80,Somme,1,54,2.41425,50.10038
80,Somme,1,55,2.43015,50.08845
80,Somme,1,56,2.44976,50.12425
80,Somme,1,57,2.47626,50.13691
80,Somme,1,58,2.51495,50.14089
80,Somme,1,59,2.56848,50.13582
80,Somme,1,60,2.5759,50.1134
80,Somme,1,61,2.62042,50.11087
80,Somme,1,62,2.64904,50.09459
80,Somme,1,63,2.69196,50.0917
80,Somme,1,64,2.73012,50.1257
80,Somme,1,65,2.7492,50.11268
80,Somme,1,66,2.78047,50.11123
80,Somme,1,67,2.78206,50.09098
80,Somme,1,68,2.74231,50.0483
80,Somme,1,69,2.76351,50.03817
80,Somme,1,70,2.8075,50.06277
80,Somme,1,71,2.83294,50.06421
80,Somme,1,72,2.84566,50.07687
80,Somme,1,73,2.87799,50.04288
80,Somme,1,74,2.90714,50.03673
80,Somme,1,75,2.94582,50.05409
80,Somme,1,76,2.96861,50.04251
80,Somme,1,77,3.01472,50.05915
80,Somme,1,78,3.07461,50.04541
80,Somme,1,79,3.09051,50.05373
80,Somme,1,80,3.1186,50.02624
80,Somme,1,81,3.17266,50.01177
80,Somme,1,82,3.15941,49.98971
80,Somme,1,83,3.20287,49.98537
80,Somme,1,84,3.16312,49.96403
80,Somme,1,85,3.16471,49.9474
80,Somme,1,86,3.13609,49.93546
80,Somme,1,87,3.11754,49.91376
80,Somme,1,88,3.12019,49.88411
80,Somme,1,89,3.08892,49.86675
80,Somme,1,90,3.07885,49.82263
80,Somme,1,91,3.08574,49.79189
80,Somme,1,92,3.06295,49.78248
80,Somme,1,93,3.0656,49.77055
80,Somme,1,94,3.09793,49.76657
80,Somme,1,95,3.10058,49.73257
80,Somme,1,96,3.11807,49.70581
80,Somme,1,97,3.05553,49.71304
80,Somme,1,98,3.05553,49.69351
80,Somme,1,99,3.01631,49.6852
80,Somme,1,100,2.9967,49.70762
80,Somme,1,101,2.9294,49.68339
80,Somme,1,102,2.91721,49.70219
80,Somme,1,103,2.8923,49.69894
80,Somme,1,104,2.84725,49.67218
80,Somme,1,105,2.8499,49.66241
80,Somme,1,106,2.79372,49.6559
80,Somme,1,107,2.79743,49.61757
80,Somme,1,108,2.76828,49.61503
80,Somme,1,109,2.7386,49.62733
80,Somme,1,110,2.70733,49.62588
80,Somme,1,111,2.675,49.60563
80,Somme,1,112,2.67076,49.5814
80,Somme,1,113,2.64957,49.57164
80,Somme,1,114,2.62572,49.58719
80,Somme,1,115,2.62731,49.60997
80,Somme,1,116,2.59339,49.61214
80,Somme,1,117,2.58173,49.59948
80,Somme,1,118,2.507,49.63493
80,Somme,1,119,2.47785,49.62082
80,Somme,1,120,2.44552,49.65301
80,Somme,1,121,2.41319,49.66024
80,Somme,1,122,2.37345,49.65626
80,Somme,1,123,2.24731,49.70183
80,Somme,1,124,2.15138,49.70111
80,Somme,1,125,2.12011,49.68845
80,Somme,1,126,2.05493,49.69858
80,Somme,1,127,2.02843,49.71087
80,Somme,1,128,1.97808,49.70979
80,Somme,1,129,1.94893,49.70075
80,Somme,1,130,1.93303,49.71992
80,Somme,1,131,1.89434,49.69966
80,Somme,1,132,1.84929,49.70183
80,Somme,1,133,1.83816,49.70907
80,Somme,1,134,1.83975,49.73945
80,Somme,1,135,1.80955,49.75427
80,Somme,1,136,1.78358,49.75825
80,Somme,1,137,1.75814,49.78031
80,Somme,1,138,1.73376,49.81359
80,Somme,1,139,1.7115,49.88772
80,Somme,1,140,1.69348,49.8946
80,Somme,1,141,1.67281,49.92027
80,Somme,1,142,1.59437,49.94848
80,Somme,1,143,1.57423,49.97344
80,Somme,1,144,1.5276,49.99478
80,Somme,1,145,1.51329,50.01177
80,Somme,1,146,1.45022,50.04468
80,Somme,1,147,1.45923,50.06277
80,Somme,1,148,1.42266,50.07072
80,Somme,1,149,1.40888,50.05698
80,Somme,1,150,1.38026,50.06566
56,Morbihan,1,0,-3.21891,47.29392
56,Morbihan,1,1,-3.24859,47.31381
56,Morbihan,1,2,-3.26131,47.35504
56,Morbihan,1,3,-3.26131,47.37239
56,Morbihan,1,4,-3.24329,47.38614
56,Morbihan,1,5,-3.21838,47.37348
56,Morbihan,1,6,-3.17122,47.36118
56,Morbihan,1,7,-3.16009,47.36372
56,Morbihan,1,8,-3.14525,47.33334
56,Morbihan,1,9,-3.09702,47.31525
56,Morbihan,1,10,-3.06893,47.31706
56,Morbihan,1,11,-3.05833,47.3073
56,Morbihan,1,12,-3.08218,47.28451
56,Morbihan,1,13,-3.12087,47.29066
56,Morbihan,1,14,-3.14154,47.28777
56,Morbihan,1,15,-3.16963,47.30151
56,Morbihan,1,16,-3.21891,47.29392
56,Morbihan,2,0,-3.44681,47.64364
56,Morbihan,2,1,-3.45741,47.62158
56,Morbihan,2,2,-3.50722,47.64038
56,Morbihan,2,3,-3.4892,47.65268
56,Morbihan,2,4,-3.44681,47.64364
56,Morbihan,3,0,-3.52312,47.79734
56,Morbihan,3,1,-3.54008,47.82266
56,Morbihan,3,2,-3.53902,47.83713
56,Morbihan,3,3,-3.49397,47.82664
56,Morbihan,3,4,-3.45794,47.83676
56,Morbihan,3,5,-3.4484,47.86353
56,Morbihan,3,6,-3.42296,47.86931
56,Morbihan,3,7,-3.40017,47.86425
56,Morbihan,3,8,-3.40918,47.9156
56,Morbihan,3,9,-3.38851,47.92971
56,Morbihan,3,10,-3.40335,47.96696
56,Morbihan,3,11,-3.42614,47.96624
56,Morbihan,3,12,-3.47436,47.94924
56,Morbihan,3,13,-3.49715,47.97673
56,Morbihan,3,14,-3.51464,47.97492
56,Morbihan,3,15,-3.56658,47.99228
56,Morbihan,3,16,-3.61269,47.98504
56,Morbihan,3,17,-3.64131,47.98577
56,Morbihan,3,18,-3.66357,48.02266
56,Morbihan,3,19,-3.67417,48.05918
56,Morbihan,3,20,-3.70226,48.06425
56,Morbihan,3,21,-3.70438,48.08667
56,Morbihan,3,22,-3.73353,48.09643
56,Morbihan,3,23,-3.71445,48.14309
56,Morbihan,3,24,-3.6959,48.15213
56,Morbihan,3,25,-3.65244,48.15647
56,Morbihan,3,26,-3.62117,48.1713
56,Morbihan,3,27,-3.56499,48.18576
56,Morbihan,3,28,-3.52736,48.17853
56,Morbihan,3,29,-3.47701,48.18613
56,Morbihan,3,30,-3.42561,48.17057
56,Morbihan,3,31,-3.43621,48.15538
56,Morbihan,3,32,-3.41766,48.14562
56,Morbihan,3,33,-3.33816,48.17094
56,Morbihan,3,34,-3.32597,48.15502
56,Morbihan,3,35,-3.30636,48.15575
56,Morbihan,3,36,-3.28145,48.14164
56,Morbihan,3,37,-3.21202,48.15466
56,Morbihan,3,38,-3.19242,48.16443
56,Morbihan,3,39,-3.15532,48.15864
56,Morbihan,3,40,-3.13041,48.17745
56,Morbihan,3,41,-3.13518,48.19191
56,Morbihan,3,42,-3.11504,48.20674
56,Morbihan,3,43,-3.04137,48.20312
56,Morbihan,3,44,-3.01593,48.19806
56,Morbihan,3,45,-2.99897,48.16117
56,Morbihan,3,46,-2.94279,48.17166
56,Morbihan,3,47,-2.90411,48.16298
56,Morbihan,3,48,-2.84634,48.14128
56,Morbihan,3,49,-2.80394,48.1449
56,Morbihan,3,50,-2.78804,48.1232
56,Morbihan,3,51,-2.77532,48.08703
56,Morbihan,3,52,-2.75147,48.11669
56,Morbihan,3,53,-2.70377,48.11235
56,Morbihan,3,54,-2.67409,48.13224
56,Morbihan,3,55,-2.65236,48.11958
56,Morbihan,3,56,-2.65448,48.08992
56,Morbihan,3,57,-2.67038,48.06497
56,Morbihan,3,58,-2.64812,48.03568
56,Morbihan,3,59,-2.62852,48.03387
56,Morbihan,3,60,-2.58082,48.06714
56,Morbihan,3,61,-2.54796,48.07654
56,Morbihan,3,62,-2.55167,48.09824
56,Morbihan,3,63,-2.51669,48.1279
56,Morbihan,3,64,-2.53418,48.15683
56,Morbihan,3,65,-2.47535,48.16406
56,Morbihan,3,66,-2.42606,48.17419
56,Morbihan,3,67,-2.40539,48.16587
56,Morbihan,3,68,-2.37518,48.13875
56,Morbihan,3,69,-2.37465,48.12573
56,Morbihan,3,70,-2.32113,48.1232
56,Morbihan,3,71,-2.30947,48.13549
56,Morbihan,3,72,-2.28774,48.13368
56,Morbihan,3,73,-2.25488,48.10945
56,Morbihan,3,74,-2.25594,48.06316
56,Morbihan,3,75,-2.23739,48.06316
56,Morbihan,3,76,-2.2199,48.0798
56,Morbihan,3,77,-2.16849,48.07618
56,Morbihan,3,78,-2.1881,48.05376
56,Morbihan,3,79,-2.2464,48.0505
56,Morbihan,3,80,-2.27979,48.02627
56,Morbihan,3,81,-2.28032,47.99119
56,Morbihan,3,82,-2.24057,47.99915
56,Morbihan,3,83,-2.1934,47.99083
56,Morbihan,3,84,-2.1722,47.98034
56,Morbihan,3,85,-2.14676,47.9836
56,Morbihan,3,86,-2.10913,47.95756
56,Morbihan,3,87,-2.0784,47.91922
56,Morbihan,3,88,-2.08581,47.90367
56,Morbihan,3,89,-2.11072,47.89463
56,Morbihan,3,90,-2.11549,47.87908
56,Morbihan,3,91,-2.09641,47.86244
56,Morbihan,3,92,-2.09111,47.84327
56,Morbihan,3,93,-2.05349,47.84978
56,Morbihan,3,94,-2.036,47.83387
56,Morbihan,3,95,-2.04925,47.81687
56,Morbihan,3,96,-2.07045,47.81145
56,Morbihan,3,97,-2.07575,47.78902
56,Morbihan,3,98,-2.11019,47.77854
56,Morbihan,3,99,-2.09482,47.76226
56,Morbihan,3,100,-2.05826,47.73912
56,Morbihan,3,101,-2.10966,47.73586
56,Morbihan,3,102,-2.13139,47.72248
56,Morbihan,3,103,-2.11867,47.70838
56,Morbihan,3,104,-2.12238,47.6827
56,Morbihan,3,105,-2.10383,47.67619
56,Morbihan,3,106,-2.1139,47.6487
56,Morbihan,3,107,-2.09694,47.6317
56,Morbihan,3,108,-2.08528,47.62194
56,Morbihan,3,109,-2.08793,47.60241
56,Morbihan,3,110,-2.10224,47.59554
56,Morbihan,3,111,-2.09641,47.57275
56,Morbihan,3,112,-2.09906,47.53333
56,Morbihan,3,113,-2.1563,47.52212
56,Morbihan,3,114,-2.15418,47.49753
56,Morbihan,3,115,-2.18969,47.49427
56,Morbihan,3,116,-2.19022,47.51236
56,Morbihan,3,117,-2.24375,47.49391
56,Morbihan,3,118,-2.25965,47.51308
56,Morbihan,3,119,-2.29781,47.50621
56,Morbihan,3,120,-2.31371,47.4827
56,Morbihan,3,121,-2.31212,47.46498
56,Morbihan,3,122,-2.34604,47.45775
56,Morbihan,3,123,-2.37783,47.46281
56,Morbihan,3,124,-2.40963,47.45883
56,Morbihan,3,125,-2.42288,47.47728
56,Morbihan,3,126,-2.45892,47.44798
56,Morbihan,3,127,-2.48224,47.44292
56,Morbihan,3,128,-2.49761,47.4563
56,Morbihan,3,129,-2.48807,47.47113
56,Morbihan,3,130,-2.50026,47.4874
56,Morbihan,3,131,-2.43083,47.49427
56,Morbihan,3,132,-2.46475,47.51019
56,Morbihan,3,133,-2.53842,47.52682
56,Morbihan,3,134,-2.55273,47.51199
56,Morbihan,3,135,-2.58983,47.51778
56,Morbihan,3,136,-2.61898,47.50549
56,Morbihan,3,137,-2.66296,47.51959
56,Morbihan,3,138,-2.68681,47.49717
56,Morbihan,3,139,-2.72921,47.50657
56,Morbihan,3,140,-2.80235,47.48813
56,Morbihan,3,141,-2.85005,47.49934
56,Morbihan,3,142,-2.8527,47.51706
56,Morbihan,3,143,-2.89086,47.54418
56,Morbihan,3,144,-2.81984,47.54346
56,Morbihan,3,145,-2.78857,47.55178
56,Morbihan,3,146,-2.77267,47.53876
56,Morbihan,3,147,-2.73027,47.5431
56,Morbihan,3,148,-2.71384,47.57926
56,Morbihan,3,149,-2.72073,47.60349
56,Morbihan,3,150,-2.7785,47.61905
56,Morbihan,3,151,-2.81242,47.6223
56,Morbihan,3,152,-2.83097,47.61434
56,Morbihan,3,153,-2.85959,47.62302
56,Morbihan,3,154,-2.85906,47.60205
56,Morbihan,3,155,-2.88556,47.60386
56,Morbihan,3,156,-2.90517,47.59047
56,Morbihan,3,157,-2.93696,47.59662
56,Morbihan,3,158,-2.96505,47.58867
56,Morbihan,3,159,-2.92901,47.55431
56,Morbihan,3,160,-2.96399,47.55684
56,Morbihan,3,161,-2.97088,47.57058
56,Morbihan,3,162,-3.00427,47.56661
56,Morbihan,3,163,-3.01275,47.58071
56,Morbihan,3,164,-3.04031,47.57926
56,Morbihan,3,165,-3.09437,47.5648
56,Morbihan,3,166,-3.09649,47.58071
56,Morbihan,3,167,-3.13094,47.5959
56,Morbihan,3,168,-3.12299,47.56878
56,Morbihan,3,169,-3.13253,47.54744
56,Morbihan,3,170,-3.13147,47.52718
56,Morbihan,3,171,-3.11822,47.49753
56,Morbihan,3,172,-3.09437,47.4827
56,Morbihan,3,173,-3.12935,47.47511
56,Morbihan,3,174,-3.14048,47.48234
56,Morbihan,3,175,-3.15267,47.52067
56,Morbihan,3,176,-3.13518,47.54491
56,Morbihan,3,177,-3.14048,47.57962
56,Morbihan,3,178,-3.16009,47.60675
56,Morbihan,3,179,-3.19189,47.62194
56,Morbihan,3,180,-3.21361,47.64472
56,Morbihan,3,181,-3.27138,47.67908
56,Morbihan,3,182,-3.29152,47.70548
56,Morbihan,3,183,-3.30689,47.70367
56,Morbihan,3,184,-3.34293,47.71597
56,Morbihan,3,185,-3.36943,47.71561
56,Morbihan,3,186,-3.38798,47.70187
56,Morbihan,3,187,-3.46006,47.70078
56,Morbihan,3,188,-3.49185,47.72573
56,Morbihan,3,189,-3.52471,47.76335
56,Morbihan,3,190,-3.52312,47.79734
79,Deux-Sèvres,1,0,-0.75026,46.30442
79,Deux-Sèvres,1,1,-0.69726,46.32503
79,Deux-Sèvres,1,2,-0.67236,46.31635
79,Deux-Sèvres,1,3,-0.64321,46.31961
79,Deux-Sèvres,1,4,-0.63473,46.33335
79,Deux-Sèvres,1,5,-0.60558,46.34746
79,Deux-Sèvres,1,6,-0.55894,46.3612
79,Deux-Sèvres,1,7,-0.53827,46.38652
79,Deux-Sèvres,1,8,-0.60081,46.41219
79,Deux-Sèvres,1,9,-0.6342,46.39556
79,Deux-Sèvres,1,10,-0.63632,46.43245
79,Deux-Sèvres,1,11,-0.60823,46.45415
79,Deux-Sèvres,1,12,-0.62519,46.49574
79,Deux-Sèvres,1,13,-0.64639,46.51165
79,Deux-Sèvres,1,14,-0.64215,46.52503
79,Deux-Sèvres,1,15,-0.6024,46.53335
79,Deux-Sèvres,1,16,-0.60982,46.55939
79,Deux-Sèvres,1,17,-0.62466,46.57747
79,Deux-Sèvres,1,18,-0.61141,46.58832
79,Deux-Sèvres,1,19,-0.62678,46.60568
79,Deux-Sèvres,1,20,-0.61406,46.62159
79,Deux-Sèvres,1,21,-0.62625,46.63425
79,Deux-Sèvres,1,22,-0.65328,46.64329
79,Deux-Sèvres,1,23,-0.64745,46.67042
79,Deux-Sèvres,1,24,-0.68084,46.68705
79,Deux-Sèvres,1,25,-0.65646,46.70043
79,Deux-Sèvres,1,26,-0.67342,46.72177
79,Deux-Sèvres,1,27,-0.69461,46.73118
79,Deux-Sèvres,1,28,-0.69832,46.75179
79,Deux-Sèvres,1,29,-0.71528,46.75179
79,Deux-Sèvres,1,30,-0.72694,46.7677
79,Deux-Sèvres,1,31,-0.70892,46.82123
79,Deux-Sèvres,1,32,-0.76934,46.83606
79,Deux-Sèvres,1,33,-0.81863,46.88126
79,Deux-Sèvres,1,34,-0.8181,46.90766
79,Deux-Sèvres,1,35,-0.82923,46.93334
79,Deux-Sèvres,1,36,-0.90343,46.97168
79,Deux-Sèvres,1,37,-0.8923,46.97602
79,Deux-Sèvres,1,38,-0.84937,46.97385
79,Deux-Sèvres,1,39,-0.84513,46.98795
79,Deux-Sèvres,1,40,-0.80962,46.99265
79,Deux-Sèvres,1,41,-0.77252,47.00459
79,Deux-Sèvres,1,42,-0.76139,46.99229
79,Deux-Sèvres,1,43,-0.72906,46.99591
79,Deux-Sèvres,1,44,-0.7121,46.98651
79,Deux-Sèvres,1,45,-0.68666,46.98795
79,Deux-Sèvres,1,46,-0.66971,47.00097
79,Deux-Sèvres,1,47,-0.64798,46.99374
79,Deux-Sèvres,1,48,-0.59551,46.99808
79,Deux-Sèvres,1,49,-0.5441,47.03714
79,Deux-Sèvres,1,50,-0.55788,47.06354
79,Deux-Sèvres,1,51,-0.49057,47.08235
79,Deux-Sèvres,1,52,-0.48527,47.0639
79,Deux-Sèvres,1,53,-0.40101,47.07077
79,Deux-Sèvres,1,54,-0.39624,47.09139
79,Deux-Sèvres,1,55,-0.35914,47.09356
79,Deux-Sèvres,1,56,-0.34006,47.08741
79,Deux-Sèvres,1,57,-0.29766,47.09971
79,Deux-Sèvres,1,58,-0.23406,47.10368
79,Deux-Sèvres,1,59,-0.20597,47.0932
79,Deux-Sèvres,1,60,-0.18,47.10802
79,Deux-Sèvres,1,61,-0.14555,47.09175
79,Deux-Sèvres,1,62,-0.16516,47.08235
79,Deux-Sèvres,1,63,-0.13018,47.05486
79,Deux-Sèvres,1,64,-0.1021,47.06535
79,Deux-Sèvres,1,65,-0.08408,47.01725
79,Deux-Sèvres,1,66,-0.08461,46.98904
79,Deux-Sèvres,1,67,-0.05599,46.99482
79,Deux-Sèvres,1,68,-0.03426,46.97855
79,Deux-Sèvres,1,69,-0.04592,46.96661
79,Deux-Sèvres,1,70,-0.01571,46.92683
79,Deux-Sèvres,1,71,-0.00882,46.90803
79,Deux-Sèvres,1,72,-0.02896,46.87909
79,Deux-Sèvres,1,73,0.02563,46.85269
79,Deux-Sèvres,1,74,0.01662,46.83497
79,Deux-Sèvres,1,75,-0.01359,46.84618
79,Deux-Sèvres,1,76,-0.0438,46.83208
79,Deux-Sèvres,1,77,-0.02525,46.81508
79,Deux-Sèvres,1,78,0.00602,46.80857
79,Deux-Sèvres,1,79,-0.02472,46.78687
79,Deux-Sèvres,1,80,-0.01253,46.75432
79,Deux-Sèvres,1,81,0.00337,46.75758
79,Deux-Sèvres,1,82,0.03835,46.7319
79,Deux-Sèvres,1,83,-0.0014,46.71526
79,Deux-Sèvres,1,84,-0.0067,46.68344
79,Deux-Sèvres,1,85,-0.03903,46.66355
79,Deux-Sèvres,1,86,-0.06553,46.62268
79,Deux-Sèvres,1,87,-0.02949,46.62991
79,Deux-Sèvres,1,88,-0.00935,46.61508
79,Deux-Sèvres,1,89,0.02298,46.61436
79,Deux-Sèvres,1,90,0.02669,46.59447
79,Deux-Sèvres,1,91,-0.00405,46.57132
79,Deux-Sèvres,1,92,-0.00988,46.55541
79,Deux-Sèvres,1,93,0.00761,46.54709
79,Deux-Sèvres,1,94,-0.00723,46.52322
79,Deux-Sèvres,1,95,-0.03002,46.51165
79,Deux-Sèvres,1,96,-0.0438,46.47259
79,Deux-Sèvres,1,97,-0.01306,46.47259
79,Deux-Sèvres,1,98,-0.01041,46.44908
79,Deux-Sèvres,1,99,-0.01836,46.40062
79,Deux-Sèvres,1,100,-0.00776,46.38905
79,Deux-Sèvres,1,101,0.01609,46.39086
79,Deux-Sèvres,1,102,0.03411,46.37386
79,Deux-Sèvres,1,103,0.01556,46.35686
79,Deux-Sèvres,1,104,0.03729,46.32576
79,Deux-Sèvres,1,105,0.0781,46.30514
79,Deux-Sèvres,1,106,0.09824,46.33118
79,Deux-Sèvres,1,107,0.12156,46.34529
79,Deux-Sèvres,1,108,0.15388,46.34493
79,Deux-Sèvres,1,109,0.1772,46.32793
79,Deux-Sèvres,1,110,0.15706,46.29863
79,Deux-Sèvres,1,111,0.17243,46.27874
79,Deux-Sèvres,1,112,0.15971,46.26645
79,Deux-Sèvres,1,113,0.12898,46.26753
79,Deux-Sèvres,1,114,0.14223,46.23281
79,Deux-Sèvres,1,115,0.11361,46.2122
79,Deux-Sèvres,1,116,0.11414,46.18616
79,Deux-Sèvres,1,117,0.13958,46.18001
79,Deux-Sèvres,1,118,0.15494,46.15722
79,Deux-Sèvres,1,119,0.18886,46.14927
79,Deux-Sèvres,1,120,0.22013,46.15831
79,Deux-Sèvres,1,121,0.20423,46.12214
79,Deux-Sèvres,1,122,0.18833,46.11129
79,Deux-Sèvres,1,123,0.19734,46.09538
79,Deux-Sèvres,1,124,0.17773,46.08308
79,Deux-Sèvres,1,125,0.13587,46.10406
79,Deux-Sèvres,1,126,0.09718,46.08923
79,Deux-Sèvres,1,127,0.07333,46.09393
79,Deux-Sèvres,1,128,0.01927,46.05271
79,Deux-Sèvres,1,129,-0.02472,46.05668
79,Deux-Sèvres,1,130,-0.03691,46.0433
79,Deux-Sèvres,1,131,-0.02154,46.02884
79,Deux-Sèvres,1,132,-0.04539,46.02088
79,Deux-Sèvres,1,133,-0.04115,45.99339
79,Deux-Sèvres,1,134,-0.10316,45.96952
79,Deux-Sèvres,1,135,-0.13707,45.97893
79,Deux-Sèvres,1,136,-0.13919,45.99954
79,Deux-Sèvres,1,137,-0.1588,46.00497
79,Deux-Sèvres,1,138,-0.18742,46.0263
79,Deux-Sèvres,1,139,-0.19113,46.04366
79,Deux-Sèvres,1,140,-0.27275,46.05741
79,Deux-Sèvres,1,141,-0.28176,46.07983
79,Deux-Sèvres,1,142,-0.33476,46.082
79,Deux-Sèvres,1,143,-0.36285,46.07549
79,Deux-Sèvres,1,144,-0.37186,46.09357
79,Deux-Sèvres,1,145,-0.40154,46.08417
79,Deux-Sèvres,1,146,-0.43916,46.10225
79,Deux-Sèvres,1,147,-0.50594,46.10659
79,Deux-Sèvres,1,148,-0.53297,46.13987
79,Deux-Sèvres,1,149,-0.56689,46.14348
79,Deux-Sèvres,1,150,-0.62042,46.13806
79,Deux-Sèvres,1,151,-0.63367,46.14818
79,Deux-Sèvres,1,152,-0.60505,46.15939
79,Deux-Sèvres,1,153,-0.6554,46.16988
79,Deux-Sèvres,1,154,-0.68402,46.19918
79,Deux-Sèvres,1,155,-0.69196,46.22015
79,Deux-Sèvres,1,156,-0.75185,46.24547
79,Deux-Sèvres,1,157,-0.73542,46.26789
79,Deux-Sèvres,1,158,-0.75026,46.28778
79,Deux-Sèvres,1,159,-0.75026,46.30442
42,Loire,1,0,3.89767,45.35688
42,Loire,1,1,3.89078,45.39051
42,Loire,1,2,3.89873,45.40968
42,Loire,1,3,3.93689,45.42993
42,Loire,1,4,3.96074,45.43427
42,Loire,1,5,3.97505,45.44838
42,Loire,1,6,3.96657,45.46791
42,Loire,1,7,3.98406,45.49358
42,Loire,1,8,3.95862,45.51203
42,Loire,1,9,3.94696,45.54638
42,Loire,1,10,3.95438,45.55362
42,Loire,1,11,3.93212,45.57966
42,Loire,1,12,3.90297,45.59919
42,Loire,1,13,3.88548,45.60244
42,Loire,1,14,3.86163,45.62269
42,Loire,1,15,3.824,45.6321
42,Loire,1,16,3.77683,45.69141
42,Loire,1,17,3.78213,45.71166
42,Loire,1,18,3.75882,45.74602
42,Loire,1,19,3.72967,45.7547
42,Loire,1,20,3.73868,45.767
42,Loire,1,21,3.69098,45.7905
42,Loire,1,22,3.71271,45.80135
42,Loire,1,23,3.72755,45.83209
42,Loire,1,24,3.71907,45.85126
42,Loire,1,25,3.72755,45.87043
42,Loire,1,26,3.75458,45.88598
42,Loire,1,27,3.72331,45.92179
42,Loire,1,28,3.69416,45.93083
42,Loire,1,29,3.69257,45.94493
42,Loire,1,30,3.70953,45.97423
42,Loire,1,31,3.74186,45.96591
42,Loire,1,32,3.75988,45.98146
42,Loire,1,33,3.77789,45.97278
42,Loire,1,34,3.82506,45.99556
42,Loire,1,35,3.80704,46.04547
42,Loire,1,36,3.80757,46.06175
42,Loire,1,37,3.82188,46.08815
42,Loire,1,38,3.79326,46.11238
42,Loire,1,39,3.80015,46.12829
42,Loire,1,40,3.78955,46.15505
42,Loire,1,41,3.8081,46.16156
42,Loire,1,42,3.79273,46.18254
42,Loire,1,43,3.79114,46.21039
42,Loire,1,44,3.77313,46.22702
42,Loire,1,45,3.77789,46.2433
42,Loire,1,46,3.8028,46.2386
42,Loire,1,47,3.80439,46.25632
42,Loire,1,48,3.86799,46.26247
42,Loire,1,49,3.87753,46.27585
42,Loire,1,50,3.89979,46.27585
42,Loire,1,51,3.90933,46.25777
42,Loire,1,52,3.89025,46.21437
42,Loire,1,53,3.91357,46.20713
42,Loire,1,54,3.97293,46.20279
42,Loire,1,55,3.9883,46.16988
42,Loire,1,56,4.03123,46.17205
42,Loire,1,57,4.06037,46.18869
42,Loire,1,58,4.10383,46.19845
42,Loire,1,59,4.13298,46.17748
42,Loire,1,60,4.18863,46.17495
42,Loire,1,61,4.20029,46.19303
42,Loire,1,62,4.2199,46.18507
42,Loire,1,63,4.25541,46.1858
42,Loire,1,64,4.25329,46.15795
42,Loire,1,65,4.28085,46.15614
42,Loire,1,66,4.29675,46.17241
42,Loire,1,67,4.32696,46.18363
42,Loire,1,68,4.37094,46.18435
42,Loire,1,69,4.36511,46.20171
42,Loire,1,70,4.38737,46.22015
42,Loire,1,71,4.40645,46.21762
42,Loire,1,72,4.41917,46.20062
42,Loire,1,73,4.40645,46.18218
42,Loire,1,74,4.43878,46.16771
42,Loire,1,75,4.41705,46.13589
42,Loire,1,76,4.37677,46.14999
42,Loire,1,77,4.36193,46.13878
42,Loire,1,78,4.32219,46.1301
42,Loire,1,79,4.30947,46.10985
42,Loire,1,80,4.31053,46.08128
42,Loire,1,81,4.29092,46.05741
42,Loire,1,82,4.25329,46.05234
42,Loire,1,83,4.27979,46.0216
42,Loire,1,84,4.30576,46.0216
42,Loire,1,85,4.31212,46.00497
42,Loire,1,86,4.2994,45.98905
42,Loire,1,87,4.24905,45.99556
42,Loire,1,88,4.24852,45.98652
42,Loire,1,89,4.29092,45.97206
42,Loire,1,90,4.29622,45.95289
42,Loire,1,91,4.34603,45.9301
42,Loire,1,92,4.32378,45.90406
42,Loire,1,93,4.34232,45.87694
42,Loire,1,94,4.3826,45.86392
42,Loire,1,95,4.39055,45.83752
42,Loire,1,96,4.37571,45.82486
42,Loire,1,97,4.38366,45.81184
42,Loire,1,98,4.37889,45.78436
42,Loire,1,99,4.34815,45.76917
42,Loire,1,100,4.35928,45.75108
42,Loire,1,101,4.39055,45.75506
42,Loire,1,102,4.39002,45.73409
42,Loire,1,103,4.36564,45.69864
42,Loire,1,104,4.36564,45.67911
42,Loire,1,105,4.41016,45.63174
42,Loire,1,106,4.44196,45.62306
42,Loire,1,107,4.45415,45.60425
42,Loire,1,108,4.50132,45.58544
42,Loire,1,109,4.51828,45.57423
42,Loire,1,110,4.56757,45.58364
42,Loire,1,111,4.58665,45.57098
42,Loire,1,112,4.61473,45.57532
42,Loire,1,113,4.64865,45.5594
42,Loire,1,114,4.67303,45.56989
42,Loire,1,115,4.68522,45.5547
42,Loire,1,116,4.65501,45.53337
42,Loire,1,117,4.6513,45.49394
42,Loire,1,118,4.67568,45.48056
42,Loire,1,119,4.69953,45.47767
42,Loire,1,120,4.72179,45.49431
42,Loire,1,121,4.73981,45.4849
42,Loire,1,122,4.7573,45.45561
42,Loire,1,123,4.75836,45.43102
42,Loire,1,124,4.74405,45.42017
42,Loire,1,125,4.75995,45.38292
42,Loire,1,126,4.75571,45.36628
42,Loire,1,127,4.7255,45.36194
42,Loire,1,128,4.70006,45.34566
42,Loire,1,129,4.68045,45.34639
42,Loire,1,130,4.61685,45.31203
42,Loire,1,131,4.62374,45.29503
42,Loire,1,132,4.59831,45.28961
42,Loire,1,133,4.59195,45.27586
42,Loire,1,134,4.60202,45.25163
42,Loire,1,135,4.55538,45.24549
42,Loire,1,136,4.50768,45.23174
42,Loire,1,137,4.4833,45.23644
42,Loire,1,138,4.41864,45.2755
42,Loire,1,139,4.39638,45.26574
42,Loire,1,140,4.3614,45.26574
42,Loire,1,141,4.35398,45.27731
42,Loire,1,142,4.36935,45.29973
42,Loire,1,143,4.33173,45.31854
42,Loire,1,144,4.36829,45.33698
42,Loire,1,145,4.35345,45.35543
42,Loire,1,146,4.33014,45.36917
42,Loire,1,147,4.30629,45.36158
42,Loire,1,148,4.27131,45.35977
42,Loire,1,149,4.22679,45.39015
42,Loire,1,150,4.20294,45.38328
42,Loire,1,151,4.1775,45.39232
42,Loire,1,152,4.14729,45.38255
42,Loire,1,153,4.15418,45.36447
42,Loire,1,154,4.1192,45.36917
42,Loire,1,155,4.07521,45.35217
42,Loire,1,156,4.04342,45.35579
42,Loire,1,157,4.0148,45.33373
42,Loire,1,158,4.00208,45.35579
42,Loire,1,159,3.98035,45.37496
42,Loire,1,160,3.93795,45.37207
42,Loire,1,161,3.91516,45.35109
42,Loire,1,162,3.89767,45.35688
11,Aude,1,0,1.68818,43.27373
11,Aude,1,1,1.70673,43.28602
11,Aude,1,2,1.70567,43.30194
11,Aude,1,3,1.73588,43.31423
11,Aude,1,4,1.72369,43.32978
11,Aude,1,5,1.75602,43.34787
11,Aude,1,6,1.81326,43.34136
11,Aude,1,7,1.80637,43.35691
11,Aude,1,8,1.80319,43.39271
11,Aude,1,9,1.82174,43.39886
11,Aude,1,10,1.8228,43.41658
11,Aude,1,11,1.85936,43.44371
11,Aude,1,12,1.89593,43.41839
11,Aude,1,13,1.95794,43.42562
11,Aude,1,14,1.99398,43.41043
11,Aude,1,15,2.03691,43.42707
11,Aude,1,16,2.02896,43.43683
11,Aude,1,17,2.05493,43.42816
11,Aude,1,18,2.07242,43.39561
11,Aude,1,19,2.0915,43.3938
11,Aude,1,20,2.17364,43.41297
11,Aude,1,21,2.18689,43.39416
11,Aude,1,22,2.21498,43.38331
11,Aude,1,23,2.22982,43.40971
11,Aude,1,24,2.22452,43.42888
11,Aude,1,25,2.25738,43.456
11,Aude,1,26,2.28229,43.44117
11,Aude,1,27,2.30879,43.44407
11,Aude,1,28,2.36179,43.42526
11,Aude,1,29,2.4063,43.4202
11,Aude,1,30,2.4275,43.43539
11,Aude,1,31,2.49693,43.4372
11,Aude,1,32,2.51919,43.42382
11,Aude,1,33,2.56583,43.42273
11,Aude,1,34,2.59286,43.40356
11,Aude,1,35,2.55947,43.39307
11,Aude,1,36,2.55311,43.36414
11,Aude,1,37,2.53933,43.34606
11,Aude,1,38,2.58597,43.3334
11,Aude,1,39,2.60134,43.29832
11,Aude,1,40,2.65328,43.29398
11,Aude,1,41,2.67765,43.30591
11,Aude,1,42,2.69143,43.3211
11,Aude,1,43,2.70733,43.29434
11,Aude,1,44,2.70309,43.27662
11,Aude,1,45,2.73595,43.2683
11,Aude,1,46,2.75238,43.25492
11,Aude,1,47,2.77252,43.25781
11,Aude,1,48,2.78683,43.28711
11,Aude,1,49,2.83877,43.32183
11,Aude,1,50,2.86845,43.32978
11,Aude,1,51,2.86951,43.35582
11,Aude,1,52,2.85573,43.37354
11,Aude,1,53,2.86845,43.38222
11,Aude,1,54,2.89018,43.36559
11,Aude,1,55,2.88541,43.33123
11,Aude,1,56,2.92145,43.32617
11,Aude,1,57,2.94582,43.3117
11,Aude,1,58,3.00412,43.31966
11,Aude,1,59,3.00465,43.28494
11,Aude,1,60,3.01896,43.27879
11,Aude,1,61,3.05447,43.27988
11,Aude,1,62,3.07832,43.26215
11,Aude,1,63,3.11118,43.25311
11,Aude,1,64,3.14139,43.25962
11,Aude,1,65,3.15093,43.24516
11,Aude,1,66,3.19492,43.25022
11,Aude,1,67,3.23996,43.21261
11,Aude,1,68,3.17478,43.16378
11,Aude,1,69,3.12284,43.10953
11,Aude,1,70,3.08468,43.05746
11,Aude,1,71,3.06401,43.02021
11,Aude,1,72,3.0391,42.941
11,Aude,1,73,3.0603,42.91822
11,Aude,1,74,3.04334,42.83829
11,Aude,1,75,2.97656,42.87012
11,Aude,1,76,2.91721,42.88495
11,Aude,1,77,2.90714,42.89579
11,Aude,1,78,2.88223,42.90013
11,Aude,1,79,2.86527,42.91858
11,Aude,1,80,2.83453,42.91243
11,Aude,1,81,2.81386,42.89941
11,Aude,1,82,2.78895,42.89616
11,Aude,1,83,2.76192,42.87337
11,Aude,1,84,2.7545,42.85167
11,Aude,1,85,2.73595,42.83576
11,Aude,1,86,2.69567,42.83033
11,Aude,1,87,2.66493,42.83648
11,Aude,1,88,2.59657,42.83684
11,Aude,1,89,2.55841,42.84552
11,Aude,1,90,2.51972,42.84408
11,Aude,1,91,2.50276,42.85131
11,Aude,1,92,2.47467,42.83938
11,Aude,1,93,2.44287,42.83721
11,Aude,1,94,2.38192,42.84878
11,Aude,1,95,2.32363,42.83395
11,Aude,1,96,2.34377,42.8014
11,Aude,1,97,2.3443,42.78079
11,Aude,1,98,2.35596,42.72835
11,Aude,1,99,2.32098,42.70918
11,Aude,1,100,2.29077,42.70014
11,Aude,1,101,2.26427,42.70629
11,Aude,1,102,2.24625,42.68133
11,Aude,1,103,2.17629,42.65276
11,Aude,1,104,2.16622,42.66397
11,Aude,1,105,2.17576,42.68206
11,Aude,1,106,2.16781,42.69616
11,Aude,1,107,2.08779,42.7392
11,Aude,1,108,2.08514,42.75185
11,Aude,1,109,2.05599,42.75583
11,Aude,1,110,2.00776,42.73413
11,Aude,1,111,1.95953,42.73667
11,Aude,1,112,1.91395,42.758
11,Aude,1,113,1.92349,42.77753
11,Aude,1,114,1.89381,42.80972
11,Aude,1,115,1.86254,42.81804
11,Aude,1,116,1.85989,42.82672
11,Aude,1,117,1.88639,42.8524
11,Aude,1,118,1.94787,42.85674
11,Aude,1,119,1.98709,42.87084
11,Aude,1,120,1.98126,42.8788
11,Aude,1,121,1.99186,42.9052
11,Aude,1,122,1.98073,42.92979
11,Aude,1,123,1.93409,42.93919
11,Aude,1,124,1.93674,42.95402
11,Aude,1,125,1.98868,42.96523
11,Aude,1,126,1.9855,43.02527
11,Aude,1,127,1.97278,43.04661
11,Aude,1,128,1.94098,43.05275
11,Aude,1,129,1.95423,43.0806
11,Aude,1,130,1.94999,43.11785
11,Aude,1,131,1.9166,43.1334
11,Aude,1,132,1.89275,43.11604
11,Aude,1,133,1.87473,43.14245
11,Aude,1,134,1.82597,43.14534
11,Aude,1,135,1.76079,43.1674
11,Aude,1,136,1.73535,43.18584
11,Aude,1,137,1.71097,43.18874
11,Aude,1,138,1.72369,43.22454
11,Aude,1,139,1.69772,43.24769
11,Aude,1,140,1.68818,43.27373
18,Cher,1,0,1.83922,47.21978
18,Cher,1,1,1.85194,47.22231
18,Cher,1,2,1.88162,47.20893
18,Cher,1,3,1.90335,47.21507
18,Cher,1,4,1.9166,47.23569
18,Cher,1,5,1.8954,47.25486
18,Cher,1,6,1.94363,47.28994
18,Cher,1,7,1.99186,47.26824
18,Cher,1,8,2.02154,47.26679
18,Cher,1,9,2.06394,47.28198
18,Cher,1,10,2.09415,47.28487
18,Cher,1,11,2.13336,47.28126
18,Cher,1,12,2.15668,47.30006
18,Cher,1,13,2.12753,47.33117
18,Cher,1,14,2.10262,47.39265
18,Cher,1,15,2.11693,47.41001
18,Cher,1,16,2.1376,47.40567
18,Cher,1,17,2.18901,47.43786
18,Cher,1,18,2.20438,47.40639
18,Cher,1,19,2.2436,47.41471
18,Cher,1,20,2.24784,47.44147
18,Cher,1,21,2.23936,47.47294
18,Cher,1,22,2.24784,47.49174
18,Cher,1,23,2.20332,47.50115
18,Cher,1,24,2.21551,47.52212
18,Cher,1,25,2.1959,47.54888
18,Cher,1,26,2.13336,47.55069
18,Cher,1,27,2.12329,47.55865
18,Cher,1,28,2.127,47.58469
18,Cher,1,29,2.15721,47.60096
18,Cher,1,30,2.20279,47.6082
18,Cher,1,31,2.23883,47.62049
18,Cher,1,32,2.28971,47.62917
18,Cher,1,33,2.32469,47.60783
18,Cher,1,34,2.34271,47.6053
18,Cher,1,35,2.37292,47.58577
18,Cher,1,36,2.4381,47.60964
18,Cher,1,37,2.4911,47.56841
18,Cher,1,38,2.54728,47.57529
18,Cher,1,39,2.57272,47.55973
18,Cher,1,40,2.59922,47.55431
18,Cher,1,41,2.61671,47.54093
18,Cher,1,42,2.61194,47.52646
18,Cher,1,43,2.65593,47.51055
18,Cher,1,44,2.66228,47.48632
18,Cher,1,45,2.69196,47.48415
18,Cher,1,46,2.71581,47.49138
18,Cher,1,47,2.72694,47.53623
18,Cher,1,48,2.76828,47.52321
18,Cher,1,49,2.80644,47.49427
18,Cher,1,50,2.82552,47.49717
18,Cher,1,51,2.84619,47.51344
18,Cher,1,52,2.87428,47.52031
18,Cher,1,53,2.88965,47.50765
18,Cher,1,54,2.89919,47.48053
18,Cher,1,55,2.91403,47.47077
18,Cher,1,56,2.93099,47.44075
18,Cher,1,57,2.9188,47.40639
18,Cher,1,58,2.86951,47.34093
18,Cher,1,59,2.8764,47.32176
18,Cher,1,60,2.90926,47.31055
18,Cher,1,61,2.93682,47.28885
18,Cher,1,62,2.98292,47.26064
18,Cher,1,63,2.98186,47.22195
18,Cher,1,64,3.00889,47.18035
18,Cher,1,65,3.0285,47.12828
18,Cher,1,66,3.03115,47.09211
18,Cher,1,67,3.02002,47.0762
18,Cher,1,68,3.02956,47.05848
18,Cher,1,69,3.06189,47.04546
18,Cher,1,70,3.07461,47.02991
18,Cher,1,71,3.06295,46.98072
18,Cher,1,72,3.07938,46.95432
18,Cher,1,73,3.05394,46.91743
18,Cher,1,74,3.06825,46.87765
18,Cher,1,75,3.06931,46.85233
18,Cher,1,76,3.05924,46.82665
18,Cher,1,77,3.03221,46.79483
18,Cher,1,78,2.96066,46.80387
18,Cher,1,79,2.9082,46.78796
18,Cher,1,80,2.90502,46.77747
18,Cher,1,81,2.82764,46.73552
18,Cher,1,82,2.79743,46.73407
18,Cher,1,83,2.75874,46.71779
18,Cher,1,84,2.72906,46.74854
18,Cher,1,85,2.70468,46.73913
18,Cher,1,86,2.67765,46.70441
18,Cher,1,87,2.64533,46.68778
18,Cher,1,88,2.63155,46.66861
18,Cher,1,89,2.5706,46.65921
18,Cher,1,90,2.59286,46.64655
18,Cher,1,91,2.58173,46.59338
18,Cher,1,92,2.59922,46.59519
18,Cher,1,93,2.613,46.55649
18,Cher,1,94,2.57272,46.53443
18,Cher,1,95,2.53668,46.51961
18,Cher,1,96,2.52025,46.53118
18,Cher,1,97,2.49587,46.52322
18,Cher,1,98,2.48262,46.53263
18,Cher,1,99,2.45082,46.52178
18,Cher,1,100,2.36815,46.51852
18,Cher,1,101,2.33264,46.49863
18,Cher,1,102,2.32734,46.47476
18,Cher,1,103,2.30561,46.47548
18,Cher,1,104,2.286,46.45415
18,Cher,1,105,2.28123,46.42051
18,Cher,1,106,2.24996,46.4263
18,Cher,1,107,2.16834,46.42413
18,Cher,1,108,2.15138,46.45776
18,Cher,1,109,2.18901,46.46897
18,Cher,1,110,2.20438,46.48416
18,Cher,1,111,2.19484,46.50659
18,Cher,1,112,2.1588,46.55722
18,Cher,1,113,2.17152,46.56337
18,Cher,1,114,2.16728,46.58904
18,Cher,1,115,2.18583,46.60351
18,Cher,1,116,2.18,46.64257
18,Cher,1,117,2.13601,46.67114
18,Cher,1,118,2.15509,46.68922
18,Cher,1,119,2.09256,46.7243
18,Cher,1,120,2.06606,46.74275
18,Cher,1,121,2.09203,46.75505
18,Cher,1,122,2.11428,46.77457
18,Cher,1,123,2.10315,46.79555
18,Cher,1,124,2.07242,46.80893
18,Cher,1,125,2.05069,46.82738
18,Cher,1,126,2.07825,46.83895
18,Cher,1,127,2.0915,46.86137
18,Cher,1,128,2.11375,46.88018
18,Cher,1,129,2.13919,46.8885
18,Cher,1,130,2.15509,46.91164
18,Cher,1,131,2.11057,46.91309
18,Cher,1,132,2.07083,46.93407
18,Cher,1,133,2.0703,46.95432
18,Cher,1,134,2.08991,46.96336
18,Cher,1,135,2.10845,46.99736
18,Cher,1,136,2.09362,47.0158
18,Cher,1,137,2.05122,47.04112
18,Cher,1,138,2.03108,47.04256
18,Cher,1,139,2.05546,47.07186
18,Cher,1,140,2.05228,47.10368
18,Cher,1,141,2.00352,47.09428
18,Cher,1,142,2.00935,47.11164
18,Cher,1,143,1.99875,47.12502
18,Cher,1,144,1.94734,47.1167
18,Cher,1,145,1.92773,47.1073
18,Cher,1,146,1.88268,47.10187
18,Cher,1,147,1.84876,47.10947
18,Cher,1,148,1.82968,47.12068
18,Cher,1,149,1.79312,47.12213
18,Cher,1,150,1.77351,47.13117
18,Cher,1,151,1.80372,47.14961
18,Cher,1,152,1.82333,47.17384
18,Cher,1,153,1.8424,47.17782
18,Cher,1,154,1.83922,47.21978
29,Finistère,1,0,-3.66145,48.65556
29,Finistère,1,1,-3.65403,48.61758
29,Finistère,1,2,-3.64078,48.59624
29,Finistère,1,3,-3.5846,48.57382
29,Finistère,1,4,-3.59944,48.55863
29,Finistère,1,5,-3.56552,48.55248
29,Finistère,1,6,-3.53955,48.53838
29,Finistère,1,7,-3.60209,48.49679
29,Finistère,1,8,-3.59732,48.47292
29,Finistère,1,9,-3.55068,48.44797
29,Finistère,1,10,-3.59944,48.42301
29,Finistère,1,11,-3.60103,48.39335
29,Finistère,1,12,-3.57877,48.38142
29,Finistère,1,13,-3.55439,48.37853
29,Finistère,1,14,-3.56287,48.3467
29,Finistère,1,15,-3.55121,48.31813
29,Finistère,1,16,-3.53531,48.31668
29,Finistère,1,17,-3.53849,48.28667
29,Finistère,1,18,-3.51782,48.28233
29,Finistère,1,19,-3.55386,48.24218
29,Finistère,1,20,-3.55386,48.22301
29,Finistère,1,21,-3.521,48.19553
29,Finistère,1,22,-3.56499,48.18576
29,Finistère,1,23,-3.62117,48.1713
29,Finistère,1,24,-3.65244,48.15647
29,Finistère,1,25,-3.6959,48.15213
29,Finistère,1,26,-3.71445,48.14309
29,Finistère,1,27,-3.73353,48.09643
29,Finistère,1,28,-3.70438,48.08667
29,Finistère,1,29,-3.70226,48.06425
29,Finistère,1,30,-3.67417,48.05918
29,Finistère,1,31,-3.66357,48.02266
29,Finistère,1,32,-3.64131,47.98577
29,Finistère,1,33,-3.61269,47.98504
29,Finistère,1,34,-3.56658,47.99228
29,Finistère,1,35,-3.51464,47.97492
29,Finistère,1,36,-3.49715,47.97673
29,Finistère,1,37,-3.47436,47.94924
29,Finistère,1,38,-3.42614,47.96624
29,Finistère,1,39,-3.40335,47.96696
29,Finistère,1,40,-3.38851,47.92971
29,Finistère,1,41,-3.40918,47.9156
29,Finistère,1,42,-3.40017,47.86425
29,Finistère,1,43,-3.42296,47.86931
29,Finistère,1,44,-3.4484,47.86353
29,Finistère,1,45,-3.45794,47.83676
29,Finistère,1,46,-3.49397,47.82664
29,Finistère,1,47,-3.53902,47.83713
29,Finistère,1,48,-3.54008,47.82266
29,Finistère,1,49,-3.52312,47.79734
29,Finistère,1,50,-3.53213,47.77167
29,Finistère,1,51,-3.61693,47.7695
29,Finistère,1,52,-3.66993,47.78179
29,Finistère,1,53,-3.68106,47.77709
29,Finistère,1,54,-3.73512,47.80421
29,Finistère,1,55,-3.75631,47.79156
29,Finistère,1,56,-3.79818,47.7883
29,Finistère,1,57,-3.85065,47.80024
29,Finistère,1,58,-3.90153,47.84038
29,Finistère,1,59,-3.9116,47.86787
29,Finistère,1,60,-3.92644,47.86967
29,Finistère,1,61,-3.94128,47.89427
29,Finistère,1,62,-3.98315,47.89391
29,Finistère,1,63,-3.98421,47.86136
29,Finistère,1,64,-4.00276,47.85159
29,Finistère,1,65,-4.04038,47.84436
29,Finistère,1,66,-4.06582,47.86425
29,Finistère,1,67,-4.09921,47.86389
29,Finistère,1,68,-4.14426,47.91054
29,Finistère,1,69,-4.14903,47.89752
29,Finistère,1,70,-4.12677,47.88595
29,Finistère,1,71,-4.11299,47.86787
29,Finistère,1,72,-4.16334,47.84797
29,Finistère,1,73,-4.16705,47.81615
29,Finistère,1,74,-4.19249,47.79734
29,Finistère,1,75,-4.26351,47.79156
29,Finistère,1,76,-4.30114,47.8006
29,Finistère,1,77,-4.36685,47.7959
29,Finistère,1,78,-4.3801,47.82121
29,Finistère,1,79,-4.3589,47.82628
29,Finistère,1,80,-4.34565,47.84038
29,Finistère,1,81,-4.36367,47.88957
29,Finistère,1,82,-4.38646,47.92537
29,Finistère,1,83,-4.42356,47.96298
29,Finistère,1,84,-4.49458,47.99951
29,Finistère,1,85,-4.53698,48.01217
29,Finistère,1,86,-4.57037,48.00096
29,Finistère,1,87,-4.60322,48.01542
29,Finistère,1,88,-4.72777,48.03423
29,Finistère,1,89,-4.66258,48.07112
29,Finistère,1,90,-4.62124,48.06859
29,Finistère,1,91,-4.58309,48.08016
29,Finistère,1,92,-4.54917,48.0769
29,Finistère,1,93,-4.53274,48.08812
29,Finistère,1,94,-4.48875,48.08631
29,Finistère,1,95,-4.46649,48.09933
29,Finistère,1,96,-4.36367,48.10909
29,Finistère,1,97,-4.33611,48.09463
29,Finistère,1,98,-4.2969,48.09209
29,Finistère,1,99,-4.28683,48.10331
29,Finistère,1,100,-4.27199,48.14707
29,Finistère,1,101,-4.29637,48.16262
29,Finistère,1,102,-4.30485,48.19553
29,Finistère,1,103,-4.3324,48.20638
29,Finistère,1,104,-4.36049,48.20638
29,Finistère,1,105,-4.37798,48.21867
29,Finistère,1,106,-4.4013,48.22084
29,Finistère,1,107,-4.42833,48.23459
29,Finistère,1,108,-4.46543,48.23893
29,Finistère,1,109,-4.49829,48.23314
29,Finistère,1,110,-4.51949,48.19336
29,Finistère,1,111,-4.55182,48.18793
29,Finistère,1,112,-4.56348,48.23603
29,Finistère,1,113,-4.54546,48.24037
29,Finistère,1,114,-4.55712,48.25882
29,Finistère,1,115,-4.58309,48.25159
29,Finistère,1,116,-4.61329,48.26207
29,Finistère,1,117,-4.56613,48.28847
29,Finistère,1,118,-4.58044,48.31958
29,Finistère,1,119,-4.55712,48.33657
29,Finistère,1,120,-4.53327,48.33802
29,Finistère,1,121,-4.55606,48.30366
29,Finistère,1,122,-4.53539,48.28413
29,Finistère,1,123,-4.50306,48.28088
29,Finistère,1,124,-4.45801,48.29318
29,Finistère,1,125,-4.42038,48.28811
29,Finistère,1,126,-4.40925,48.27545
29,Finistère,1,127,-4.36738,48.27799
29,Finistère,1,128,-4.30644,48.29752
29,Finistère,1,129,-4.28365,48.28847
29,Finistère,1,130,-4.28577,48.27365
29,Finistère,1,131,-4.22747,48.29028
29,Finistère,1,132,-4.25291,48.30403
29,Finistère,1,133,-4.32445,48.3156
29,Finistère,1,134,-4.27464,48.35538
29,Finistère,1,135,-4.32975,48.34091
29,Finistère,1,136,-4.36738,48.34453
29,Finistère,1,137,-4.3748,48.32645
29,Finistère,1,138,-4.44635,48.32572
29,Finistère,1,139,-4.43522,48.36153
29,Finistère,1,140,-4.40448,48.38178
29,Finistère,1,141,-4.46278,48.3854
29,Finistère,1,142,-4.51101,48.37274
29,Finistère,1,143,-4.53274,48.36044
29,Finistère,1,144,-4.55394,48.36189
29,Finistère,1,145,-4.57355,48.34959
29,Finistère,1,146,-4.62813,48.33766
29,Finistère,1,147,-4.67901,48.35574
29,Finistère,1,148,-4.70339,48.34562
29,Finistère,1,149,-4.71028,48.33115
29,Finistère,1,150,-4.7654,48.32826
29,Finistère,1,151,-4.78024,48.36081
29,Finistère,1,152,-4.76063,48.37346
29,Finistère,1,153,-4.77494,48.38938
29,Finistère,1,154,-4.77335,48.40384
29,Finistère,1,155,-4.79402,48.41288
29,Finistère,1,156,-4.76593,48.47545
29,Finistère,1,157,-4.77812,48.49932
29,Finistère,1,158,-4.75109,48.54091
29,Finistère,1,159,-4.73095,48.55574
29,Finistère,1,160,-4.69968,48.55538
29,Finistère,1,161,-4.70233,48.57021
29,Finistère,1,162,-4.64615,48.57201
29,Finistère,1,163,-4.60852,48.57889
29,Finistère,1,164,-4.60799,48.59697
29,Finistère,1,165,-4.58468,48.5948
29,Finistère,1,166,-4.56295,48.62265
29,Finistère,1,167,-4.52532,48.63096
29,Finistère,1,168,-4.49829,48.62228
29,Finistère,1,169,-4.46331,48.62735
29,Finistère,1,170,-4.45059,48.63639
29,Finistère,1,171,-4.41614,48.63784
29,Finistère,1,172,-4.4225,48.65303
29,Finistère,1,173,-4.37904,48.66207
29,Finistère,1,174,-4.34936,48.67653
29,Finistère,1,175,-4.30008,48.66496
29,Finistère,1,176,-4.31597,48.64073
29,Finistère,1,177,-4.29637,48.63241
29,Finistère,1,178,-4.27199,48.64941
29,Finistère,1,179,-4.22111,48.64832
29,Finistère,1,180,-4.21369,48.66821
29,Finistère,1,181,-4.18666,48.6863
29,Finistère,1,182,-4.13472,48.69425
29,Finistère,1,183,-4.08066,48.69172
29,Finistère,1,184,-4.01654,48.71234
29,Finistère,1,185,-3.98898,48.72717
29,Finistère,1,186,-3.96566,48.72138
29,Finistère,1,187,-3.97573,48.69896
29,Finistère,1,188,-3.96725,48.67762
29,Finistère,1,189,-3.94234,48.65556
29,Finistère,1,190,-3.92591,48.66677
29,Finistère,1,191,-3.89305,48.64326
29,Finistère,1,192,-3.84376,48.62807
29,Finistère,1,193,-3.86231,48.66785
29,Finistère,1,194,-3.83793,48.70619
29,Finistère,1,195,-3.81832,48.71415
29,Finistère,1,196,-3.78493,48.70113
29,Finistère,1,197,-3.76638,48.70872
29,Finistère,1,198,-3.71975,48.7051
29,Finistère,1,199,-3.70226,48.69028
29,Finistère,1,200,-3.63972,48.67581
29,Finistère,1,201,-3.66145,48.65556
29,Finistère,2,0,-5.07385,48.48015
29,Finistère,2,1,-5.04205,48.46171
29,Finistère,2,2,-5.08339,48.4476
29,Finistère,2,3,-5.10777,48.47075
29,Finistère,2,4,-5.07385,48.48015
70,Haute-Saône,1,0,5.51835,47.30404
70,Haute-Saône,1,1,5.48708,47.31561
70,Haute-Saône,1,2,5.49503,47.34527
70,Haute-Saône,1,3,5.4892,47.36733
70,Haute-Saône,1,4,5.49768,47.38867
70,Haute-Saône,1,5,5.47383,47.39446
70,Haute-Saône,1,6,5.45157,47.38433
70,Haute-Saône,1,7,5.43038,47.42158
70,Haute-Saône,1,8,5.44045,47.44509
70,Haute-Saône,1,9,5.40653,47.46172
70,Haute-Saône,1,10,5.37579,47.46462
70,Haute-Saône,1,11,5.39911,47.49934
70,Haute-Saône,1,12,5.44734,47.49644
70,Haute-Saône,1,13,5.47171,47.52755
70,Haute-Saône,1,14,5.49662,47.54418
70,Haute-Saône,1,15,5.47754,47.60856
70,Haute-Saône,1,16,5.4431,47.62881
70,Haute-Saône,1,17,5.42561,47.63207
70,Haute-Saône,1,18,5.39964,47.59698
70,Haute-Saône,1,19,5.37367,47.60458
70,Haute-Saône,1,20,5.37314,47.61977
70,Haute-Saône,1,21,5.40547,47.64798
70,Haute-Saône,1,22,5.40653,47.67366
70,Haute-Saône,1,23,5.44416,47.67076
70,Haute-Saône,1,24,5.48284,47.68451
70,Haute-Saône,1,25,5.53001,47.67293
70,Haute-Saône,1,26,5.57029,47.70657
70,Haute-Saône,1,27,5.58301,47.70259
70,Haute-Saône,1,28,5.59679,47.67185
70,Haute-Saône,1,29,5.68583,47.68306
70,Haute-Saône,1,30,5.69484,47.69427
70,Haute-Saône,1,31,5.68424,47.71235
70,Haute-Saône,1,32,5.69325,47.73767
70,Haute-Saône,1,33,5.70968,47.74526
70,Haute-Saône,1,34,5.70491,47.76913
70,Haute-Saône,1,35,5.68,47.77022
70,Haute-Saône,1,36,5.68159,47.80819
70,Haute-Saône,1,37,5.70014,47.82374
70,Haute-Saône,1,38,5.7314,47.8176
70,Haute-Saône,1,39,5.74624,47.82374
70,Haute-Saône,1,40,5.74412,47.8487
70,Haute-Saône,1,41,5.76108,47.85919
70,Haute-Saône,1,42,5.82839,47.85195
70,Haute-Saône,1,43,5.82203,47.86714
70,Haute-Saône,1,44,5.85171,47.9062
70,Haute-Saône,1,45,5.88457,47.90114
70,Haute-Saône,1,46,5.88457,47.92609
70,Haute-Saône,1,47,5.90047,47.94454
70,Haute-Saône,1,48,5.91796,47.94743
70,Haute-Saône,1,49,5.92114,47.97094
70,Haute-Saône,1,50,5.94764,47.97962
70,Haute-Saône,1,51,5.95983,47.96588
70,Haute-Saône,1,52,5.93757,47.95105
70,Haute-Saône,1,53,5.95347,47.93694
70,Haute-Saône,1,54,5.97043,47.9572
70,Haute-Saône,1,55,6.00911,47.96081
70,Haute-Saône,1,56,6.04091,48.00457
70,Haute-Saône,1,57,6.07324,48.01578
70,Haute-Saône,1,58,6.11352,48.01759
70,Haute-Saône,1,59,6.13154,48.0241
70,Haute-Saône,1,60,6.15645,48.00674
70,Haute-Saône,1,61,6.15221,47.99445
70,Haute-Saône,1,62,6.1644,47.97311
70,Haute-Saône,1,63,6.16122,47.95828
70,Haute-Saône,1,64,6.19355,47.95322
70,Haute-Saône,1,65,6.20521,47.93188
70,Haute-Saône,1,66,6.23807,47.93296
70,Haute-Saône,1,67,6.27729,47.95394
70,Haute-Saône,1,68,6.32498,47.94996
70,Haute-Saône,1,69,6.36473,47.96262
70,Haute-Saône,1,70,6.40183,47.9543
70,Haute-Saône,1,71,6.40819,47.94345
70,Haute-Saône,1,72,6.43469,47.94309
70,Haute-Saône,1,73,6.45748,47.90584
70,Haute-Saône,1,74,6.47815,47.88559
70,Haute-Saône,1,75,6.50306,47.89608
70,Haute-Saône,1,76,6.54387,47.90295
70,Haute-Saône,1,77,6.56242,47.93043
70,Haute-Saône,1,78,6.6011,47.94454
70,Haute-Saône,1,79,6.62495,47.93007
70,Haute-Saône,1,80,6.64509,47.90403
70,Haute-Saône,1,81,6.70392,47.88125
70,Haute-Saône,1,82,6.73519,47.86497
70,Haute-Saône,1,83,6.78236,47.85123
70,Haute-Saône,1,84,6.7919,47.83062
70,Haute-Saône,1,85,6.8237,47.81326
70,Haute-Saône,1,86,6.80939,47.79373
70,Haute-Saône,1,87,6.78448,47.78143
70,Haute-Saône,1,88,6.75798,47.7478
70,Haute-Saône,1,89,6.75851,47.72754
70,Haute-Saône,1,90,6.78024,47.68993
70,Haute-Saône,1,91,6.776,47.66823
70,Haute-Saône,1,92,6.80091,47.63604
70,Haute-Saône,1,93,6.78077,47.62519
70,Haute-Saône,1,94,6.8025,47.58577
70,Haute-Saône,1,95,6.82158,47.57348
70,Haute-Saône,1,96,6.80727,47.56299
70,Haute-Saône,1,97,6.78077,47.53659
70,Haute-Saône,1,98,6.75321,47.54346
70,Haute-Saône,1,99,6.72777,47.56082
70,Haute-Saône,1,100,6.71452,47.55322
70,Haute-Saône,1,101,6.67053,47.55793
70,Haute-Saône,1,102,6.64827,47.53623
70,Haute-Saône,1,103,6.61011,47.5308
70,Haute-Saône,1,104,6.58414,47.54274
70,Haute-Saône,1,105,6.58414,47.51019
70,Haute-Saône,1,106,6.57407,47.49608
70,Haute-Saône,1,107,6.55341,47.49283
70,Haute-Saône,1,108,6.53327,47.50657
70,Haute-Saône,1,109,6.51578,47.49753
70,Haute-Saône,1,110,6.49564,47.50585
70,Haute-Saône,1,111,6.46861,47.49247
70,Haute-Saône,1,112,6.46331,47.51199
70,Haute-Saône,1,113,6.41137,47.52248
70,Haute-Saône,1,114,6.33558,47.50657
70,Haute-Saône,1,115,6.31968,47.48559
70,Haute-Saône,1,116,6.28841,47.46136
70,Haute-Saône,1,117,6.26245,47.43098
70,Haute-Saône,1,118,6.23913,47.43171
70,Haute-Saône,1,119,6.22747,47.42013
70,Haute-Saône,1,120,6.19991,47.42918
70,Haute-Saône,1,121,6.16811,47.38831
70,Haute-Saône,1,122,6.13525,47.38686
70,Haute-Saône,1,123,6.1167,47.39301
70,Haute-Saône,1,124,6.0796,47.35395
70,Haute-Saône,1,125,6.05575,47.34961
70,Haute-Saône,1,126,6.02183,47.33406
70,Haute-Saône,1,127,5.99958,47.34021
70,Haute-Saône,1,128,5.98845,47.32755
70,Haute-Saône,1,129,5.94181,47.34419
70,Haute-Saône,1,130,5.92644,47.32719
70,Haute-Saône,1,131,5.90895,47.33153
70,Haute-Saône,1,132,5.8533,47.31091
70,Haute-Saône,1,133,5.84429,47.30006
70,Haute-Saône,1,134,5.78122,47.28849
70,Haute-Saône,1,135,5.73511,47.26354
70,Haute-Saône,1,136,5.69855,47.26498
70,Haute-Saône,1,137,5.67629,47.27583
70,Haute-Saône,1,138,5.64025,47.25558
70,Haute-Saône,1,139,5.60209,47.26173
70,Haute-Saône,1,140,5.58407,47.25522
70,Haute-Saône,1,141,5.51835,47.30404
68,Haut-Rhin,1,0,6.84595,47.82302
68,Haut-Rhin,1,1,6.89524,47.83279
68,Haut-Rhin,1,2,6.92015,47.85051
68,Haut-Rhin,1,3,6.90001,47.89137
68,Haut-Rhin,1,4,6.91803,47.89825
68,Haut-Rhin,1,5,6.92704,47.9156
68,Haut-Rhin,1,6,6.92227,47.9496
68,Haut-Rhin,1,7,6.944,47.98034
68,Haut-Rhin,1,8,6.94453,47.99987
68,Haut-Rhin,1,9,6.98322,48.01
68,Haut-Rhin,1,10,7.01661,48.03712
68,Haut-Rhin,1,11,7.00972,48.04291
68,Haut-Rhin,1,12,7.03781,48.07835
68,Haut-Rhin,1,13,7.0765,48.10873
68,Haut-Rhin,1,14,7.08392,48.12934
68,Haut-Rhin,1,15,7.05795,48.13766
68,Haut-Rhin,1,16,7.08445,48.17925
68,Haut-Rhin,1,17,7.10618,48.19444
68,Haut-Rhin,1,18,7.13426,48.23784
68,Haut-Rhin,1,19,7.1332,48.24725
68,Haut-Rhin,1,20,7.15758,48.2675
68,Haut-Rhin,1,21,7.17242,48.29752
68,Haut-Rhin,1,22,7.19839,48.31017
68,Haut-Rhin,1,23,7.24238,48.30222
68,Haut-Rhin,1,24,7.26941,48.30403
68,Haut-Rhin,1,25,7.29114,48.2939
68,Haut-Rhin,1,26,7.29008,48.27256
68,Haut-Rhin,1,27,7.33195,48.27003
68,Haut-Rhin,1,28,7.31075,48.25448
68,Haut-Rhin,1,29,7.39025,48.23567
68,Haut-Rhin,1,30,7.40985,48.2241
68,Haut-Rhin,1,31,7.47663,48.20385
68,Haut-Rhin,1,32,7.46974,48.16045
68,Haut-Rhin,1,33,7.52009,48.1496
68,Haut-Rhin,1,34,7.51956,48.12609
68,Haut-Rhin,1,35,7.57733,48.1203
68,Haut-Rhin,1,36,7.57892,48.09897
68,Haut-Rhin,1,37,7.56938,48.08016
68,Haut-Rhin,1,38,7.5715,48.03097
68,Haut-Rhin,1,39,7.6086,48.00023
68,Haut-Rhin,1,40,7.62132,47.97745
68,Haut-Rhin,1,41,7.61284,47.95828
68,Haut-Rhin,1,42,7.5874,47.93658
68,Haut-Rhin,1,43,7.58316,47.90439
68,Haut-Rhin,1,44,7.55666,47.87727
68,Haut-Rhin,1,45,7.56302,47.85195
68,Haut-Rhin,1,46,7.53228,47.78866
68,Haut-Rhin,1,47,7.53016,47.77528
68,Haut-Rhin,1,48,7.54818,47.73984
68,Haut-Rhin,1,49,7.54394,47.72284
68,Haut-Rhin,1,50,7.51426,47.70295
68,Haut-Rhin,1,51,7.51903,47.66932
68,Haut-Rhin,1,52,7.53758,47.64942
68,Haut-Rhin,1,53,7.56143,47.63677
68,Haut-Rhin,1,54,7.59323,47.59843
68,Haut-Rhin,1,55,7.58475,47.58071
68,Haut-Rhin,1,56,7.50737,47.54491
68,Haut-Rhin,1,57,7.49783,47.53623
68,Haut-Rhin,1,58,7.50843,47.49644
68,Haut-Rhin,1,59,7.46974,47.48125
68,Haut-Rhin,1,60,7.43476,47.49825
68,Haut-Rhin,1,61,7.43052,47.48198
68,Haut-Rhin,1,62,7.45649,47.47257
68,Haut-Rhin,1,63,7.42999,47.45955
68,Haut-Rhin,1,64,7.42045,47.44545
68,Haut-Rhin,1,65,7.38866,47.43315
68,Haut-Rhin,1,66,7.33884,47.44111
68,Haut-Rhin,1,67,7.2869,47.43532
68,Haut-Rhin,1,68,7.24609,47.42122
68,Haut-Rhin,1,69,7.23337,47.43858
68,Haut-Rhin,1,70,7.20687,47.43496
68,Haut-Rhin,1,71,7.1756,47.44292
68,Haut-Rhin,1,72,7.17825,47.46679
68,Haut-Rhin,1,73,7.19097,47.48776
68,Haut-Rhin,1,74,7.15917,47.49066
68,Haut-Rhin,1,75,7.13002,47.50295
68,Haut-Rhin,1,76,7.13956,47.51923
68,Haut-Rhin,1,77,7.13532,47.53767
68,Haut-Rhin,1,78,7.1083,47.55214
68,Haut-Rhin,1,79,7.08551,47.59301
68,Haut-Rhin,1,80,7.0394,47.60024
68,Haut-Rhin,1,81,7.02562,47.59264
68,Haut-Rhin,1,82,7.00495,47.61977
68,Haut-Rhin,1,83,7.01873,47.65087
68,Haut-Rhin,1,84,7.03463,47.66136
68,Haut-Rhin,1,85,7.03834,47.69246
68,Haut-Rhin,1,86,7.02774,47.70367
68,Haut-Rhin,1,87,7.03516,47.72465
68,Haut-Rhin,1,88,7.0129,47.74129
68,Haut-Rhin,1,89,6.97103,47.75322
68,Haut-Rhin,1,90,6.94241,47.76877
68,Haut-Rhin,1,91,6.92545,47.7695
68,Haut-Rhin,1,92,6.86238,47.78577
68,Haut-Rhin,1,93,6.84277,47.81289
68,Haut-Rhin,1,94,6.84595,47.82302
2B,Haute-Corse,1,0,8.57316,42.38152
2B,Haute-Corse,1,1,8.60867,42.38767
2B,Haute-Corse,1,2,8.60549,42.41443
2B,Haute-Corse,1,3,8.62404,42.42094
2B,Haute-Corse,1,4,8.6463,42.41334
2B,Haute-Corse,1,5,8.6622,42.42636
2B,Haute-Corse,1,6,8.66167,42.44517
2B,Haute-Corse,1,7,8.67916,42.46723
2B,Haute-Corse,1,8,8.65001,42.47844
2B,Haute-Corse,1,9,8.66591,42.49472
2B,Haute-Corse,1,10,8.6675,42.51605
2B,Haute-Corse,1,11,8.71361,42.52618
2B,Haute-Corse,1,12,8.72686,42.56488
2B,Haute-Corse,1,13,8.75601,42.56379
2B,Haute-Corse,1,14,8.77403,42.55547
2B,Haute-Corse,1,15,8.79363,42.56126
2B,Haute-Corse,1,16,8.80529,42.57537
2B,Haute-Corse,1,17,8.80158,42.60177
2B,Haute-Corse,1,18,8.84769,42.60936
2B,Haute-Corse,1,19,8.8673,42.60828
2B,Haute-Corse,1,20,8.88108,42.62636
2B,Haute-Corse,1,21,8.90334,42.62708
2B,Haute-Corse,1,22,8.92401,42.63793
2B,Haute-Corse,1,23,8.94839,42.63359
2B,Haute-Corse,1,24,8.98708,42.64119
2B,Haute-Corse,1,25,9.01093,42.6401
2B,Haute-Corse,1,26,9.05863,42.65963
2B,Haute-Corse,1,27,9.05439,42.67989
2B,Haute-Corse,1,28,9.09254,42.71497
2B,Haute-Corse,1,29,9.1148,42.72654
2B,Haute-Corse,1,30,9.16409,42.7363
2B,Haute-Corse,1,31,9.19854,42.72437
2B,Haute-Corse,1,32,9.21921,42.73413
2B,Haute-Corse,1,33,9.23193,42.72075
2B,Haute-Corse,1,34,9.25578,42.71424
2B,Haute-Corse,1,35,9.28758,42.67446
2B,Haute-Corse,1,36,9.32309,42.69724
2B,Haute-Corse,1,37,9.32203,42.70773
2B,Haute-Corse,1,38,9.34482,42.73739
2B,Haute-Corse,1,39,9.33899,42.75836
2B,Haute-Corse,1,40,9.34323,42.79598
2B,Haute-Corse,1,41,9.31037,42.83431
2B,Haute-Corse,1,42,9.34058,42.86578
2B,Haute-Corse,1,43,9.32415,42.90013
2B,Haute-Corse,1,44,9.35541,42.92039
2B,Haute-Corse,1,45,9.357,42.93919
2B,Haute-Corse,1,46,9.34111,42.99417
2B,Haute-Corse,1,47,9.38191,43.00936
2B,Haute-Corse,1,48,9.42908,43.00827
2B,Haute-Corse,1,49,9.45717,42.98802
2B,Haute-Corse,1,50,9.45134,42.9627
2B,Haute-Corse,1,51,9.46777,42.93449
2B,Haute-Corse,1,52,9.47996,42.86035
2B,Haute-Corse,1,53,9.48102,42.83612
2B,Haute-Corse,1,54,9.49215,42.80285
2B,Haute-Corse,1,55,9.46724,42.76162
2B,Haute-Corse,1,56,9.44657,42.67193
2B,Haute-Corse,1,57,9.47148,42.62853
2B,Haute-Corse,1,58,9.51494,42.58513
2B,Haute-Corse,1,59,9.52766,42.56488
2B,Haute-Corse,1,60,9.53455,42.52329
2B,Haute-Corse,1,61,9.52978,42.49038
2B,Haute-Corse,1,62,9.54091,42.45674
2B,Haute-Corse,1,63,9.54356,42.42781
2B,Haute-Corse,1,64,9.5319,42.3826
2B,Haute-Corse,1,65,9.53773,42.34391
2B,Haute-Corse,1,66,9.55999,42.28242
2B,Haute-Corse,1,67,9.55257,42.22383
2B,Haute-Corse,1,68,9.55787,42.19888
2B,Haute-Corse,1,69,9.55469,42.1251
2B,Haute-Corse,1,70,9.54939,42.10413
2B,Haute-Corse,1,71,9.52872,42.0846
2B,Haute-Corse,1,72,9.46618,42.01226
2B,Haute-Corse,1,73,9.42643,41.97357
2B,Haute-Corse,1,74,9.41212,41.9421
2B,Haute-Corse,1,75,9.41318,41.91534
2B,Haute-Corse,1,76,9.39728,41.877
2B,Haute-Corse,1,77,9.40152,41.85965
2B,Haute-Corse,1,78,9.37237,41.86507
2B,Haute-Corse,1,79,9.32733,41.83614
2B,Haute-Corse,1,80,9.30136,41.84482
2B,Haute-Corse,1,81,9.27062,41.84048
2B,Haute-Corse,1,82,9.23723,41.84663
2B,Haute-Corse,1,83,9.22716,41.85531
2B,Haute-Corse,1,84,9.23511,41.87954
2B,Haute-Corse,1,85,9.25207,41.89907
2B,Haute-Corse,1,86,9.24836,41.91028
2B,Haute-Corse,1,87,9.22027,41.92185
2B,Haute-Corse,1,88,9.22451,41.96778
2B,Haute-Corse,1,89,9.21656,41.99563
2B,Haute-Corse,1,90,9.22133,42.02745
2B,Haute-Corse,1,91,9.189,42.03143
2B,Haute-Corse,1,92,9.16091,42.02709
2B,Haute-Corse,1,93,9.13123,42.05349
2B,Haute-Corse,1,94,9.13494,42.08677
2B,Haute-Corse,1,95,9.12169,42.1063
2B,Haute-Corse,1,96,9.07664,42.12908
2B,Haute-Corse,1,97,9.06552,42.16235
2B,Haute-Corse,1,98,9.05015,42.17031
2B,Haute-Corse,1,99,9.04538,42.20756
2B,Haute-Corse,1,100,9.00616,42.20864
2B,Haute-Corse,1,101,8.98443,42.2242
2B,Haute-Corse,1,102,8.93991,42.23722
2B,Haute-Corse,1,103,8.92295,42.25783
2B,Haute-Corse,1,104,8.90493,42.25385
2B,Haute-Corse,1,105,8.88267,42.27049
2B,Haute-Corse,1,106,8.88479,42.28495
2B,Haute-Corse,1,107,8.86306,42.29689
2B,Haute-Corse,1,108,8.862,42.32908
2B,Haute-Corse,1,109,8.8196,42.31787
2B,Haute-Corse,1,110,8.7152,42.34752
2B,Haute-Corse,1,111,8.68181,42.35041
2B,Haute-Corse,1,112,8.64842,42.3638
2B,Haute-Corse,1,113,8.641,42.37356
2B,Haute-Corse,1,114,8.61238,42.37175
2B,Haute-Corse,1,115,8.57316,42.38152
40,Landes,1,0,-1.52139,43.5287
40,Landes,1,1,-1.45355,43.62996
40,Landes,1,2,-1.44719,43.64262
40,Landes,1,3,-1.43977,43.6994
40,Landes,1,4,-1.41221,43.79813
40,Landes,1,5,-1.37723,43.90771
40,Landes,1,6,-1.31151,44.14894
40,Landes,1,7,-1.2654,44.39233
40,Landes,1,8,-1.25374,44.46756
40,Landes,1,9,-1.10694,44.50264
40,Landes,1,10,-1.08521,44.5323
40,Landes,1,11,-1.02638,44.50698
40,Landes,1,12,-0.9914,44.51204
40,Landes,1,13,-0.9808,44.48275
40,Landes,1,14,-1.0073,44.43646
40,Landes,1,15,-0.97179,44.42922
40,Landes,1,16,-0.91933,44.44333
40,Landes,1,17,-0.9082,44.4361
40,Landes,1,18,-0.84195,44.41874
40,Landes,1,19,-0.77941,44.42922
40,Landes,1,20,-0.77252,44.44007
40,Landes,1,21,-0.73012,44.44622
40,Landes,1,22,-0.69249,44.44044
40,Landes,1,23,-0.67607,44.45743
40,Landes,1,24,-0.62784,44.44297
40,Landes,1,25,-0.62572,44.41259
40,Landes,1,26,-0.63155,44.39957
40,Landes,1,27,-0.5706,44.38257
40,Landes,1,28,-0.5282,44.36449
40,Landes,1,29,-0.5176,44.33917
40,Landes,1,30,-0.47891,44.32507
40,Landes,1,31,-0.43174,44.32253
40,Landes,1,32,-0.43015,44.30698
40,Landes,1,33,-0.40578,44.28854
40,Landes,1,34,-0.38352,44.28637
40,Landes,1,35,-0.39677,44.23646
40,Landes,1,36,-0.38988,44.20934
40,Landes,1,37,-0.31038,44.20319
40,Landes,1,38,-0.27169,44.19378
40,Landes,1,39,-0.22346,44.20608
40,Landes,1,40,-0.22611,44.26467
40,Landes,1,41,-0.18901,44.26756
40,Landes,1,42,-0.16622,44.24116
40,Landes,1,43,-0.14078,44.22633
40,Landes,1,44,-0.12965,44.20427
40,Landes,1,45,-0.12912,44.15256
40,Landes,1,46,-0.09998,44.15473
40,Landes,1,47,-0.00405,44.15002
40,Landes,1,48,0.03464,44.13049
40,Landes,1,49,0.13587,44.12398
40,Landes,1,50,0.13693,44.10988
40,Landes,1,51,0.10089,44.08673
40,Landes,1,52,0.07969,44.0361
40,Landes,1,53,0.0622,44.02127
40,Landes,1,54,0.06273,44.00066
40,Landes,1,55,0.07598,43.98294
40,Landes,1,56,0.0569,43.95147
40,Landes,1,57,0.07651,43.91567
40,Landes,1,58,0.05902,43.8994
40,Landes,1,59,0.03305,43.90012
40,Landes,1,60,-0.01995,43.92869
40,Landes,1,61,0.00337,43.94316
40,Landes,1,62,0.00549,43.9569
40,Landes,1,63,-0.03638,43.98366
40,Landes,1,64,-0.04062,43.96956
40,Landes,1,65,-0.08037,43.94279
40,Landes,1,66,-0.12595,43.94388
40,Landes,1,67,-0.18053,43.93411
40,Landes,1,68,-0.20014,43.91458
40,Landes,1,69,-0.22558,43.9135
40,Landes,1,70,-0.23406,43.89108
40,Landes,1,71,-0.19431,43.88167
40,Landes,1,72,-0.18583,43.86685
40,Landes,1,73,-0.20862,43.85744
40,Landes,1,74,-0.19378,43.84044
40,Landes,1,75,-0.19272,43.81043
40,Landes,1,76,-0.22081,43.80934
40,Landes,1,77,-0.22187,43.78728
40,Landes,1,78,-0.21286,43.75618
40,Landes,1,79,-0.19378,43.73701
40,Landes,1,80,-0.24678,43.70555
40,Landes,1,81,-0.2542,43.68349
40,Landes,1,82,-0.24413,43.66034
40,Landes,1,83,-0.28229,43.64298
40,Landes,1,84,-0.28123,43.62381
40,Landes,1,85,-0.24731,43.61586
40,Landes,1,86,-0.25367,43.59669
40,Landes,1,87,-0.24254,43.58475
40,Landes,1,88,-0.28441,43.58077
40,Landes,1,89,-0.30402,43.56125
40,Landes,1,90,-0.34165,43.55293
40,Landes,1,91,-0.35384,43.56161
40,Landes,1,92,-0.40578,43.56812
40,Landes,1,93,-0.45188,43.5504
40,Landes,1,94,-0.45824,43.56522
40,Landes,1,95,-0.43174,43.58367
40,Landes,1,96,-0.44923,43.59633
40,Landes,1,97,-0.49799,43.57535
40,Landes,1,98,-0.51124,43.56269
40,Landes,1,99,-0.55735,43.5428
40,Landes,1,100,-0.56689,43.55835
40,Landes,1,101,-0.59657,43.54099
40,Landes,1,102,-0.65699,43.55582
40,Landes,1,103,-0.73383,43.55582
40,Landes,1,104,-0.7704,43.57933
40,Landes,1,105,-0.78206,43.56414
40,Landes,1,106,-0.80326,43.55618
40,Landes,1,107,-0.82817,43.56016
40,Landes,1,108,-0.85308,43.54208
40,Landes,1,109,-0.89442,43.54967
40,Landes,1,110,-0.92198,43.53774
40,Landes,1,111,-0.95961,43.53448
40,Landes,1,112,-0.98345,43.53955
40,Landes,1,113,-0.99246,43.50446
40,Landes,1,114,-1.02373,43.50157
40,Landes,1,115,-1.07302,43.51748
40,Landes,1,116,-1.108,43.51423
40,Landes,1,117,-1.14881,43.49181
40,Landes,1,118,-1.16524,43.50808
40,Landes,1,119,-1.13291,43.50989
40,Landes,1,120,-1.16842,43.54497
40,Landes,1,121,-1.19545,43.54642
40,Landes,1,122,-1.21877,43.53014
40,Landes,1,123,-1.28766,43.49904
40,Landes,1,124,-1.32264,43.50519
40,Landes,1,125,-1.37034,43.49506
40,Landes,1,126,-1.41804,43.49687
40,Landes,1,127,-1.43341,43.51423
40,Landes,1,128,-1.46574,43.5164
40,Landes,1,129,-1.46097,43.53304
40,Landes,1,130,-1.47846,43.53991
40,Landes,1,131,-1.50178,43.52725
40,Landes,1,132,-1.52139,43.5287
87,Haute-Vienne,1,0,0.62928,45.71492
87,Haute-Vienne,1,1,0.64889,45.73481
87,Haute-Vienne,1,2,0.695,45.76229
87,Haute-Vienne,1,3,0.71513,45.76302
87,Haute-Vienne,1,4,0.70825,45.78653
87,Haute-Vienne,1,5,0.71831,45.80606
87,Haute-Vienne,1,6,0.77767,45.79846
87,Haute-Vienne,1,7,0.78244,45.82052
87,Haute-Vienne,1,8,0.80364,45.83969
87,Haute-Vienne,1,9,0.82696,45.88273
87,Haute-Vienne,1,10,0.81265,45.89864
87,Haute-Vienne,1,11,0.81212,45.93119
87,Haute-Vienne,1,12,0.87678,45.92142
87,Haute-Vienne,1,13,0.90699,45.93553
87,Haute-Vienne,1,14,0.9425,45.96518
87,Haute-Vienne,1,15,0.93455,45.99267
87,Haute-Vienne,1,16,0.91653,46.01365
87,Haute-Vienne,1,17,0.88367,46.03173
87,Haute-Vienne,1,18,0.87307,46.02196
87,Haute-Vienne,1,19,0.81795,46.048
87,Haute-Vienne,1,20,0.82802,46.06826
87,Haute-Vienne,1,21,0.81901,46.07658
87,Haute-Vienne,1,22,0.83332,46.10478
87,Haute-Vienne,1,23,0.82325,46.12865
87,Haute-Vienne,1,24,0.8418,46.13408
87,Haute-Vienne,1,25,0.83438,46.16337
87,Haute-Vienne,1,26,0.81795,46.19158
87,Haute-Vienne,1,27,0.7941,46.21401
87,Haute-Vienne,1,28,0.81,46.22847
87,Haute-Vienne,1,29,0.84657,46.22919
87,Haute-Vienne,1,30,0.84445,46.24149
87,Haute-Vienne,1,31,0.86141,46.26174
87,Haute-Vienne,1,32,0.89056,46.26862
87,Haute-Vienne,1,33,0.90169,46.28417
87,Haute-Vienne,1,34,0.94939,46.2867
87,Haute-Vienne,1,35,0.99655,46.28344
87,Haute-Vienne,1,36,1.02517,46.32069
87,Haute-Vienne,1,37,1.02676,46.34348
87,Haute-Vienne,1,38,1.05008,46.35686
87,Haute-Vienne,1,39,1.09672,46.36192
87,Haute-Vienne,1,40,1.13011,46.36011
87,Haute-Vienne,1,41,1.15979,46.39049
87,Haute-Vienne,1,42,1.17728,46.38398
87,Haute-Vienne,1,43,1.2059,46.38796
87,Haute-Vienne,1,44,1.21915,46.36554
87,Haute-Vienne,1,45,1.25148,46.37711
87,Haute-Vienne,1,46,1.28274,46.37205
87,Haute-Vienne,1,47,1.31401,46.3753
87,Haute-Vienne,1,48,1.31613,46.39628
87,Haute-Vienne,1,49,1.35641,46.40026
87,Haute-Vienne,1,50,1.38344,46.37458
87,Haute-Vienne,1,51,1.39669,46.37205
87,Haute-Vienne,1,52,1.41577,46.34673
87,Haute-Vienne,1,53,1.44121,46.33588
87,Haute-Vienne,1,54,1.4428,46.30731
87,Haute-Vienne,1,55,1.42531,46.29791
87,Haute-Vienne,1,56,1.4057,46.25994
87,Haute-Vienne,1,57,1.41842,46.2433
87,Haute-Vienne,1,58,1.38874,46.23173
87,Haute-Vienne,1,59,1.37867,46.21111
87,Haute-Vienne,1,60,1.39881,46.18507
87,Haute-Vienne,1,61,1.46294,46.16807
87,Haute-Vienne,1,62,1.45181,46.15325
87,Haute-Vienne,1,63,1.49474,46.13553
87,Haute-Vienne,1,64,1.50693,46.12214
87,Haute-Vienne,1,65,1.48838,46.11021
87,Haute-Vienne,1,66,1.54191,46.07802
87,Haute-Vienne,1,67,1.53237,46.05524
87,Haute-Vienne,1,68,1.54244,46.04041
87,Haute-Vienne,1,69,1.53343,46.0122
87,Haute-Vienne,1,70,1.53767,45.99737
87,Haute-Vienne,1,71,1.56204,45.9981
87,Haute-Vienne,1,72,1.57741,45.97784
87,Haute-Vienne,1,73,1.54191,45.95542
87,Haute-Vienne,1,74,1.51912,45.95072
87,Haute-Vienne,1,75,1.51435,45.93083
87,Haute-Vienne,1,76,1.5472,45.91708
87,Haute-Vienne,1,77,1.57847,45.91853
87,Haute-Vienne,1,78,1.579,45.93155
87,Haute-Vienne,1,79,1.6214,45.93083
87,Haute-Vienne,1,80,1.6426,45.89285
87,Haute-Vienne,1,81,1.6002,45.89068
87,Haute-Vienne,1,82,1.60391,45.8603
87,Haute-Vienne,1,83,1.65956,45.83463
87,Haute-Vienne,1,84,1.69136,45.84403
87,Haute-Vienne,1,85,1.71521,45.84005
87,Haute-Vienne,1,86,1.75549,45.8556
87,Haute-Vienne,1,87,1.77987,45.85343
87,Haute-Vienne,1,88,1.77616,45.83282
87,Haute-Vienne,1,89,1.80902,45.82161
87,Haute-Vienne,1,90,1.83021,45.82197
87,Haute-Vienne,1,91,1.88745,45.7905
87,Haute-Vienne,1,92,1.89858,45.76085
87,Haute-Vienne,1,93,1.8742,45.73228
87,Haute-Vienne,1,94,1.89911,45.69864
87,Haute-Vienne,1,95,1.91024,45.6802
87,Haute-Vienne,1,96,1.87473,45.66465
87,Haute-Vienne,1,97,1.84558,45.66212
87,Haute-Vienne,1,98,1.81856,45.67658
87,Haute-Vienne,1,99,1.78411,45.6802
87,Haute-Vienne,1,100,1.77457,45.6585
87,Haute-Vienne,1,101,1.72581,45.63897
87,Haute-Vienne,1,102,1.70991,45.63933
87,Haute-Vienne,1,103,1.66486,45.61184
87,Haute-Vienne,1,104,1.65797,45.59376
87,Haute-Vienne,1,105,1.63465,45.58074
87,Haute-Vienne,1,106,1.5949,45.57821
87,Haute-Vienne,1,107,1.58271,45.55506
87,Haute-Vienne,1,108,1.56151,45.55109
87,Haute-Vienne,1,109,1.5223,45.56085
87,Haute-Vienne,1,110,1.50852,45.55072
87,Haute-Vienne,1,111,1.45552,45.55326
87,Haute-Vienne,1,112,1.44651,45.52649
87,Haute-Vienne,1,113,1.41206,45.5283
87,Haute-Vienne,1,114,1.38927,45.49611
87,Haute-Vienne,1,115,1.37708,45.49539
87,Haute-Vienne,1,116,1.34952,45.46718
87,Haute-Vienne,1,117,1.28539,45.49033
87,Haute-Vienne,1,118,1.26896,45.47622
87,Haute-Vienne,1,119,1.25307,45.4444
87,Haute-Vienne,1,120,1.20643,45.46248
87,Haute-Vienne,1,121,1.18523,45.45525
87,Haute-Vienne,1,122,1.15979,45.47839
87,Haute-Vienne,1,123,1.137,45.47188
87,Haute-Vienne,1,124,1.12004,45.4878
87,Haute-Vienne,1,125,1.16244,45.52794
87,Haute-Vienne,1,126,1.11315,45.54638
87,Haute-Vienne,1,127,1.08559,45.5312
87,Haute-Vienne,1,128,1.07393,45.54638
87,Haute-Vienne,1,129,1.05008,45.55687
87,Haute-Vienne,1,130,1.03471,45.57423
87,Haute-Vienne,1,131,1.03577,45.60027
87,Haute-Vienne,1,132,1.00291,45.61148
87,Haute-Vienne,1,133,0.98013,45.60317
87,Haute-Vienne,1,134,0.94462,45.61184
87,Haute-Vienne,1,135,0.89374,45.601
87,Haute-Vienne,1,136,0.86936,45.62342
87,Haute-Vienne,1,137,0.84127,45.58183
87,Haute-Vienne,1,138,0.81106,45.57604
87,Haute-Vienne,1,139,0.80682,45.59485
87,Haute-Vienne,1,140,0.78032,45.59087
87,Haute-Vienne,1,141,0.75223,45.61727
87,Haute-Vienne,1,142,0.76389,45.62957
87,Haute-Vienne,1,143,0.77714,45.66501
87,Haute-Vienne,1,144,0.73845,45.69032
87,Haute-Vienne,1,145,0.72043,45.69575
87,Haute-Vienne,1,146,0.6685,45.68598
87,Haute-Vienne,1,147,0.64253,45.6972
87,Haute-Vienne,1,148,0.62928,45.71492
03,Allier,1,0,2.56636,46.14312
03,Allier,1,1,2.55947,46.17386
03,Allier,1,2,2.5282,46.18507
03,Allier,1,3,2.51601,46.23968
03,Allier,1,4,2.48951,46.24764
03,Allier,1,5,2.47679,46.2697
03,Allier,1,6,2.4805,46.28091
03,Allier,1,7,2.44287,46.29502
03,Allier,1,8,2.38722,46.33046
03,Allier,1,9,2.3708,46.31274
03,Allier,1,10,2.3549,46.32576
03,Allier,1,11,2.33423,46.32612
03,Allier,1,12,2.30084,46.34384
03,Allier,1,13,2.33317,46.36518
03,Allier,1,14,2.32204,46.37711
03,Allier,1,15,2.28759,46.38218
03,Allier,1,16,2.28123,46.42051
03,Allier,1,17,2.286,46.45415
03,Allier,1,18,2.30561,46.47548
03,Allier,1,19,2.32734,46.47476
03,Allier,1,20,2.33264,46.49863
03,Allier,1,21,2.36815,46.51852
03,Allier,1,22,2.45082,46.52178
03,Allier,1,23,2.48262,46.53263
03,Allier,1,24,2.49587,46.52322
03,Allier,1,25,2.52025,46.53118
03,Allier,1,26,2.53668,46.51961
03,Allier,1,27,2.57272,46.53443
03,Allier,1,28,2.613,46.55649
03,Allier,1,29,2.59922,46.59519
03,Allier,1,30,2.58173,46.59338
03,Allier,1,31,2.59286,46.64655
03,Allier,1,32,2.5706,46.65921
03,Allier,1,33,2.63155,46.66861
03,Allier,1,34,2.64533,46.68778
03,Allier,1,35,2.67765,46.70441
03,Allier,1,36,2.70468,46.73913
03,Allier,1,37,2.72906,46.74854
03,Allier,1,38,2.75874,46.71779
03,Allier,1,39,2.79743,46.73407
03,Allier,1,40,2.82764,46.73552
03,Allier,1,41,2.90502,46.77747
03,Allier,1,42,2.9082,46.78796
03,Allier,1,43,2.96066,46.80387
03,Allier,1,44,3.03221,46.79483
03,Allier,1,45,3.04864,46.7583
03,Allier,1,46,3.08362,46.73769
03,Allier,1,47,3.13291,46.72503
03,Allier,1,48,3.1663,46.69139
03,Allier,1,49,3.20446,46.67874
03,Allier,1,50,3.26911,46.71635
03,Allier,1,51,3.29879,46.71309
03,Allier,1,52,3.31151,46.6932
03,Allier,1,53,3.33536,46.68525
03,Allier,1,54,3.36928,46.69465
03,Allier,1,55,3.38995,46.7149
03,Allier,1,56,3.43447,46.71237
03,Allier,1,57,3.43288,46.69429
03,Allier,1,58,3.45461,46.68163
03,Allier,1,59,3.44719,46.66355
03,Allier,1,60,3.45673,46.65161
03,Allier,1,61,3.48588,46.6527
03,Allier,1,62,3.51237,46.68018
03,Allier,1,63,3.53039,46.68922
03,Allier,1,64,3.56113,46.68886
03,Allier,1,65,3.54788,46.70622
03,Allier,1,66,3.55954,46.71743
03,Allier,1,67,3.5977,46.7243
03,Allier,1,68,3.57968,46.74998
03,Allier,1,69,3.6295,46.74962
03,Allier,1,70,3.63745,46.70731
03,Allier,1,71,3.65547,46.68778
03,Allier,1,72,3.69787,46.65921
03,Allier,1,73,3.72278,46.62196
03,Allier,1,74,3.71324,46.61291
03,Allier,1,75,3.73497,46.59736
03,Allier,1,76,3.74186,46.53914
03,Allier,1,77,3.76677,46.53877
03,Allier,1,78,3.8028,46.51961
03,Allier,1,79,3.8346,46.53118
03,Allier,1,80,3.8611,46.49284
03,Allier,1,81,3.89131,46.48091
03,Allier,1,82,3.90986,46.49537
03,Allier,1,83,3.94961,46.49248
03,Allier,1,84,3.96074,46.47765
03,Allier,1,85,3.99837,46.46536
03,Allier,1,86,4.00049,46.4433
03,Allier,1,87,3.98883,46.40894
03,Allier,1,88,3.9777,46.39773
03,Allier,1,89,3.99148,46.37096
03,Allier,1,90,3.98512,46.31744
03,Allier,1,91,3.94908,46.31491
03,Allier,1,92,3.94749,46.30333
03,Allier,1,93,3.9141,46.29682
03,Allier,1,94,3.89979,46.27585
03,Allier,1,95,3.87753,46.27585
03,Allier,1,96,3.86799,46.26247
03,Allier,1,97,3.80439,46.25632
03,Allier,1,98,3.8028,46.2386
03,Allier,1,99,3.77789,46.2433
03,Allier,1,100,3.77313,46.22702
03,Allier,1,101,3.79114,46.21039
03,Allier,1,102,3.79273,46.18254
03,Allier,1,103,3.8081,46.16156
03,Allier,1,104,3.78955,46.15505
03,Allier,1,105,3.80015,46.12829
03,Allier,1,106,3.79326,46.11238
03,Allier,1,107,3.82188,46.08815
03,Allier,1,108,3.80757,46.06175
03,Allier,1,109,3.80704,46.04547
03,Allier,1,110,3.82506,45.99556
03,Allier,1,111,3.77789,45.97278
03,Allier,1,112,3.75988,45.98146
03,Allier,1,113,3.74186,45.96591
03,Allier,1,114,3.70953,45.97423
03,Allier,1,115,3.69257,45.94493
03,Allier,1,116,3.69416,45.93083
03,Allier,1,117,3.66978,45.96121
03,Allier,1,118,3.63215,45.96084
03,Allier,1,119,3.62897,45.9782
03,Allier,1,120,3.60088,46.01545
03,Allier,1,121,3.56961,46.01762
03,Allier,1,122,3.48217,46.01437
03,Allier,1,123,3.46415,46.00822
03,Allier,1,124,3.46786,46.04511
03,Allier,1,125,3.45302,46.06392
03,Allier,1,126,3.43553,46.0603
03,Allier,1,127,3.41963,46.07441
03,Allier,1,128,3.35232,46.05198
03,Allier,1,129,3.31363,46.05668
03,Allier,1,130,3.3025,46.06609
03,Allier,1,131,3.24261,46.06283
03,Allier,1,132,3.21453,46.07477
03,Allier,1,133,3.17955,46.07368
03,Allier,1,134,3.16895,46.06573
03,Allier,1,135,3.12867,46.07151
03,Allier,1,136,3.10323,46.08128
03,Allier,1,137,3.0921,46.11238
03,Allier,1,138,3.05447,46.10189
03,Allier,1,139,3.01419,46.10406
03,Allier,1,140,2.99352,46.12395
03,Allier,1,141,2.96172,46.13155
03,Allier,1,142,2.95324,46.17097
03,Allier,1,143,2.91032,46.17856
03,Allier,1,144,2.92092,46.18941
03,Allier,1,145,2.91032,46.20496
03,Allier,1,146,2.94105,46.23932
03,Allier,1,147,2.92569,46.24945
03,Allier,1,148,2.88965,46.25343
03,Allier,1,149,2.83824,46.25126
03,Allier,1,150,2.81863,46.23281
03,Allier,1,151,2.81439,46.20026
03,Allier,1,152,2.79107,46.19918
03,Allier,1,153,2.73277,46.22341
03,Allier,1,154,2.72111,46.21184
03,Allier,1,155,2.72323,46.18146
03,Allier,1,156,2.675,46.17097
03,Allier,1,157,2.67288,46.15578
03,Allier,1,158,2.65434,46.12431
03,Allier,1,159,2.64056,46.11853
03,Allier,1,160,2.56636,46.14312
58,Nièvre,1,0,2.87428,47.52031
58,Nièvre,1,1,2.84513,47.54491
58,Nièvre,1,2,2.89495,47.55395
58,Nièvre,1,3,2.91456,47.56588
58,Nièvre,1,4,2.95854,47.55756
58,Nièvre,1,5,2.97656,47.5695
58,Nièvre,1,6,3.01843,47.55756
58,Nièvre,1,7,3.0603,47.5695
58,Nièvre,1,8,3.08044,47.58577
58,Nièvre,1,9,3.12019,47.5789
58,Nièvre,1,10,3.11648,47.56299
58,Nièvre,1,11,3.16524,47.51742
58,Nièvre,1,12,3.20446,47.52321
58,Nièvre,1,13,3.23625,47.48849
58,Nièvre,1,14,3.27282,47.49138
58,Nièvre,1,15,3.28501,47.50404
58,Nièvre,1,16,3.33854,47.47583
58,Nièvre,1,17,3.38253,47.48885
58,Nièvre,1,18,3.39843,47.50874
58,Nièvre,1,19,3.44083,47.50802
58,Nièvre,1,20,3.488,47.49355
58,Nièvre,1,21,3.49383,47.54635
58,Nièvre,1,22,3.51025,47.54925
58,Nièvre,1,23,3.51608,47.52574
58,Nièvre,1,24,3.57544,47.48632
58,Nièvre,1,25,3.58339,47.46136
58,Nièvre,1,26,3.61784,47.46462
58,Nièvre,1,27,3.62897,47.45485
58,Nièvre,1,28,3.67932,47.44726
58,Nièvre,1,29,3.71483,47.40675
58,Nièvre,1,30,3.7408,47.39663
58,Nièvre,1,31,3.77683,47.40494
58,Nièvre,1,32,3.78584,47.39048
58,Nièvre,1,33,3.81658,47.37854
58,Nièvre,1,34,3.84679,47.4129
58,Nièvre,1,35,3.85156,47.43569
58,Nièvre,1,36,3.87965,47.4299
58,Nièvre,1,37,3.8929,47.41073
58,Nièvre,1,38,3.86004,47.39156
58,Nièvre,1,39,3.87223,47.36589
58,Nièvre,1,40,3.9088,47.38216
58,Nièvre,1,41,3.93265,47.37963
58,Nièvre,1,42,3.96074,47.38578
58,Nièvre,1,43,3.96975,47.34238
58,Nièvre,1,44,3.983,47.32249
58,Nièvre,1,45,4.00579,47.31127
58,Nièvre,1,46,4.02805,47.31706
58,Nièvre,1,47,4.05137,47.34021
58,Nièvre,1,48,4.10595,47.33912
58,Nièvre,1,49,4.12556,47.33659
58,Nièvre,1,50,4.1245,47.30368
58,Nièvre,1,51,4.11655,47.27764
58,Nièvre,1,52,4.1351,47.2375
58,Nièvre,1,53,4.16637,47.24979
58,Nièvre,1,54,4.18704,47.24509
58,Nièvre,1,55,4.22096,47.21616
58,Nièvre,1,56,4.22997,47.19518
58,Nièvre,1,57,4.21142,47.1771
58,Nièvre,1,58,4.20983,47.1554
58,Nièvre,1,59,4.18174,47.15034
58,Nièvre,1,60,4.13722,47.1431
58,Nièvre,1,61,4.11496,47.146
58,Nièvre,1,62,4.11655,47.12321
58,Nièvre,1,63,4.09058,47.11634
58,Nièvre,1,64,4.06143,47.12104
58,Nièvre,1,65,4.03918,47.07981
58,Nièvre,1,66,4.07203,47.0545
58,Nièvre,1,67,4.05931,47.04112
58,Nièvre,1,68,4.05507,47.01255
58,Nièvre,1,69,3.99625,46.98687
58,Nièvre,1,70,4.01692,46.97276
58,Nièvre,1,71,4.03918,46.98542
58,Nièvre,1,72,4.0556,46.95721
58,Nièvre,1,73,4.03918,46.94347
58,Nièvre,1,74,4.03653,46.92683
58,Nièvre,1,75,4.04607,46.89971
58,Nièvre,1,76,4.06249,46.89862
58,Nièvre,1,77,4.09482,46.87331
58,Nièvre,1,78,4.10118,46.8592
58,Nièvre,1,79,4.05719,46.84365
58,Nièvre,1,80,4.06302,46.78904
58,Nièvre,1,81,4.03335,46.78687
58,Nièvre,1,82,4.01904,46.77602
58,Nièvre,1,83,3.9936,46.77819
58,Nièvre,1,84,3.96657,46.76915
58,Nièvre,1,85,3.95703,46.75613
58,Nièvre,1,86,3.92629,46.74166
58,Nièvre,1,87,3.84467,46.7225
58,Nièvre,1,88,3.82665,46.70477
58,Nièvre,1,89,3.7975,46.70152
58,Nièvre,1,90,3.78372,46.73624
58,Nièvre,1,91,3.73709,46.75251
58,Nièvre,1,92,3.67296,46.73913
58,Nièvre,1,93,3.6295,46.74962
58,Nièvre,1,94,3.57968,46.74998
58,Nièvre,1,95,3.5977,46.7243
58,Nièvre,1,96,3.55954,46.71743
58,Nièvre,1,97,3.54788,46.70622
58,Nièvre,1,98,3.56113,46.68886
58,Nièvre,1,99,3.53039,46.68922
58,Nièvre,1,100,3.51237,46.68018
58,Nièvre,1,101,3.48588,46.6527
58,Nièvre,1,102,3.45673,46.65161
58,Nièvre,1,103,3.44719,46.66355
58,Nièvre,1,104,3.45461,46.68163
58,Nièvre,1,105,3.43288,46.69429
58,Nièvre,1,106,3.43447,46.71237
58,Nièvre,1,107,3.38995,46.7149
58,Nièvre,1,108,3.36928,46.69465
58,Nièvre,1,109,3.33536,46.68525
58,Nièvre,1,110,3.31151,46.6932
58,Nièvre,1,111,3.29879,46.71309
58,Nièvre,1,112,3.26911,46.71635
58,Nièvre,1,113,3.20446,46.67874
58,Nièvre,1,114,3.1663,46.69139
58,Nièvre,1,115,3.13291,46.72503
58,Nièvre,1,116,3.08362,46.73769
58,Nièvre,1,117,3.04864,46.7583
58,Nièvre,1,118,3.03221,46.79483
58,Nièvre,1,119,3.05924,46.82665
58,Nièvre,1,120,3.06931,46.85233
58,Nièvre,1,121,3.06825,46.87765
58,Nièvre,1,122,3.05394,46.91743
58,Nièvre,1,123,3.07938,46.95432
58,Nièvre,1,124,3.06295,46.98072
58,Nièvre,1,125,3.07461,47.02991
58,Nièvre,1,126,3.06189,47.04546
58,Nièvre,1,127,3.02956,47.05848
58,Nièvre,1,128,3.02002,47.0762
58,Nièvre,1,129,3.03115,47.09211
58,Nièvre,1,130,3.0285,47.12828
58,Nièvre,1,131,3.00889,47.18035
58,Nièvre,1,132,2.98186,47.22195
58,Nièvre,1,133,2.98292,47.26064
58,Nièvre,1,134,2.93682,47.28885
58,Nièvre,1,135,2.90926,47.31055
58,Nièvre,1,136,2.8764,47.32176
58,Nièvre,1,137,2.86951,47.34093
58,Nièvre,1,138,2.9188,47.40639
58,Nièvre,1,139,2.93099,47.44075
58,Nièvre,1,140,2.91403,47.47077
58,Nièvre,1,141,2.89919,47.48053
58,Nièvre,1,142,2.88965,47.50765
58,Nièvre,1,143,2.87428,47.52031
47,Lot-et-Garonne,1,0,0.07598,43.98294
47,Lot-et-Garonne,1,1,0.06273,44.00066
47,Lot-et-Garonne,1,2,0.0622,44.02127
47,Lot-et-Garonne,1,3,0.07969,44.0361
47,Lot-et-Garonne,1,4,0.10089,44.08673
47,Lot-et-Garonne,1,5,0.13693,44.10988
47,Lot-et-Garonne,1,6,0.13587,44.12398
47,Lot-et-Garonne,1,7,0.03464,44.13049
47,Lot-et-Garonne,1,8,-0.00405,44.15002
47,Lot-et-Garonne,1,9,-0.09998,44.15473
47,Lot-et-Garonne,1,10,-0.12912,44.15256
47,Lot-et-Garonne,1,11,-0.12965,44.20427
47,Lot-et-Garonne,1,12,-0.14078,44.22633
47,Lot-et-Garonne,1,13,-0.12012,44.23682
47,Lot-et-Garonne,1,14,-0.09044,44.23827
47,Lot-et-Garonne,1,15,-0.05334,44.26575
47,Lot-et-Garonne,1,16,-0.0332,44.2719
47,Lot-et-Garonne,1,17,-0.03479,44.29686
47,Lot-et-Garonne,1,18,-0.0597,44.32145
47,Lot-et-Garonne,1,19,-0.08567,44.33772
47,Lot-et-Garonne,1,20,-0.07878,44.35364
47,Lot-et-Garonne,1,21,-0.02949,44.36051
47,Lot-et-Garonne,1,22,0.01874,44.38944
47,Lot-et-Garonne,1,23,-0.01041,44.41874
47,Lot-et-Garonne,1,24,0.00496,44.45671
47,Lot-et-Garonne,1,25,-0.012,44.46069
47,Lot-et-Garonne,1,26,-0.01571,44.50553
47,Lot-et-Garonne,1,27,0.01821,44.53049
47,Lot-et-Garonne,1,28,0.03782,44.55436
47,Lot-et-Garonne,1,29,0.06379,44.55074
47,Lot-et-Garonne,1,30,0.08605,44.5757
47,Lot-et-Garonne,1,31,0.15441,44.61548
47,Lot-et-Garonne,1,32,0.1825,44.66141
47,Lot-et-Garonne,1,33,0.16289,44.67045
47,Lot-et-Garonne,1,34,0.14488,44.66539
47,Lot-et-Garonne,1,35,0.13428,44.68238
47,Lot-et-Garonne,1,36,0.10725,44.68564
47,Lot-et-Garonne,1,37,0.10036,44.70119
47,Lot-et-Garonne,1,38,0.11785,44.71313
47,Lot-et-Garonne,1,39,0.13799,44.71204
47,Lot-et-Garonne,1,40,0.13799,44.73265
47,Lot-et-Garonne,1,41,0.17296,44.73446
47,Lot-et-Garonne,1,42,0.19204,44.74567
47,Lot-et-Garonne,1,43,0.20105,44.72253
47,Lot-et-Garonne,1,44,0.22649,44.76448
47,Lot-et-Garonne,1,45,0.25617,44.75001
47,Lot-et-Garonne,1,46,0.29698,44.76231
47,Lot-et-Garonne,1,47,0.32295,44.74712
47,Lot-et-Garonne,1,48,0.3468,44.72217
47,Lot-et-Garonne,1,49,0.34097,44.70228
47,Lot-et-Garonne,1,50,0.35952,44.69143
47,Lot-et-Garonne,1,51,0.34945,44.67045
47,Lot-et-Garonne,1,52,0.41676,44.64513
47,Lot-et-Garonne,1,53,0.45226,44.65562
47,Lot-et-Garonne,1,54,0.47081,44.66973
47,Lot-et-Garonne,1,55,0.48989,44.66647
47,Lot-et-Garonne,1,56,0.5148,44.67841
47,Lot-et-Garonne,1,57,0.55402,44.66828
47,Lot-et-Garonne,1,58,0.57151,44.67587
47,Lot-et-Garonne,1,59,0.5837,44.69757
47,Lot-et-Garonne,1,60,0.60967,44.69504
47,Lot-et-Garonne,1,61,0.62981,44.70517
47,Lot-et-Garonne,1,62,0.65578,44.6954
47,Lot-et-Garonne,1,63,0.65737,44.67768
47,Lot-et-Garonne,1,64,0.72944,44.67587
47,Lot-et-Garonne,1,65,0.76283,44.68998
47,Lot-et-Garonne,1,66,0.77979,44.68347
47,Lot-et-Garonne,1,67,0.79728,44.70191
47,Lot-et-Garonne,1,68,0.81901,44.69577
47,Lot-et-Garonne,1,69,0.83491,44.65345
47,Lot-et-Garonne,1,70,0.83703,44.6162
47,Lot-et-Garonne,1,71,0.84445,44.60137
47,Lot-et-Garonne,1,72,0.86989,44.59739
47,Lot-et-Garonne,1,73,0.87413,44.61041
47,Lot-et-Garonne,1,74,0.89692,44.61584
47,Lot-et-Garonne,1,75,0.94674,44.64116
47,Lot-et-Garonne,1,76,0.9796,44.64405
47,Lot-et-Garonne,1,77,1.01245,44.61584
47,Lot-et-Garonne,1,78,1.0734,44.59522
47,Lot-et-Garonne,1,79,1.07499,44.5775
47,Lot-et-Garonne,1,80,1.01033,44.54423
47,Lot-et-Garonne,1,81,0.98172,44.54459
47,Lot-et-Garonne,1,82,1.01616,44.50626
47,Lot-et-Garonne,1,83,1.02623,44.44224
47,Lot-et-Garonne,1,84,1.0575,44.42778
47,Lot-et-Garonne,1,85,1.06439,44.37859
47,Lot-et-Garonne,1,86,1.04849,44.36232
47,Lot-et-Garonne,1,87,0.99655,44.36919
47,Lot-et-Garonne,1,88,0.98225,44.3587
47,Lot-et-Garonne,1,89,0.95098,44.36051
47,Lot-et-Garonne,1,90,0.91971,44.38438
47,Lot-et-Garonne,1,91,0.9001,44.38112
47,Lot-et-Garonne,1,92,0.88685,44.36557
47,Lot-et-Garonne,1,93,0.89586,44.3464
47,Lot-et-Garonne,1,94,0.86936,44.31132
47,Lot-et-Garonne,1,95,0.8948,44.29686
47,Lot-et-Garonne,1,96,0.91653,44.30228
47,Lot-et-Garonne,1,97,0.92554,44.28709
47,Lot-et-Garonne,1,98,0.95098,44.27516
47,Lot-et-Garonne,1,99,0.91865,44.23827
47,Lot-et-Garonne,1,100,0.92925,44.23031
47,Lot-et-Garonne,1,101,0.90646,44.19053
47,Lot-et-Garonne,1,102,0.86618,44.19342
47,Lot-et-Garonne,1,103,0.85293,44.17498
47,Lot-et-Garonne,1,104,0.89056,44.16992
47,Lot-et-Garonne,1,105,0.88844,44.14749
47,Lot-et-Garonne,1,106,0.86671,44.12652
47,Lot-et-Garonne,1,107,0.81954,44.14388
47,Lot-et-Garonne,1,108,0.79516,44.14568
47,Lot-et-Garonne,1,109,0.79622,44.1153
47,Lot-et-Garonne,1,110,0.77502,44.11675
47,Lot-et-Garonne,1,111,0.75594,44.10699
47,Lot-et-Garonne,1,112,0.73845,44.07552
47,Lot-et-Garonne,1,113,0.74163,44.0654
47,Lot-et-Garonne,1,114,0.70719,44.05708
47,Lot-et-Garonne,1,115,0.68493,44.04514
47,Lot-et-Garonne,1,116,0.67963,44.02959
47,Lot-et-Garonne,1,117,0.66161,44.02453
47,Lot-et-Garonne,1,118,0.65101,44.04117
47,Lot-et-Garonne,1,119,0.60119,44.07805
47,Lot-et-Garonne,1,120,0.58529,44.07661
47,Lot-et-Garonne,1,121,0.56621,44.05997
47,Lot-et-Garonne,1,122,0.53494,44.05491
47,Lot-et-Garonne,1,123,0.45968,44.05563
47,Lot-et-Garonne,1,124,0.44272,44.02887
47,Lot-et-Garonne,1,125,0.41676,44.02923
47,Lot-et-Garonne,1,126,0.38125,44.00645
47,Lot-et-Garonne,1,127,0.3574,44.01621
47,Lot-et-Garonne,1,128,0.29857,43.9927
47,Lot-et-Garonne,1,129,0.26942,44.00428
47,Lot-et-Garonne,1,130,0.24822,44.00428
47,Lot-et-Garonne,1,131,0.21324,44.02164
47,Lot-et-Garonne,1,132,0.18992,44.01513
47,Lot-et-Garonne,1,133,0.16554,43.99306
47,Lot-et-Garonne,1,134,0.15865,43.97354
47,Lot-et-Garonne,1,135,0.13852,43.97462
47,Lot-et-Garonne,1,136,0.14117,43.99487
47,Lot-et-Garonne,1,137,0.12739,44.00247
47,Lot-et-Garonne,1,138,0.10725,43.98547
47,Lot-et-Garonne,1,139,0.07598,43.98294
41,Loir-et-Cher,1,0,0.61497,47.69427
41,Loir-et-Cher,1,1,0.58052,47.71235
41,Loir-et-Cher,1,2,0.61126,47.7279
41,Loir-et-Cher,1,3,0.62663,47.75177
41,Loir-et-Cher,1,4,0.64624,47.75322
41,Loir-et-Cher,1,5,0.67486,47.76877
41,Loir-et-Cher,1,6,0.69712,47.76443
41,Loir-et-Cher,1,7,0.71195,47.78722
41,Loir-et-Cher,1,8,0.73951,47.81145
41,Loir-et-Cher,1,9,0.74534,47.82628
41,Loir-et-Cher,1,10,0.77449,47.84002
41,Loir-et-Cher,1,11,0.75753,47.88378
41,Loir-et-Cher,1,12,0.75965,47.89969
41,Loir-et-Cher,1,13,0.78986,47.91199
41,Loir-et-Cher,1,14,0.81106,47.9062
41,Loir-et-Cher,1,15,0.81636,47.93441
41,Loir-et-Cher,1,16,0.84816,47.94201
41,Loir-et-Cher,1,17,0.82431,47.98179
41,Loir-et-Cher,1,18,0.8418,48.0288
41,Loir-et-Cher,1,19,0.79728,48.03712
41,Loir-et-Cher,1,20,0.80258,48.07148
41,Loir-et-Cher,1,21,0.84339,48.07256
41,Loir-et-Cher,1,22,0.84127,48.10294
41,Loir-et-Cher,1,23,0.87678,48.10982
41,Loir-et-Cher,1,24,0.89215,48.10186
41,Loir-et-Cher,1,25,0.94409,48.11271
41,Loir-et-Cher,1,26,0.94833,48.09788
41,Loir-et-Cher,1,27,0.99708,48.12754
41,Loir-et-Cher,1,28,1.03948,48.13151
41,Loir-et-Cher,1,29,1.04478,48.11777
41,Loir-et-Cher,1,30,1.00556,48.1062
41,Loir-et-Cher,1,31,0.99708,48.08739
41,Loir-et-Cher,1,32,1.0628,48.08667
41,Loir-et-Cher,1,33,1.08135,48.07799
41,Loir-et-Cher,1,34,1.11209,48.08088
41,Loir-et-Cher,1,35,1.10626,48.06027
41,Loir-et-Cher,1,36,1.12004,48.04038
41,Loir-et-Cher,1,37,1.14389,48.0288
41,Loir-et-Cher,1,38,1.16615,48.02844
41,Loir-et-Cher,1,39,1.19636,47.97745
41,Loir-et-Cher,1,40,1.24777,47.97853
41,Loir-et-Cher,1,41,1.27373,47.96479
41,Loir-et-Cher,1,42,1.2997,47.96805
41,Loir-et-Cher,1,43,1.31295,47.95575
41,Loir-et-Cher,1,44,1.34581,47.96515
41,Loir-et-Cher,1,45,1.36966,47.95394
41,Loir-et-Cher,1,46,1.38503,47.98034
41,Loir-et-Cher,1,47,1.40464,47.9713
41,Loir-et-Cher,1,48,1.4375,47.97709
41,Loir-et-Cher,1,49,1.43273,48.00855
41,Loir-et-Cher,1,50,1.45764,48.00783
41,Loir-et-Cher,1,51,1.49898,47.98504
41,Loir-et-Cher,1,52,1.52018,47.98215
41,Loir-et-Cher,1,53,1.56469,47.98974
41,Loir-et-Cher,1,54,1.56628,47.97419
41,Loir-et-Cher,1,55,1.52548,47.94201
41,Loir-et-Cher,1,56,1.52548,47.92935
41,Loir-et-Cher,1,57,1.55356,47.92067
41,Loir-et-Cher,1,58,1.58165,47.90222
41,Loir-et-Cher,1,59,1.58854,47.8798
41,Loir-et-Cher,1,60,1.56204,47.85231
41,Loir-et-Cher,1,61,1.53131,47.82881
41,Loir-et-Cher,1,62,1.57052,47.79698
41,Loir-et-Cher,1,63,1.54773,47.7695
41,Loir-et-Cher,1,64,1.61345,47.73658
41,Loir-et-Cher,1,65,1.6267,47.76118
41,Loir-et-Cher,1,66,1.66804,47.74237
41,Loir-et-Cher,1,67,1.70779,47.73369
41,Loir-et-Cher,1,68,1.72793,47.6997
41,Loir-et-Cher,1,69,1.73005,47.68451
41,Loir-et-Cher,1,70,1.7486,47.65593
41,Loir-et-Cher,1,71,1.78146,47.65232
41,Loir-et-Cher,1,72,1.83922,47.6563
41,Loir-et-Cher,1,73,1.84346,47.68631
41,Loir-et-Cher,1,74,1.86996,47.67402
41,Loir-et-Cher,1,75,1.93833,47.67836
41,Loir-et-Cher,1,76,1.9431,47.65991
41,Loir-et-Cher,1,77,1.99769,47.66642
41,Loir-et-Cher,1,78,2.02684,47.6751
41,Loir-et-Cher,1,79,2.07454,47.68197
41,Loir-et-Cher,1,80,2.11375,47.6704
41,Loir-et-Cher,1,81,2.13548,47.67872
41,Loir-et-Cher,1,82,2.15297,47.67112
41,Loir-et-Cher,1,83,2.20385,47.67872
41,Loir-et-Cher,1,84,2.24095,47.64111
41,Loir-et-Cher,1,85,2.23883,47.62049
41,Loir-et-Cher,1,86,2.20279,47.6082
41,Loir-et-Cher,1,87,2.15721,47.60096
41,Loir-et-Cher,1,88,2.127,47.58469
41,Loir-et-Cher,1,89,2.12329,47.55865
41,Loir-et-Cher,1,90,2.13336,47.55069
41,Loir-et-Cher,1,91,2.1959,47.54888
41,Loir-et-Cher,1,92,2.21551,47.52212
41,Loir-et-Cher,1,93,2.20332,47.50115
41,Loir-et-Cher,1,94,2.24784,47.49174
41,Loir-et-Cher,1,95,2.23936,47.47294
41,Loir-et-Cher,1,96,2.24784,47.44147
41,Loir-et-Cher,1,97,2.2436,47.41471
41,Loir-et-Cher,1,98,2.20438,47.40639
41,Loir-et-Cher,1,99,2.18901,47.43786
41,Loir-et-Cher,1,100,2.1376,47.40567
41,Loir-et-Cher,1,101,2.11693,47.41001
41,Loir-et-Cher,1,102,2.10262,47.39265
41,Loir-et-Cher,1,103,2.12753,47.33117
41,Loir-et-Cher,1,104,2.15668,47.30006
41,Loir-et-Cher,1,105,2.13336,47.28126
41,Loir-et-Cher,1,106,2.09415,47.28487
41,Loir-et-Cher,1,107,2.06394,47.28198
41,Loir-et-Cher,1,108,2.02154,47.26679
41,Loir-et-Cher,1,109,1.99186,47.26824
41,Loir-et-Cher,1,110,1.94363,47.28994
41,Loir-et-Cher,1,111,1.8954,47.25486
41,Loir-et-Cher,1,112,1.9166,47.23569
41,Loir-et-Cher,1,113,1.90335,47.21507
41,Loir-et-Cher,1,114,1.88162,47.20893
41,Loir-et-Cher,1,115,1.85194,47.22231
41,Loir-et-Cher,1,116,1.83922,47.21978
41,Loir-et-Cher,1,117,1.80849,47.23388
41,Loir-et-Cher,1,118,1.77563,47.23171
41,Loir-et-Cher,1,119,1.74277,47.25269
41,Loir-et-Cher,1,120,1.71574,47.27692
41,Loir-et-Cher,1,121,1.70567,47.26607
41,Loir-et-Cher,1,122,1.66592,47.25811
41,Loir-et-Cher,1,123,1.6479,47.2733
41,Loir-et-Cher,1,124,1.59225,47.27656
41,Loir-et-Cher,1,125,1.59437,47.25992
41,Loir-et-Cher,1,126,1.52389,47.25522
41,Loir-et-Cher,1,127,1.52548,47.2252
41,Loir-et-Cher,1,128,1.50481,47.23424
41,Loir-et-Cher,1,129,1.45022,47.23858
41,Loir-et-Cher,1,130,1.4216,47.22918
41,Loir-et-Cher,1,131,1.4004,47.21182
41,Loir-et-Cher,1,132,1.32673,47.1865
41,Loir-et-Cher,1,133,1.29864,47.22954
41,Loir-et-Cher,1,134,1.27744,47.25341
41,Loir-et-Cher,1,135,1.24406,47.2733
41,Loir-et-Cher,1,136,1.22392,47.29392
41,Loir-et-Cher,1,137,1.16191,47.27222
41,Loir-et-Cher,1,138,1.1317,47.295
41,Loir-et-Cher,1,139,1.10785,47.29862
41,Loir-et-Cher,1,140,1.0946,47.32863
41,Loir-et-Cher,1,141,1.12163,47.35323
41,Loir-et-Cher,1,142,1.10679,47.37203
41,Loir-et-Cher,1,143,1.12163,47.38252
41,Loir-et-Cher,1,144,1.11103,47.40748
41,Loir-et-Cher,1,145,1.11209,47.42918
41,Loir-et-Cher,1,146,1.13329,47.44907
41,Loir-et-Cher,1,147,1.11262,47.46606
41,Loir-et-Cher,1,148,1.0946,47.46932
41,Loir-et-Cher,1,149,1.06863,47.50368
41,Loir-et-Cher,1,150,1.0681,47.52321
41,Loir-et-Cher,1,151,1.0469,47.53695
41,Loir-et-Cher,1,152,1.07711,47.56154
41,Loir-et-Cher,1,153,1.06386,47.56624
41,Loir-et-Cher,1,154,1.03312,47.60747
41,Loir-et-Cher,1,155,0.98754,47.59445
41,Loir-et-Cher,1,156,0.99178,47.62013
41,Loir-et-Cher,1,157,0.91918,47.63279
41,Loir-et-Cher,1,158,0.89586,47.60422
41,Loir-et-Cher,1,159,0.86247,47.59879
41,Loir-et-Cher,1,160,0.86035,47.627
41,Loir-et-Cher,1,161,0.84392,47.64545
41,Loir-et-Cher,1,162,0.86247,47.68451
41,Loir-et-Cher,1,163,0.83385,47.67691
41,Loir-et-Cher,1,164,0.78297,47.68234
41,Loir-et-Cher,1,165,0.73686,47.69499
41,Loir-et-Cher,1,166,0.71248,47.68234
41,Loir-et-Cher,1,167,0.67486,47.69933
41,Loir-et-Cher,1,168,0.63087,47.70946
41,Loir-et-Cher,1,169,0.61497,47.69427
37,Indre-et-Loire,1,0,0.05372,47.16372
37,Indre-et-Loire,1,1,0.06644,47.18976
37,Indre-et-Loire,1,2,0.05372,47.19916
37,Indre-et-Loire,1,3,0.07227,47.22014
37,Indre-et-Loire,1,4,0.07333,47.24798
37,Indre-et-Loire,1,5,0.0887,47.27547
37,Indre-et-Loire,1,6,0.08128,47.28668
37,Indre-et-Loire,1,7,0.13799,47.33623
37,Indre-et-Loire,1,8,0.15388,47.36372
37,Indre-et-Loire,1,9,0.17667,47.3771
37,Indre-et-Loire,1,10,0.16925,47.3959
37,Indre-et-Loire,1,11,0.18515,47.42375
37,Indre-et-Loire,1,12,0.18091,47.45341
37,Indre-et-Loire,1,13,0.20052,47.48451
37,Indre-et-Loire,1,14,0.22013,47.50187
37,Indre-et-Loire,1,15,0.2249,47.52718
37,Indre-et-Loire,1,16,0.1931,47.53803
37,Indre-et-Loire,1,17,0.21483,47.57131
37,Indre-et-Loire,1,18,0.23444,47.57854
37,Indre-et-Loire,1,19,0.22967,47.60856
37,Indre-et-Loire,1,20,0.25935,47.61217
37,Indre-et-Loire,1,21,0.28373,47.59771
37,Indre-et-Loire,1,22,0.32189,47.59554
37,Indre-et-Loire,1,23,0.33885,47.57962
37,Indre-et-Loire,1,24,0.3786,47.56841
37,Indre-et-Loire,1,25,0.40245,47.57854
37,Indre-et-Loire,1,26,0.39662,47.59409
37,Indre-et-Loire,1,27,0.36482,47.62085
37,Indre-et-Loire,1,28,0.39609,47.64111
37,Indre-et-Loire,1,29,0.42418,47.61796
37,Indre-et-Loire,1,30,0.45173,47.62194
37,Indre-et-Loire,1,31,0.46498,47.64508
37,Indre-et-Loire,1,32,0.49678,47.64617
37,Indre-et-Loire,1,33,0.58423,47.66859
37,Indre-et-Loire,1,34,0.61497,47.68306
37,Indre-et-Loire,1,35,0.61497,47.69427
37,Indre-et-Loire,1,36,0.63087,47.70946
37,Indre-et-Loire,1,37,0.67486,47.69933
37,Indre-et-Loire,1,38,0.71248,47.68234
37,Indre-et-Loire,1,39,0.73686,47.69499
37,Indre-et-Loire,1,40,0.78297,47.68234
37,Indre-et-Loire,1,41,0.83385,47.67691
37,Indre-et-Loire,1,42,0.86247,47.68451
37,Indre-et-Loire,1,43,0.84392,47.64545
37,Indre-et-Loire,1,44,0.86035,47.627
37,Indre-et-Loire,1,45,0.86247,47.59879
37,Indre-et-Loire,1,46,0.89586,47.60422
37,Indre-et-Loire,1,47,0.91918,47.63279
37,Indre-et-Loire,1,48,0.99178,47.62013
37,Indre-et-Loire,1,49,0.98754,47.59445
37,Indre-et-Loire,1,50,1.03312,47.60747
37,Indre-et-Loire,1,51,1.06386,47.56624
37,Indre-et-Loire,1,52,1.07711,47.56154
37,Indre-et-Loire,1,53,1.0469,47.53695
37,Indre-et-Loire,1,54,1.0681,47.52321
37,Indre-et-Loire,1,55,1.06863,47.50368
37,Indre-et-Loire,1,56,1.0946,47.46932
37,Indre-et-Loire,1,57,1.11262,47.46606
37,Indre-et-Loire,1,58,1.13329,47.44907
37,Indre-et-Loire,1,59,1.11209,47.42918
37,Indre-et-Loire,1,60,1.11103,47.40748
37,Indre-et-Loire,1,61,1.12163,47.38252
37,Indre-et-Loire,1,62,1.10679,47.37203
37,Indre-et-Loire,1,63,1.12163,47.35323
37,Indre-et-Loire,1,64,1.0946,47.32863
37,Indre-et-Loire,1,65,1.10785,47.29862
37,Indre-et-Loire,1,66,1.1317,47.295
37,Indre-et-Loire,1,67,1.16191,47.27222
37,Indre-et-Loire,1,68,1.22392,47.29392
37,Indre-et-Loire,1,69,1.24406,47.2733
37,Indre-et-Loire,1,70,1.27744,47.25341
37,Indre-et-Loire,1,71,1.29864,47.22954
37,Indre-et-Loire,1,72,1.32673,47.1865
37,Indre-et-Loire,1,73,1.34316,47.17421
37,Indre-et-Loire,1,74,1.3633,47.13551
37,Indre-et-Loire,1,75,1.36489,47.12177
37,Indre-et-Loire,1,76,1.34369,47.10043
37,Indre-et-Loire,1,77,1.31878,47.10477
37,Indre-et-Loire,1,78,1.31242,47.0733
37,Indre-et-Loire,1,79,1.29334,47.06933
37,Indre-et-Loire,1,80,1.25307,47.02195
37,Indre-et-Loire,1,81,1.22339,47.02448
37,Indre-et-Loire,1,82,1.16562,47.04003
37,Indre-et-Loire,1,83,1.07764,47.0158
37,Indre-et-Loire,1,84,1.05538,46.99591
37,Indre-et-Loire,1,85,1.05008,46.98072
37,Indre-et-Loire,1,86,1.06333,46.95649
37,Indre-et-Loire,1,87,1.03736,46.94202
37,Indre-et-Loire,1,88,1.03365,46.9073
37,Indre-et-Loire,1,89,1.0098,46.83642
37,Indre-et-Loire,1,90,1.00874,46.81725
37,Indre-et-Loire,1,91,0.98384,46.80387
37,Indre-et-Loire,1,92,1.00132,46.79447
37,Indre-et-Loire,1,93,0.98913,46.76155
37,Indre-et-Loire,1,94,0.94727,46.7366
37,Indre-et-Loire,1,95,0.9266,46.75722
37,Indre-et-Loire,1,96,0.86724,46.74817
37,Indre-et-Loire,1,97,0.81636,46.78796
37,Indre-et-Loire,1,98,0.80894,46.8234
37,Indre-et-Loire,1,99,0.78721,46.84003
37,Indre-et-Loire,1,100,0.79039,46.85233
37,Indre-et-Loire,1,101,0.73315,46.87656
37,Indre-et-Loire,1,102,0.70401,46.90441
37,Indre-et-Loire,1,103,0.70613,46.93804
37,Indre-et-Loire,1,104,0.69235,46.97457
37,Indre-et-Loire,1,105,0.63776,46.98542
37,Indre-et-Loire,1,106,0.61603,47.00821
37,Indre-et-Loire,1,107,0.57469,47.00459
37,Indre-et-Loire,1,108,0.57416,46.98325
37,Indre-et-Loire,1,109,0.60172,46.97132
37,Indre-et-Loire,1,110,0.59854,46.95649
37,Indre-et-Loire,1,111,0.50526,46.96011
37,Indre-et-Loire,1,112,0.45226,46.94202
37,Indre-et-Loire,1,113,0.43848,46.92936
37,Indre-et-Loire,1,114,0.36641,46.94998
37,Indre-et-Loire,1,115,0.34786,46.9366
37,Indre-et-Loire,1,116,0.31129,46.93804
37,Indre-et-Loire,1,117,0.29751,46.9847
37,Indre-et-Loire,1,118,0.30811,46.99989
37,Indre-et-Loire,1,119,0.30917,47.04582
37,Indre-et-Loire,1,120,0.29857,47.05414
37,Indre-et-Loire,1,121,0.26571,47.04546
37,Indre-et-Loire,1,122,0.26624,47.06426
37,Indre-et-Loire,1,123,0.24398,47.0715
37,Indre-et-Loire,1,124,0.21377,47.0545
37,Indre-et-Loire,1,125,0.17402,47.07113
37,Indre-et-Loire,1,126,0.1984,47.09356
37,Indre-et-Loire,1,127,0.18303,47.11417
37,Indre-et-Loire,1,128,0.16183,47.10007
37,Indre-et-Loire,1,129,0.13534,47.10694
37,Indre-et-Loire,1,130,0.12209,47.12828
37,Indre-et-Loire,1,131,0.08393,47.11851
37,Indre-et-Loire,1,132,0.07863,47.14636
37,Indre-et-Loire,1,133,0.05372,47.16372
10,Aube,1,0,3.41486,48.3901
10,Aube,1,1,3.42122,48.41071
10,Aube,1,2,3.39737,48.43458
10,Aube,1,3,3.40691,48.44833
10,Aube,1,4,3.38836,48.47726
10,Aube,1,5,3.43447,48.49028
10,Aube,1,6,3.42069,48.5174
10,Aube,1,7,3.45938,48.53078
10,Aube,1,8,3.48005,48.5438
10,Aube,1,9,3.46521,48.57057
10,Aube,1,10,3.5023,48.58937
10,Aube,1,11,3.50283,48.60456
10,Aube,1,12,3.5553,48.62011
10,Aube,1,13,3.603,48.57961
10,Aube,1,14,3.63321,48.56912
10,Aube,1,15,3.63374,48.542
10,Aube,1,16,3.70423,48.53332
10,Aube,1,17,3.73179,48.53766
10,Aube,1,18,3.79591,48.52825
10,Aube,1,19,3.82559,48.51523
10,Aube,1,20,3.86163,48.53512
10,Aube,1,21,3.85845,48.56044
10,Aube,1,22,3.87064,48.58033
10,Aube,1,23,3.89926,48.57491
10,Aube,1,24,3.90827,48.60167
10,Aube,1,25,3.94908,48.60312
10,Aube,1,26,3.98459,48.65339
10,Aube,1,27,4.00102,48.66387
10,Aube,1,28,4.04395,48.66098
10,Aube,1,29,4.06143,48.67002
10,Aube,1,30,4.07839,48.70149
10,Aube,1,31,4.13139,48.6863
10,Aube,1,32,4.16637,48.70764
10,Aube,1,33,4.23315,48.70221
10,Aube,1,34,4.29569,48.71342
10,Aube,1,35,4.32696,48.69751
10,Aube,1,36,4.33331,48.67075
10,Aube,1,37,4.32219,48.64615
10,Aube,1,38,4.32749,48.62626
10,Aube,1,39,4.3153,48.61614
10,Aube,1,40,4.40592,48.56008
10,Aube,1,41,4.49549,48.53874
10,Aube,1,42,4.51086,48.54778
10,Aube,1,43,4.52835,48.52898
10,Aube,1,44,4.5681,48.54742
10,Aube,1,45,4.59566,48.55212
10,Aube,1,46,4.66985,48.53187
10,Aube,1,47,4.67515,48.5174
10,Aube,1,48,4.65713,48.50511
10,Aube,1,49,4.65342,48.47075
10,Aube,1,50,4.6354,48.45665
10,Aube,1,51,4.67409,48.44435
10,Aube,1,52,4.67674,48.4335
10,Aube,1,53,4.71649,48.39516
10,Aube,1,54,4.75995,48.38757
10,Aube,1,55,4.75465,48.36659
10,Aube,1,56,4.82779,48.34453
10,Aube,1,57,4.81401,48.32319
10,Aube,1,58,4.8262,48.30222
10,Aube,1,59,4.86171,48.26641
10,Aube,1,60,4.84475,48.24905
10,Aube,1,61,4.8527,48.23061
10,Aube,1,62,4.83574,48.22193
10,Aube,1,63,4.8633,48.20204
10,Aube,1,64,4.83786,48.16913
10,Aube,1,65,4.85005,48.14128
10,Aube,1,66,4.82885,48.12934
10,Aube,1,67,4.83574,48.10873
10,Aube,1,68,4.81825,48.10331
10,Aube,1,69,4.73186,48.11958
10,Aube,1,70,4.68893,48.07329
10,Aube,1,71,4.72338,48.0458
10,Aube,1,72,4.7043,48.02012
10,Aube,1,73,4.67091,48.01542
10,Aube,1,74,4.64759,48.02555
10,Aube,1,75,4.58029,48.02917
10,Aube,1,76,4.53577,48.00096
10,Aube,1,77,4.55962,47.97166
10,Aube,1,78,4.49125,47.96732
10,Aube,1,79,4.44726,47.95647
10,Aube,1,80,4.41705,47.96877
10,Aube,1,81,4.35822,47.95683
10,Aube,1,82,4.30894,47.96117
10,Aube,1,83,4.29304,47.92573
10,Aube,1,84,4.24799,47.92935
10,Aube,1,85,4.22202,47.9496
10,Aube,1,86,4.22573,47.97202
10,Aube,1,87,4.1987,47.96985
10,Aube,1,88,4.20771,47.94671
10,Aube,1,89,4.16743,47.96009
10,Aube,1,90,4.14199,47.93694
10,Aube,1,91,4.09588,47.92754
10,Aube,1,92,4.08952,47.9449
10,Aube,1,93,4.0609,47.94562
10,Aube,1,94,4.05401,47.92935
10,Aube,1,95,4.0254,47.92862
10,Aube,1,96,4.00526,47.94273
10,Aube,1,97,3.98565,47.93079
10,Aube,1,98,3.95491,47.93369
10,Aube,1,99,3.89555,47.92862
10,Aube,1,100,3.91463,47.97564
10,Aube,1,101,3.9035,47.99155
10,Aube,1,102,3.88124,47.98251
10,Aube,1,103,3.84997,47.9836
10,Aube,1,104,3.83937,48.00385
10,Aube,1,105,3.87064,48.00313
10,Aube,1,106,3.87064,48.01687
10,Aube,1,107,3.82188,48.04399
10,Aube,1,108,3.82506,48.0628
10,Aube,1,109,3.79803,48.08667
10,Aube,1,110,3.80439,48.10367
10,Aube,1,111,3.76783,48.13368
10,Aube,1,112,3.74557,48.16768
10,Aube,1,113,3.72172,48.15538
10,Aube,1,114,3.66766,48.13911
10,Aube,1,115,3.64063,48.18468
10,Aube,1,116,3.61943,48.19083
10,Aube,1,117,3.59399,48.17853
10,Aube,1,118,3.57491,48.18866
10,Aube,1,119,3.60883,48.20963
10,Aube,1,120,3.62155,48.22555
10,Aube,1,121,3.59982,48.23712
10,Aube,1,122,3.6242,48.25448
10,Aube,1,123,3.61784,48.26967
10,Aube,1,124,3.58763,48.27979
10,Aube,1,125,3.58816,48.30077
10,Aube,1,126,3.54364,48.31994
10,Aube,1,127,3.54258,48.33585
10,Aube,1,128,3.49753,48.36949
10,Aube,1,129,3.44719,48.37238
10,Aube,1,130,3.43394,48.36153
10,Aube,1,131,3.4138,48.37636
10,Aube,1,132,3.41486,48.3901
22,Côtes-d'Armor,1,0,-3.56499,48.18576
22,Côtes-d'Armor,1,1,-3.521,48.19553
22,Côtes-d'Armor,1,2,-3.55386,48.22301
22,Côtes-d'Armor,1,3,-3.55386,48.24218
22,Côtes-d'Armor,1,4,-3.51782,48.28233
22,Côtes-d'Armor,1,5,-3.53849,48.28667
22,Côtes-d'Armor,1,6,-3.53531,48.31668
22,Côtes-d'Armor,1,7,-3.55121,48.31813
22,Côtes-d'Armor,1,8,-3.56287,48.3467
22,Côtes-d'Armor,1,9,-3.55439,48.37853
22,Côtes-d'Armor,1,10,-3.57877,48.38142
22,Côtes-d'Armor,1,11,-3.60103,48.39335
22,Côtes-d'Armor,1,12,-3.59944,48.42301
22,Côtes-d'Armor,1,13,-3.55068,48.44797
22,Côtes-d'Armor,1,14,-3.59732,48.47292
22,Côtes-d'Armor,1,15,-3.60209,48.49679
22,Côtes-d'Armor,1,16,-3.53955,48.53838
22,Côtes-d'Armor,1,17,-3.56552,48.55248
22,Côtes-d'Armor,1,18,-3.59944,48.55863
22,Côtes-d'Armor,1,19,-3.5846,48.57382
22,Côtes-d'Armor,1,20,-3.64078,48.59624
22,Côtes-d'Armor,1,21,-3.65403,48.61758
22,Côtes-d'Armor,1,22,-3.66145,48.65556
22,Côtes-d'Armor,1,23,-3.6376,48.67617
22,Côtes-d'Armor,1,24,-3.58195,48.67038
22,Côtes-d'Armor,1,25,-3.58354,48.71595
22,Côtes-d'Armor,1,26,-3.5528,48.72717
22,Côtes-d'Armor,1,27,-3.54909,48.74597
22,Côtes-d'Armor,1,28,-3.58407,48.77056
22,Côtes-d'Armor,1,29,-3.57771,48.78792
22,Côtes-d'Armor,1,30,-3.53478,48.80275
22,Côtes-d'Armor,1,31,-3.54114,48.823
22,Côtes-d'Armor,1,32,-3.48231,48.83747
22,Côtes-d'Armor,1,33,-3.44257,48.80203
22,Côtes-d'Armor,1,34,-3.43038,48.79733
22,Côtes-d'Armor,1,35,-3.38851,48.80311
22,Côtes-d'Armor,1,36,-3.38798,48.81469
22,Côtes-d'Armor,1,37,-3.33498,48.82843
22,Côtes-d'Armor,1,38,-3.32385,48.83675
22,Côtes-d'Armor,1,39,-3.26237,48.83494
22,Côtes-d'Armor,1,40,-3.24594,48.85664
22,Côtes-d'Armor,1,41,-3.22209,48.86676
22,Côtes-d'Armor,1,42,-3.19824,48.82626
22,Côtes-d'Armor,1,43,-3.18235,48.8429
22,Côtes-d'Armor,1,44,-3.12511,48.8646
22,Côtes-d'Armor,1,45,-3.09437,48.85845
22,Côtes-d'Armor,1,46,-3.07211,48.82047
22,Côtes-d'Armor,1,47,-3.0207,48.82083
22,Côtes-d'Armor,1,48,-3.00904,48.8042
22,Côtes-d'Armor,1,49,-3.02547,48.78286
22,Côtes-d'Armor,1,50,-3.01275,48.76622
22,Côtes-d'Armor,1,51,-2.95763,48.76405
22,Côtes-d'Armor,1,52,-2.9412,48.75718
22,Côtes-d'Armor,1,53,-2.93484,48.73657
22,Côtes-d'Armor,1,54,-2.94491,48.72066
22,Côtes-d'Armor,1,55,-2.88556,48.69172
22,Côtes-d'Armor,1,56,-2.88079,48.67436
22,Côtes-d'Armor,1,57,-2.858,48.67436
22,Côtes-d'Armor,1,58,-2.82196,48.64977
22,Côtes-d'Armor,1,59,-2.81984,48.59371
22,Côtes-d'Armor,1,60,-2.77903,48.58467
22,Côtes-d'Armor,1,61,-2.77532,48.57165
22,Côtes-d'Armor,1,62,-2.71808,48.5514
22,Côtes-d'Armor,1,63,-2.71384,48.51957
22,Côtes-d'Armor,1,64,-2.68416,48.4986
22,Côtes-d'Armor,1,65,-2.67568,48.50836
22,Côtes-d'Armor,1,66,-2.68204,48.53151
22,Côtes-d'Armor,1,67,-2.6317,48.52572
22,Côtes-d'Armor,1,68,-2.62534,48.54236
22,Côtes-d'Armor,1,69,-2.60255,48.55357
22,Côtes-d'Armor,1,70,-2.55114,48.59408
22,Côtes-d'Armor,1,71,-2.4939,48.60963
22,Côtes-d'Armor,1,72,-2.46846,48.63603
22,Côtes-d'Armor,1,73,-2.43401,48.65086
22,Côtes-d'Armor,1,74,-2.42023,48.63313
22,Côtes-d'Armor,1,75,-2.38366,48.65303
22,Côtes-d'Armor,1,76,-2.35028,48.66134
22,Côtes-d'Armor,1,77,-2.32643,48.67762
22,Côtes-d'Armor,1,78,-2.29887,48.66749
22,Côtes-d'Armor,1,79,-2.31212,48.63386
22,Côtes-d'Armor,1,80,-2.29728,48.62662
22,Côtes-d'Armor,1,81,-2.25912,48.64435
22,Côtes-d'Armor,1,82,-2.23951,48.61469
22,Côtes-d'Armor,1,83,-2.21036,48.58684
22,Côtes-d'Armor,1,84,-2.1828,48.57708
22,Côtes-d'Armor,1,85,-2.15312,48.61541
22,Côtes-d'Armor,1,86,-2.12397,48.60456
22,Côtes-d'Armor,1,87,-2.12503,48.59335
22,Côtes-d'Armor,1,88,-2.08051,48.56767
22,Côtes-d'Armor,1,89,-2.05932,48.57057
22,Côtes-d'Armor,1,90,-2.04501,48.54272
22,Côtes-d'Armor,1,91,-2.00738,48.5655
22,Côtes-d'Armor,1,92,-1.99307,48.55863
22,Côtes-d'Armor,1,93,-1.95491,48.52247
22,Côtes-d'Armor,1,94,-1.94643,48.54019
22,Côtes-d'Armor,1,95,-1.93159,48.55104
22,Côtes-d'Armor,1,96,-1.91092,48.51596
22,Côtes-d'Armor,1,97,-1.92258,48.50511
22,Côtes-d'Armor,1,98,-1.9088,48.4816
22,Côtes-d'Armor,1,99,-1.92682,48.4769
22,Côtes-d'Armor,1,100,-1.93,48.45194
22,Côtes-d'Armor,1,101,-1.94855,48.44652
22,Côtes-d'Armor,1,102,-1.95226,48.43024
22,Côtes-d'Armor,1,103,-1.93636,48.41939
22,Côtes-d'Armor,1,104,-1.93,48.39444
22,Côtes-d'Armor,1,105,-1.94749,48.36695
22,Côtes-d'Armor,1,106,-1.92894,48.34706
22,Côtes-d'Armor,1,107,-1.9671,48.34308
22,Côtes-d'Armor,1,108,-1.95491,48.31705
22,Côtes-d'Armor,1,109,-1.9618,48.29896
22,Côtes-d'Armor,1,110,-1.99731,48.29752
22,Côtes-d'Armor,1,111,-2.01427,48.27979
22,Côtes-d'Armor,1,112,-2.05296,48.29824
22,Côtes-d'Armor,1,113,-2.10224,48.26388
22,Côtes-d'Armor,1,114,-2.15206,48.26099
22,Côtes-d'Armor,1,115,-2.1881,48.24001
22,Côtes-d'Armor,1,116,-2.18386,48.21036
22,Côtes-d'Armor,1,117,-2.22785,48.21108
22,Côtes-d'Armor,1,118,-2.22043,48.1948
22,Côtes-d'Armor,1,119,-2.22467,48.17057
22,Côtes-d'Armor,1,120,-2.257,48.14851
22,Côtes-d'Armor,1,121,-2.28297,48.14562
22,Côtes-d'Armor,1,122,-2.28774,48.13368
22,Côtes-d'Armor,1,123,-2.30947,48.13549
22,Côtes-d'Armor,1,124,-2.32113,48.1232
22,Côtes-d'Armor,1,125,-2.37465,48.12573
22,Côtes-d'Armor,1,126,-2.37518,48.13875
22,Côtes-d'Armor,1,127,-2.40539,48.16587
22,Côtes-d'Armor,1,128,-2.42606,48.17419
22,Côtes-d'Armor,1,129,-2.47535,48.16406
22,Côtes-d'Armor,1,130,-2.53418,48.15683
22,Côtes-d'Armor,1,131,-2.51669,48.1279
22,Côtes-d'Armor,1,132,-2.55167,48.09824
22,Côtes-d'Armor,1,133,-2.54796,48.07654
22,Côtes-d'Armor,1,134,-2.58082,48.06714
22,Côtes-d'Armor,1,135,-2.62852,48.03387
22,Côtes-d'Armor,1,136,-2.64812,48.03568
22,Côtes-d'Armor,1,137,-2.67038,48.06497
22,Côtes-d'Armor,1,138,-2.65448,48.08992
22,Côtes-d'Armor,1,139,-2.65236,48.11958
22,Côtes-d'Armor,1,140,-2.67409,48.13224
22,Côtes-d'Armor,1,141,-2.70377,48.11235
22,Côtes-d'Armor,1,142,-2.75147,48.11669
22,Côtes-d'Armor,1,143,-2.77532,48.08703
22,Côtes-d'Armor,1,144,-2.78804,48.1232
22,Côtes-d'Armor,1,145,-2.80394,48.1449
22,Côtes-d'Armor,1,146,-2.84634,48.14128
22,Côtes-d'Armor,1,147,-2.90411,48.16298
22,Côtes-d'Armor,1,148,-2.94279,48.17166
22,Côtes-d'Armor,1,149,-2.99897,48.16117
22,Côtes-d'Armor,1,150,-3.01593,48.19806
22,Côtes-d'Armor,1,151,-3.04137,48.20312
22,Côtes-d'Armor,1,152,-3.11504,48.20674
22,Côtes-d'Armor,1,153,-3.13518,48.19191
22,Côtes-d'Armor,1,154,-3.13041,48.17745
22,Côtes-d'Armor,1,155,-3.15532,48.15864
22,Côtes-d'Armor,1,156,-3.19242,48.16443
22,Côtes-d'Armor,1,157,-3.21202,48.15466
22,Côtes-d'Armor,1,158,-3.28145,48.14164
22,Côtes-d'Armor,1,159,-3.30636,48.15575
22,Côtes-d'Armor,1,160,-3.32597,48.15502
22,Côtes-d'Armor,1,161,-3.33816,48.17094
22,Côtes-d'Armor,1,162,-3.41766,48.14562
22,Côtes-d'Armor,1,163,-3.43621,48.15538
22,Côtes-d'Armor,1,164,-3.42561,48.17057
22,Côtes-d'Armor,1,165,-3.47701,48.18613
22,Côtes-d'Armor,1,166,-3.52736,48.17853
22,Côtes-d'Armor,1,167,-3.56499,48.18576
23,Creuse,1,0,1.41577,46.34673
23,Creuse,1,1,1.44598,46.37277
23,Creuse,1,2,1.46718,46.37856
23,Creuse,1,3,1.52548,46.42666
23,Creuse,1,4,1.54403,46.41907
23,Creuse,1,5,1.54614,46.39303
23,Creuse,1,6,1.58801,46.40713
23,Creuse,1,7,1.64472,46.38615
23,Creuse,1,8,1.68394,46.41834
23,Creuse,1,9,1.71044,46.39266
23,Creuse,1,10,1.72634,46.39049
23,Creuse,1,11,1.75072,46.40568
23,Creuse,1,12,1.76026,46.42702
23,Creuse,1,13,1.75655,46.45234
23,Creuse,1,14,1.79153,46.45342
23,Creuse,1,15,1.83551,46.42811
23,Creuse,1,16,1.88374,46.43281
23,Creuse,1,17,1.9113,46.44366
23,Creuse,1,18,1.92614,46.43208
23,Creuse,1,19,1.97808,46.43968
23,Creuse,1,20,1.99292,46.431
23,Creuse,1,21,2.07242,46.42015
23,Creuse,1,22,2.08885,46.40966
23,Creuse,1,23,2.12859,46.41979
23,Creuse,1,24,2.16834,46.42413
23,Creuse,1,25,2.24996,46.4263
23,Creuse,1,26,2.28123,46.42051
23,Creuse,1,27,2.28759,46.38218
23,Creuse,1,28,2.32204,46.37711
23,Creuse,1,29,2.33317,46.36518
23,Creuse,1,30,2.30084,46.34384
23,Creuse,1,31,2.33423,46.32612
23,Creuse,1,32,2.3549,46.32576
23,Creuse,1,33,2.3708,46.31274
23,Creuse,1,34,2.38722,46.33046
23,Creuse,1,35,2.44287,46.29502
23,Creuse,1,36,2.4805,46.28091
23,Creuse,1,37,2.47679,46.2697
23,Creuse,1,38,2.48951,46.24764
23,Creuse,1,39,2.51601,46.23968
23,Creuse,1,40,2.5282,46.18507
23,Creuse,1,41,2.55947,46.17386
23,Creuse,1,42,2.56636,46.14312
23,Creuse,1,43,2.54728,46.11274
23,Creuse,1,44,2.55152,46.08525
23,Creuse,1,45,2.57113,46.04873
23,Creuse,1,46,2.59763,46.03607
23,Creuse,1,47,2.59498,45.98905
23,Creuse,1,48,2.60664,45.96663
23,Creuse,1,49,2.56954,45.95867
23,Creuse,1,50,2.54145,45.9207
23,Creuse,1,51,2.55311,45.91166
23,Creuse,1,52,2.51018,45.88743
23,Creuse,1,53,2.48209,45.86464
23,Creuse,1,54,2.4434,45.86609
23,Creuse,1,55,2.44764,45.84837
23,Creuse,1,56,2.4328,45.83897
23,Creuse,1,57,2.39888,45.83463
23,Creuse,1,58,2.38934,45.82378
23,Creuse,1,59,2.43174,45.78725
23,Creuse,1,60,2.43386,45.77025
23,Creuse,1,61,2.48156,45.74855
23,Creuse,1,62,2.49216,45.7377
23,Creuse,1,63,2.43598,45.69937
23,Creuse,1,64,2.4116,45.70913
23,Creuse,1,65,2.36762,45.71347
23,Creuse,1,66,2.34854,45.70949
23,Creuse,1,67,2.34112,45.68309
23,Creuse,1,68,2.30826,45.67658
23,Creuse,1,69,2.28865,45.66537
23,Creuse,1,70,2.26957,45.66718
23,Creuse,1,71,2.27116,45.69141
23,Creuse,1,72,2.23777,45.69286
23,Creuse,1,73,2.16463,45.73626
23,Creuse,1,74,2.08461,45.7283
23,Creuse,1,75,2.08461,45.74132
23,Creuse,1,76,2.04645,45.7641
23,Creuse,1,77,2.0014,45.74891
23,Creuse,1,78,1.98762,45.72143
23,Creuse,1,79,1.95635,45.72468
23,Creuse,1,80,1.89911,45.69864
23,Creuse,1,81,1.8742,45.73228
23,Creuse,1,82,1.89858,45.76085
23,Creuse,1,83,1.88745,45.7905
23,Creuse,1,84,1.83021,45.82197
23,Creuse,1,85,1.80902,45.82161
23,Creuse,1,86,1.77616,45.83282
23,Creuse,1,87,1.77987,45.85343
23,Creuse,1,88,1.75549,45.8556
23,Creuse,1,89,1.71521,45.84005
23,Creuse,1,90,1.69136,45.84403
23,Creuse,1,91,1.65956,45.83463
23,Creuse,1,92,1.60391,45.8603
23,Creuse,1,93,1.6002,45.89068
23,Creuse,1,94,1.6426,45.89285
23,Creuse,1,95,1.6214,45.93083
23,Creuse,1,96,1.579,45.93155
23,Creuse,1,97,1.57847,45.91853
23,Creuse,1,98,1.5472,45.91708
23,Creuse,1,99,1.51435,45.93083
23,Creuse,1,100,1.51912,45.95072
23,Creuse,1,101,1.54191,45.95542
23,Creuse,1,102,1.57741,45.97784
23,Creuse,1,103,1.56204,45.9981
23,Creuse,1,104,1.53767,45.99737
23,Creuse,1,105,1.53343,46.0122
23,Creuse,1,106,1.54244,46.04041
23,Creuse,1,107,1.53237,46.05524
23,Creuse,1,108,1.54191,46.07802
23,Creuse,1,109,1.48838,46.11021
23,Creuse,1,110,1.50693,46.12214
23,Creuse,1,111,1.49474,46.13553
23,Creuse,1,112,1.45181,46.15325
23,Creuse,1,113,1.46294,46.16807
23,Creuse,1,114,1.39881,46.18507
23,Creuse,1,115,1.37867,46.21111
23,Creuse,1,116,1.38874,46.23173
23,Creuse,1,117,1.41842,46.2433
23,Creuse,1,118,1.4057,46.25994
23,Creuse,1,119,1.42531,46.29791
23,Creuse,1,120,1.4428,46.30731
23,Creuse,1,121,1.44121,46.33588
23,Creuse,1,122,1.41577,46.34673
44,Loire-Atlantique,1,0,-2.45892,47.44798
44,Loire-Atlantique,1,1,-2.42288,47.47728
44,Loire-Atlantique,1,2,-2.40963,47.45883
44,Loire-Atlantique,1,3,-2.37783,47.46281
44,Loire-Atlantique,1,4,-2.34604,47.45775
44,Loire-Atlantique,1,5,-2.31212,47.46498
44,Loire-Atlantique,1,6,-2.31371,47.4827
44,Loire-Atlantique,1,7,-2.29781,47.50621
44,Loire-Atlantique,1,8,-2.25965,47.51308
44,Loire-Atlantique,1,9,-2.24375,47.49391
44,Loire-Atlantique,1,10,-2.19022,47.51236
44,Loire-Atlantique,1,11,-2.18969,47.49427
44,Loire-Atlantique,1,12,-2.15418,47.49753
44,Loire-Atlantique,1,13,-2.1563,47.52212
44,Loire-Atlantique,1,14,-2.09906,47.53333
44,Loire-Atlantique,1,15,-2.09641,47.57275
44,Loire-Atlantique,1,16,-2.10224,47.59554
44,Loire-Atlantique,1,17,-2.08793,47.60241
44,Loire-Atlantique,1,18,-2.08528,47.62194
44,Loire-Atlantique,1,19,-2.09694,47.6317
44,Loire-Atlantique,1,20,-2.07416,47.65196
44,Loire-Atlantique,1,21,-2.05137,47.64979
44,Loire-Atlantique,1,22,-2.0413,47.66678
44,Loire-Atlantique,1,23,-2.01215,47.66642
44,Loire-Atlantique,1,24,-1.9724,47.69427
44,Loire-Atlantique,1,25,-1.95332,47.67221
44,Loire-Atlantique,1,26,-1.93636,47.68668
44,Loire-Atlantique,1,27,-1.87647,47.69608
44,Loire-Atlantique,1,28,-1.86322,47.70729
44,Loire-Atlantique,1,29,-1.82506,47.70838
44,Loire-Atlantique,1,30,-1.78373,47.69933
44,Loire-Atlantique,1,31,-1.74981,47.70693
44,Loire-Atlantique,1,32,-1.7037,47.70042
44,Loire-Atlantique,1,33,-1.69098,47.71308
44,Loire-Atlantique,1,34,-1.65812,47.71127
44,Loire-Atlantique,1,35,-1.63957,47.72682
44,Loire-Atlantique,1,36,-1.62367,47.76226
44,Loire-Atlantique,1,37,-1.59399,47.77564
44,Loire-Atlantique,1,38,-1.52774,47.78649
44,Loire-Atlantique,1,39,-1.50337,47.80132
44,Loire-Atlantique,1,40,-1.46733,47.81
44,Loire-Atlantique,1,41,-1.47051,47.83423
44,Loire-Atlantique,1,42,-1.38306,47.82447
44,Loire-Atlantique,1,43,-1.37776,47.81145
44,Loire-Atlantique,1,44,-1.34808,47.79662
44,Loire-Atlantique,1,45,-1.24632,47.77673
44,Loire-Atlantique,1,46,-1.24156,47.74273
44,Loire-Atlantique,1,47,-1.25427,47.73441
44,Loire-Atlantique,1,48,-1.21506,47.71886
44,Loire-Atlantique,1,49,-1.17531,47.69427
44,Loire-Atlantique,1,50,-1.1822,47.66787
44,Loire-Atlantique,1,51,-1.15941,47.66064
44,Loire-Atlantique,1,52,-1.15729,47.63604
44,Loire-Atlantique,1,53,-1.13768,47.61905
44,Loire-Atlantique,1,54,-1.10058,47.62049
44,Loire-Atlantique,1,55,-1.05977,47.60169
44,Loire-Atlantique,1,56,-1.03645,47.60241
44,Loire-Atlantique,1,57,-1.01366,47.58252
44,Loire-Atlantique,1,58,-1.05553,47.56516
44,Loire-Atlantique,1,59,-1.0603,47.55612
44,Loire-Atlantique,1,60,-1.03804,47.53695
44,Loire-Atlantique,1,61,-1.0444,47.50549
44,Loire-Atlantique,1,62,-1.0073,47.48849
44,Loire-Atlantique,1,63,-0.96543,47.49174
44,Loire-Atlantique,1,64,-0.96755,47.46787
44,Loire-Atlantique,1,65,-0.95272,47.45196
44,Loire-Atlantique,1,66,-0.94848,47.42267
44,Loire-Atlantique,1,67,-0.95166,47.38324
44,Loire-Atlantique,1,68,-0.97603,47.37131
44,Loire-Atlantique,1,69,-1.04493,47.36552
44,Loire-Atlantique,1,70,-1.06348,47.37023
44,Loire-Atlantique,1,71,-1.16577,47.36661
44,Loire-Atlantique,1,72,-1.18856,47.35214
44,Loire-Atlantique,1,73,-1.22778,47.34997
44,Loire-Atlantique,1,74,-1.25745,47.34129
44,Loire-Atlantique,1,75,-1.29667,47.33876
44,Loire-Atlantique,1,76,-1.35444,47.30404
44,Loire-Atlantique,1,77,-1.29455,47.30151
44,Loire-Atlantique,1,78,-1.27706,47.28813
44,Loire-Atlantique,1,79,-1.27971,47.27439
44,Loire-Atlantique,1,80,-1.25427,47.25015
44,Loire-Atlantique,1,81,-1.23149,47.23967
44,Loire-Atlantique,1,82,-1.19492,47.25232
44,Loire-Atlantique,1,83,-1.18114,47.24075
44,Loire-Atlantique,1,84,-1.18856,47.22014
44,Loire-Atlantique,1,85,-1.17001,47.17059
44,Loire-Atlantique,1,86,-1.18962,47.1554
44,Loire-Atlantique,1,87,-1.23043,47.13913
44,Loire-Atlantique,1,88,-1.22831,47.10043
44,Loire-Atlantique,1,89,-1.17107,47.09283
44,Loire-Atlantique,1,90,-1.15517,47.07258
44,Loire-Atlantique,1,91,-1.11542,47.06282
44,Loire-Atlantique,1,92,-1.11754,47.04003
44,Loire-Atlantique,1,93,-1.14828,47.02954
44,Loire-Atlantique,1,94,-1.20287,47.04184
44,Loire-Atlantique,1,95,-1.23096,47.06462
44,Loire-Atlantique,1,96,-1.27123,47.08379
44,Loire-Atlantique,1,97,-1.29084,47.07041
44,Loire-Atlantique,1,98,-1.2972,47.03605
44,Loire-Atlantique,1,99,-1.3131,47.03352
44,Loire-Atlantique,1,100,-1.34543,47.04582
44,Loire-Atlantique,1,101,-1.37882,47.03135
44,Loire-Atlantique,1,102,-1.36398,47.00423
44,Loire-Atlantique,1,103,-1.36398,46.95794
44,Loire-Atlantique,1,104,-1.41168,46.94564
44,Loire-Atlantique,1,105,-1.45726,46.92611
44,Loire-Atlantique,1,106,-1.47157,46.9337
44,Loire-Atlantique,1,107,-1.45726,46.9554
44,Loire-Atlantique,1,108,-1.47528,46.97927
44,Loire-Atlantique,1,109,-1.46309,46.99663
44,Loire-Atlantique,1,110,-1.48429,47.04003
44,Loire-Atlantique,1,111,-1.50655,47.0375
44,Loire-Atlantique,1,112,-1.52297,47.02412
44,Loire-Atlantique,1,113,-1.5553,47.01472
44,Loire-Atlantique,1,114,-1.54364,46.99844
44,Loire-Atlantique,1,115,-1.55424,46.98108
44,Loire-Atlantique,1,116,-1.52086,46.92936
44,Loire-Atlantique,1,117,-1.53622,46.91743
44,Loire-Atlantique,1,118,-1.50443,46.88994
44,Loire-Atlantique,1,119,-1.50337,46.8809
44,Loire-Atlantique,1,120,-1.54629,46.87367
44,Loire-Atlantique,1,121,-1.54841,46.85993
44,Loire-Atlantique,1,122,-1.60565,46.87475
44,Loire-Atlantique,1,123,-1.64699,46.87909
44,Loire-Atlantique,1,124,-1.66395,46.87475
44,Loire-Atlantique,1,125,-1.68674,46.89067
44,Loire-Atlantique,1,126,-1.7302,46.88777
44,Loire-Atlantique,1,127,-1.75034,46.93045
44,Loire-Atlantique,1,128,-1.77631,46.92539
44,Loire-Atlantique,1,129,-1.83195,46.93226
44,Loire-Atlantique,1,130,-1.83089,46.9536
44,Loire-Atlantique,1,131,-1.86958,46.95251
44,Loire-Atlantique,1,132,-1.91675,46.97457
44,Loire-Atlantique,1,133,-1.91675,46.99229
44,Loire-Atlantique,1,134,-1.94272,46.99446
44,Loire-Atlantique,1,135,-1.97558,47.02882
44,Loire-Atlantique,1,136,-2.00473,47.06137
44,Loire-Atlantique,1,137,-2.04024,47.07764
44,Loire-Atlantique,1,138,-2.05296,47.09464
44,Loire-Atlantique,1,139,-2.11125,47.11019
44,Loire-Atlantique,1,140,-2.15471,47.11345
44,Loire-Atlantique,1,141,-2.1775,47.12213
44,Loire-Atlantique,1,142,-2.21195,47.1243
44,Loire-Atlantique,1,143,-2.24216,47.13587
44,Loire-Atlantique,1,144,-2.22043,47.15323
44,Loire-Atlantique,1,145,-2.17591,47.15757
44,Loire-Atlantique,1,146,-2.15895,47.19771
44,Loire-Atlantique,1,147,-2.18174,47.2328
44,Loire-Atlantique,1,148,-2.17167,47.23967
44,Loire-Atlantique,1,149,-2.17008,47.26788
44,Loire-Atlantique,1,150,-2.18704,47.2809
44,Loire-Atlantique,1,151,-2.22043,47.26715
44,Loire-Atlantique,1,152,-2.22891,47.25594
44,Loire-Atlantique,1,153,-2.25382,47.25305
44,Loire-Atlantique,1,154,-2.26654,47.24003
44,Loire-Atlantique,1,155,-2.29781,47.2346
44,Loire-Atlantique,1,156,-2.33544,47.25269
44,Loire-Atlantique,1,157,-2.36988,47.27728
44,Loire-Atlantique,1,158,-2.39161,47.28126
44,Loire-Atlantique,1,159,-2.42341,47.27439
44,Loire-Atlantique,1,160,-2.43295,47.25992
44,Loire-Atlantique,1,161,-2.48807,47.27475
44,Loire-Atlantique,1,162,-2.51139,47.30043
44,Loire-Atlantique,1,163,-2.50344,47.32683
44,Loire-Atlantique,1,164,-2.50874,47.34455
44,Loire-Atlantique,1,165,-2.52729,47.36299
44,Loire-Atlantique,1,166,-2.53524,47.38288
44,Loire-Atlantique,1,167,-2.50874,47.40024
44,Loire-Atlantique,1,168,-2.44885,47.42411
44,Loire-Atlantique,1,169,-2.45892,47.44798
62,Pas-de-Calais,1,0,1.64472,50.35029
62,Pas-de-Calais,1,1,1.63253,50.36547
62,Pas-de-Calais,1,2,1.57953,50.38139
62,Pas-de-Calais,1,3,1.55515,50.40019
62,Pas-de-Calais,1,4,1.56575,50.42587
62,Pas-de-Calais,1,5,1.57423,50.47144
62,Pas-de-Calais,1,6,1.57741,50.51665
62,Pas-de-Calais,1,7,1.60073,50.5492
62,Pas-de-Calais,1,8,1.579,50.56619
62,Pas-de-Calais,1,9,1.57794,50.64142
62,Pas-de-Calais,1,10,1.56098,50.69892
62,Pas-de-Calais,1,11,1.60709,50.77053
62,Pas-de-Calais,1,12,1.60656,50.7944
62,Pas-de-Calais,1,13,1.57847,50.85444
62,Pas-de-Calais,1,14,1.58059,50.86782
62,Pas-de-Calais,1,15,1.64631,50.87975
62,Pas-de-Calais,1,16,1.69295,50.91556
62,Pas-de-Calais,1,17,1.72793,50.93762
62,Pas-de-Calais,1,18,1.78994,50.95715
62,Pas-de-Calais,1,19,1.82915,50.96257
62,Pas-de-Calais,1,20,1.86413,50.98282
62,Pas-de-Calais,1,21,1.8954,50.97487
62,Pas-de-Calais,1,22,1.94363,50.9897
62,Pas-de-Calais,1,23,2.04062,50.99729
62,Pas-de-Calais,1,24,2.06712,51.00669
62,Pas-de-Calais,1,25,2.08938,51.0038
62,Pas-de-Calais,1,26,2.12064,50.98065
62,Pas-de-Calais,1,27,2.14979,50.94087
62,Pas-de-Calais,1,28,2.18371,50.88373
62,Pas-de-Calais,1,29,2.21286,50.82225
62,Pas-de-Calais,1,30,2.25049,50.7897
62,Pas-de-Calais,1,31,2.36073,50.77559
62,Pas-de-Calais,1,32,2.39888,50.77487
62,Pas-de-Calais,1,33,2.40736,50.76221
62,Pas-de-Calais,1,34,2.34271,50.74088
62,Pas-de-Calais,1,35,2.33953,50.73075
62,Pas-de-Calais,1,36,2.38404,50.70037
62,Pas-de-Calais,1,37,2.36391,50.68482
62,Pas-de-Calais,1,38,2.37981,50.67071
62,Pas-de-Calais,1,39,2.40312,50.6812
62,Pas-de-Calais,1,40,2.42909,50.65697
62,Pas-de-Calais,1,41,2.45082,50.65335
62,Pas-de-Calais,1,42,2.4858,50.6331
62,Pas-de-Calais,1,43,2.53668,50.63093
62,Pas-de-Calais,1,44,2.56424,50.62478
62,Pas-de-Calais,1,45,2.5865,50.63816
62,Pas-de-Calais,1,46,2.63049,50.61755
62,Pas-de-Calais,1,47,2.675,50.62804
62,Pas-de-Calais,1,48,2.71846,50.62949
62,Pas-de-Calais,1,49,2.74602,50.60489
62,Pas-de-Calais,1,50,2.75927,50.63274
62,Pas-de-Calais,1,51,2.75874,50.65082
62,Pas-de-Calais,1,52,2.77517,50.66457
62,Pas-de-Calais,1,53,2.81227,50.66818
62,Pas-de-Calais,1,54,2.8393,50.65769
62,Pas-de-Calais,1,55,2.86951,50.63129
62,Pas-de-Calais,1,56,2.84725,50.62768
62,Pas-de-Calais,1,57,2.81068,50.60851
62,Pas-de-Calais,1,58,2.78895,50.58319
62,Pas-de-Calais,1,59,2.80803,50.57921
62,Pas-de-Calais,1,60,2.81651,50.55281
62,Pas-de-Calais,1,61,2.79425,50.5492
62,Pas-de-Calais,1,62,2.79955,50.52858
62,Pas-de-Calais,1,63,2.82605,50.52533
62,Pas-de-Calais,1,64,2.887,50.53328
62,Pas-de-Calais,1,65,2.8817,50.50761
62,Pas-de-Calais,1,66,2.91032,50.49965
62,Pas-de-Calais,1,67,2.95006,50.51231
62,Pas-de-Calais,1,68,2.97073,50.51014
62,Pas-de-Calais,1,69,3.02267,50.48229
62,Pas-de-Calais,1,70,3.00836,50.45589
62,Pas-de-Calais,1,71,3.03327,50.44395
62,Pas-de-Calais,1,72,3.06666,50.45878
62,Pas-de-Calais,1,73,3.07726,50.4454
62,Pas-de-Calais,1,74,3.06878,50.42551
62,Pas-de-Calais,1,75,3.04917,50.42587
62,Pas-de-Calais,1,76,3.01366,50.40309
62,Pas-de-Calais,1,77,2.98981,50.39477
62,Pas-de-Calais,1,78,2.99299,50.37958
62,Pas-de-Calais,1,79,3.01366,50.35969
62,Pas-de-Calais,1,80,3.08415,50.31123
62,Pas-de-Calais,1,81,3.01631,50.28266
62,Pas-de-Calais,1,82,3.13768,50.2653
62,Pas-de-Calais,1,83,3.1504,50.24974
62,Pas-de-Calais,1,84,3.17584,50.24143
62,Pas-de-Calais,1,85,3.17849,50.219
62,Pas-de-Calais,1,86,3.14298,50.21937
62,Pas-de-Calais,1,87,3.13132,50.19947
62,Pas-de-Calais,1,88,3.15623,50.18139
62,Pas-de-Calais,1,89,3.1292,50.16548
62,Pas-de-Calais,1,90,3.09263,50.12063
62,Pas-de-Calais,1,91,3.11436,50.09242
62,Pas-de-Calais,1,92,3.08998,50.07543
62,Pas-de-Calais,1,93,3.09051,50.05373
62,Pas-de-Calais,1,94,3.07461,50.04541
62,Pas-de-Calais,1,95,3.01472,50.05915
62,Pas-de-Calais,1,96,2.96861,50.04251
62,Pas-de-Calais,1,97,2.94582,50.05409
62,Pas-de-Calais,1,98,2.90714,50.03673
62,Pas-de-Calais,1,99,2.87799,50.04288
62,Pas-de-Calais,1,100,2.84566,50.07687
62,Pas-de-Calais,1,101,2.83294,50.06421
62,Pas-de-Calais,1,102,2.8075,50.06277
62,Pas-de-Calais,1,103,2.76351,50.03817
62,Pas-de-Calais,1,104,2.74231,50.0483
62,Pas-de-Calais,1,105,2.78206,50.09098
62,Pas-de-Calais,1,106,2.78047,50.11123
62,Pas-de-Calais,1,107,2.7492,50.11268
62,Pas-de-Calais,1,108,2.73012,50.1257
62,Pas-de-Calais,1,109,2.69196,50.0917
62,Pas-de-Calais,1,110,2.64904,50.09459
62,Pas-de-Calais,1,111,2.62042,50.11087
62,Pas-de-Calais,1,112,2.5759,50.1134
62,Pas-de-Calais,1,113,2.56848,50.13582
62,Pas-de-Calais,1,114,2.51495,50.14089
62,Pas-de-Calais,1,115,2.47626,50.13691
62,Pas-de-Calais,1,116,2.44976,50.12425
62,Pas-de-Calais,1,117,2.43015,50.08845
62,Pas-de-Calais,1,118,2.41425,50.10038
62,Pas-de-Calais,1,119,2.37557,50.10942
62,Pas-de-Calais,1,120,2.40259,50.16475
62,Pas-de-Calais,1,121,2.43916,50.18139
62,Pas-de-Calais,1,122,2.45082,50.17886
62,Pas-de-Calais,1,123,2.49534,50.19477
62,Pas-de-Calais,1,124,2.46142,50.21683
62,Pas-de-Calais,1,125,2.45188,50.23021
62,Pas-de-Calais,1,126,2.37981,50.22479
62,Pas-de-Calais,1,127,2.36179,50.20707
62,Pas-de-Calais,1,128,2.33317,50.23817
62,Pas-de-Calais,1,129,2.3178,50.21937
62,Pas-de-Calais,1,130,2.29872,50.21177
62,Pas-de-Calais,1,131,2.2701,50.22913
62,Pas-de-Calais,1,132,2.25314,50.21503
62,Pas-de-Calais,1,133,2.22293,50.2096
62,Pas-de-Calais,1,134,2.17364,50.20924
62,Pas-de-Calais,1,135,2.15032,50.19188
62,Pas-de-Calais,1,136,2.12064,50.21105
62,Pas-de-Calais,1,137,2.08514,50.21322
62,Pas-de-Calais,1,138,2.06447,50.23889
62,Pas-de-Calais,1,139,2.07825,50.24866
62,Pas-de-Calais,1,140,2.02631,50.26964
62,Pas-de-Calais,1,141,2.00988,50.26891
62,Pas-de-Calais,1,142,1.94151,50.29423
62,Pas-de-Calais,1,143,1.96377,50.31774
62,Pas-de-Calais,1,144,1.94628,50.33184
62,Pas-de-Calais,1,145,1.91819,50.31195
62,Pas-de-Calais,1,146,1.87632,50.32135
62,Pas-de-Calais,1,147,1.87261,50.33256
62,Pas-de-Calais,1,148,1.8318,50.34522
62,Pas-de-Calais,1,149,1.80478,50.35969
62,Pas-de-Calais,1,150,1.76185,50.3615
62,Pas-de-Calais,1,151,1.72846,50.34595
62,Pas-de-Calais,1,152,1.70514,50.34378
62,Pas-de-Calais,1,153,1.66539,50.32967
62,Pas-de-Calais,1,154,1.64472,50.35029
17,Charente-Maritime,1,0,-1.10535,46.31491
17,Charente-Maritime,1,1,-1.07673,46.32069
17,Charente-Maritime,1,2,-1.05235,46.34239
17,Charente-Maritime,1,3,-1.02638,46.34999
17,Charente-Maritime,1,4,-0.97497,46.35107
17,Charente-Maritime,1,5,-0.9649,46.36518
17,Charente-Maritime,1,6,-0.93046,46.3706
17,Charente-Maritime,1,7,-0.95219,46.31961
17,Charente-Maritime,1,8,-0.9135,46.31382
17,Charente-Maritime,1,9,-0.887,46.32684
17,Charente-Maritime,1,10,-0.85944,46.3178
17,Charente-Maritime,1,11,-0.83983,46.34095
17,Charente-Maritime,1,12,-0.7757,46.31852
17,Charente-Maritime,1,13,-0.75026,46.30442
17,Charente-Maritime,1,14,-0.75026,46.28778
17,Charente-Maritime,1,15,-0.73542,46.26789
17,Charente-Maritime,1,16,-0.75185,46.24547
17,Charente-Maritime,1,17,-0.69196,46.22015
17,Charente-Maritime,1,18,-0.68402,46.19918
17,Charente-Maritime,1,19,-0.6554,46.16988
17,Charente-Maritime,1,20,-0.60505,46.15939
17,Charente-Maritime,1,21,-0.63367,46.14818
17,Charente-Maritime,1,22,-0.62042,46.13806
17,Charente-Maritime,1,23,-0.56689,46.14348
17,Charente-Maritime,1,24,-0.53297,46.13987
17,Charente-Maritime,1,25,-0.50594,46.10659
17,Charente-Maritime,1,26,-0.43916,46.10225
17,Charente-Maritime,1,27,-0.40154,46.08417
17,Charente-Maritime,1,28,-0.37186,46.09357
17,Charente-Maritime,1,29,-0.36285,46.07549
17,Charente-Maritime,1,30,-0.33476,46.082
17,Charente-Maritime,1,31,-0.28176,46.07983
17,Charente-Maritime,1,32,-0.27275,46.05741
17,Charente-Maritime,1,33,-0.19113,46.04366
17,Charente-Maritime,1,34,-0.18742,46.0263
17,Charente-Maritime,1,35,-0.1588,46.00497
17,Charente-Maritime,1,36,-0.13919,45.99954
17,Charente-Maritime,1,37,-0.13707,45.97893
17,Charente-Maritime,1,38,-0.10316,45.96952
17,Charente-Maritime,1,39,-0.0862,45.94819
17,Charente-Maritime,1,40,-0.10528,45.92685
17,Charente-Maritime,1,41,-0.15138,45.92685
17,Charente-Maritime,1,42,-0.1323,45.91094
17,Charente-Maritime,1,43,-0.12648,45.8726
17,Charente-Maritime,1,44,-0.13601,45.84728
17,Charente-Maritime,1,45,-0.13707,45.8169
17,Charente-Maritime,1,46,-0.15615,45.77965
17,Charente-Maritime,1,47,-0.1853,45.79087
17,Charente-Maritime,1,48,-0.22134,45.77568
17,Charente-Maritime,1,49,-0.23883,45.8028
17,Charente-Maritime,1,50,-0.28918,45.80642
17,Charente-Maritime,1,51,-0.30614,45.78797
17,Charente-Maritime,1,52,-0.36603,45.77965
17,Charente-Maritime,1,53,-0.40207,45.78653
17,Charente-Maritime,1,54,-0.40948,45.76736
17,Charente-Maritime,1,55,-0.44976,45.76446
17,Charente-Maritime,1,56,-0.45983,45.73951
17,Charente-Maritime,1,57,-0.41584,45.74204
17,Charente-Maritime,1,58,-0.42114,45.70515
17,Charente-Maritime,1,59,-0.41107,45.68345
17,Charente-Maritime,1,60,-0.38246,45.65995
17,Charente-Maritime,1,61,-0.40895,45.65633
17,Charente-Maritime,1,62,-0.42538,45.63065
17,Charente-Maritime,1,63,-0.41213,45.61727
17,Charente-Maritime,1,64,-0.38723,45.62667
17,Charente-Maritime,1,65,-0.3761,45.60859
17,Charente-Maritime,1,66,-0.2966,45.56447
17,Charente-Maritime,1,67,-0.32151,45.53481
17,Charente-Maritime,1,68,-0.29024,45.53047
17,Charente-Maritime,1,69,-0.25897,45.5189
17,Charente-Maritime,1,70,-0.25738,45.48707
17,Charente-Maritime,1,71,-0.26745,45.45597
17,Charente-Maritime,1,72,-0.24678,45.43499
17,Charente-Maritime,1,73,-0.24996,45.40895
17,Charente-Maritime,1,74,-0.28282,45.3887
17,Charente-Maritime,1,75,-0.30985,45.38689
17,Charente-Maritime,1,76,-0.30879,45.37351
17,Charente-Maritime,1,77,-0.27434,45.3482
17,Charente-Maritime,1,78,-0.28441,45.30878
17,Charente-Maritime,1,79,-0.23035,45.31456
17,Charente-Maritime,1,80,-0.16039,45.30661
17,Charente-Maritime,1,81,-0.14396,45.29503
17,Charente-Maritime,1,82,-0.10899,45.28961
17,Charente-Maritime,1,83,-0.11535,45.24802
17,Charente-Maritime,1,84,-0.04486,45.24802
17,Charente-Maritime,1,85,-0.01783,45.22885
17,Charente-Maritime,1,86,0.00602,45.22234
17,Charente-Maritime,1,87,0.00443,45.1916
17,Charente-Maritime,1,88,-0.01677,45.17026
17,Charente-Maritime,1,89,0.00337,45.15218
17,Charente-Maritime,1,90,-0.03691,45.1406
17,Charente-Maritime,1,91,-0.02896,45.12867
17,Charente-Maritime,1,92,-0.04062,45.10263
17,Charente-Maritime,1,93,-0.05652,45.09938
17,Charente-Maritime,1,94,-0.08779,45.1218
17,Charente-Maritime,1,95,-0.11323,45.11493
17,Charente-Maritime,1,96,-0.14184,45.08997
17,Charente-Maritime,1,97,-0.19484,45.09576
17,Charente-Maritime,1,98,-0.21869,45.10733
17,Charente-Maritime,1,99,-0.24572,45.10806
17,Charente-Maritime,1,100,-0.2754,45.14133
17,Charente-Maritime,1,101,-0.36338,45.17026
17,Charente-Maritime,1,102,-0.39094,45.15543
17,Charente-Maritime,1,103,-0.40313,45.19051
17,Charente-Maritime,1,104,-0.42114,45.2086
17,Charente-Maritime,1,105,-0.40525,45.2397
17,Charente-Maritime,1,106,-0.42485,45.24838
17,Charente-Maritime,1,107,-0.41584,45.26718
17,Charente-Maritime,1,108,-0.44075,45.28382
17,Charente-Maritime,1,109,-0.48633,45.29359
17,Charente-Maritime,1,110,-0.51336,45.28635
17,Charente-Maritime,1,111,-0.56795,45.29756
17,Charente-Maritime,1,112,-0.56901,45.33156
17,Charente-Maritime,1,113,-0.59445,45.32107
17,Charente-Maritime,1,114,-0.63632,45.31818
17,Charente-Maritime,1,115,-0.64957,45.32252
17,Charente-Maritime,1,116,-0.72005,45.32722
17,Charente-Maritime,1,117,-0.73489,45.36628
17,Charente-Maritime,1,118,-0.75662,45.40425
17,Charente-Maritime,1,119,-0.79902,45.45452
17,Charente-Maritime,1,120,-0.84248,45.49322
17,Charente-Maritime,1,121,-0.87322,45.51347
17,Charente-Maritime,1,122,-0.93523,45.54711
17,Charente-Maritime,1,123,-0.96279,45.5576
17,Charente-Maritime,1,124,-0.99299,45.57749
17,Charente-Maritime,1,125,-0.99405,45.59738
17,Charente-Maritime,1,126,-1.02585,45.62342
17,Charente-Maritime,1,127,-1.04228,45.61908
17,Charente-Maritime,1,128,-1.07779,45.63897
17,Charente-Maritime,1,129,-1.0974,45.64114
17,Charente-Maritime,1,130,-1.19969,45.69466
17,Charente-Maritime,1,131,-1.23096,45.69249
17,Charente-Maritime,1,132,-1.23838,45.70985
17,Charente-Maritime,1,133,-1.24367,45.77893
17,Charente-Maritime,1,134,-1.20817,45.7934
17,Charente-Maritime,1,135,-1.18644,45.79014
17,Charente-Maritime,1,136,-1.15517,45.80244
17,Charente-Maritime,1,137,-1.13768,45.82052
17,Charente-Maritime,1,138,-1.15729,45.84294
17,Charente-Maritime,1,139,-1.15464,45.86211
17,Charente-Maritime,1,140,-1.12549,45.85669
17,Charente-Maritime,1,141,-1.10429,45.86573
17,Charente-Maritime,1,142,-1.07302,45.916
17,Charente-Maritime,1,143,-1.0762,45.95831
17,Charente-Maritime,1,144,-1.08839,45.99376
17,Charente-Maritime,1,145,-1.06083,45.99412
17,Charente-Maritime,1,146,-1.05288,46.00388
17,Charente-Maritime,1,147,-1.06242,46.04837
17,Charente-Maritime,1,148,-1.08839,46.05379
17,Charente-Maritime,1,149,-1.10111,46.0943
17,Charente-Maritime,1,150,-1.12231,46.10298
17,Charente-Maritime,1,151,-1.12761,46.12612
17,Charente-Maritime,1,152,-1.16418,46.13806
17,Charente-Maritime,1,153,-1.15994,46.15433
17,Charente-Maritime,1,154,-1.20658,46.14601
17,Charente-Maritime,1,155,-1.23944,46.15903
17,Charente-Maritime,1,156,-1.20499,46.1858
17,Charente-Maritime,1,157,-1.19916,46.21292
17,Charente-Maritime,1,158,-1.17107,46.22377
17,Charente-Maritime,1,159,-1.14139,46.24981
17,Charente-Maritime,1,160,-1.11383,46.26066
17,Charente-Maritime,1,161,-1.12602,46.30804
17,Charente-Maritime,1,162,-1.10535,46.31491
17,Charente-Maritime,2,0,-1.20234,45.83824
17,Charente-Maritime,2,1,-1.20234,45.82667
17,Charente-Maritime,2,2,-1.22937,45.8075
17,Charente-Maritime,2,3,-1.24209,45.81329
17,Charente-Maritime,2,4,-1.25268,45.85524
17,Charente-Maritime,2,5,-1.26858,45.88128
17,Charente-Maritime,2,6,-1.29137,45.89828
17,Charente-Maritime,2,7,-1.34702,45.92323
17,Charente-Maritime,2,8,-1.38465,45.9518
17,Charente-Maritime,2,9,-1.3873,45.99665
17,Charente-Maritime,2,10,-1.41327,46.04656
17,Charente-Maritime,2,11,-1.37193,46.03318
17,Charente-Maritime,2,12,-1.31045,45.99195
17,Charente-Maritime,2,13,-1.28713,45.98725
17,Charente-Maritime,2,14,-1.24897,45.9905
17,Charente-Maritime,2,15,-1.23414,45.97929
17,Charente-Maritime,2,16,-1.2442,45.96446
17,Charente-Maritime,2,17,-1.22884,45.94059
17,Charente-Maritime,2,18,-1.23255,45.92613
17,Charente-Maritime,2,19,-1.2193,45.90515
17,Charente-Maritime,2,20,-1.19439,45.89032
17,Charente-Maritime,2,21,-1.1928,45.87441
17,Charente-Maritime,2,22,-1.20234,45.83824
17,Charente-Maritime,3,0,-1.276,46.14891
17,Charente-Maritime,3,1,-1.30727,46.14312
17,Charente-Maritime,3,2,-1.35232,46.15505
17,Charente-Maritime,3,3,-1.38783,46.17567
17,Charente-Maritime,3,4,-1.46044,46.20207
17,Charente-Maritime,3,5,-1.50761,46.1952
17,Charente-Maritime,3,6,-1.53357,46.20243
17,Charente-Maritime,3,7,-1.5606,46.23679
17,Charente-Maritime,3,8,-1.51132,46.25777
17,Charente-Maritime,3,9,-1.48853,46.25198
17,Charente-Maritime,3,10,-1.47422,46.23317
17,Charente-Maritime,3,11,-1.51609,46.23064
17,Charente-Maritime,3,12,-1.50655,46.21473
17,Charente-Maritime,3,13,-1.4827,46.21256
17,Charente-Maritime,3,14,-1.45885,46.22558
17,Charente-Maritime,3,15,-1.42016,46.23064
17,Charente-Maritime,3,16,-1.42493,46.20496
17,Charente-Maritime,3,17,-1.36557,46.20713
17,Charente-Maritime,3,18,-1.3237,46.18724
17,Charente-Maritime,3,19,-1.29084,46.1858
17,Charente-Maritime,3,20,-1.276,46.14891
06,Alpes-Maritimes,1,0,6.9334,43.48023
06,Alpes-Maritimes,1,1,6.91379,43.48277
06,Alpes-Maritimes,1,2,6.88411,43.50266
06,Alpes-Maritimes,1,3,6.8963,43.52761
06,Alpes-Maritimes,1,4,6.87828,43.53267
06,Alpes-Maritimes,1,5,6.88517,43.55003
06,Alpes-Maritimes,1,6,6.90902,43.56739
06,Alpes-Maritimes,1,7,6.89842,43.58186
06,Alpes-Maritimes,1,8,6.9122,43.5985
06,Alpes-Maritimes,1,9,6.89312,43.61188
06,Alpes-Maritimes,1,10,6.86662,43.60392
06,Alpes-Maritimes,1,11,6.84966,43.60718
06,Alpes-Maritimes,1,12,6.81416,43.63032
06,Alpes-Maritimes,1,13,6.80356,43.62671
06,Alpes-Maritimes,1,14,6.76063,43.67444
06,Alpes-Maritimes,1,15,6.77282,43.69542
06,Alpes-Maritimes,1,16,6.76752,43.71495
06,Alpes-Maritimes,1,17,6.75003,43.73846
06,Alpes-Maritimes,1,18,6.71929,43.7381
06,Alpes-Maritimes,1,19,6.70127,43.75401
06,Alpes-Maritimes,1,20,6.68272,43.75799
06,Alpes-Maritimes,1,21,6.65728,43.74858
06,Alpes-Maritimes,1,22,6.63926,43.7692
06,Alpes-Maritimes,1,23,6.63608,43.78909
06,Alpes-Maritimes,1,24,6.64456,43.7956
06,Alpes-Maritimes,1,25,6.70551,43.80826
06,Alpes-Maritimes,1,26,6.70339,43.82309
06,Alpes-Maritimes,1,27,6.66788,43.83068
06,Alpes-Maritimes,1,28,6.68007,43.85202
06,Alpes-Maritimes,1,29,6.70286,43.856
06,Alpes-Maritimes,1,30,6.6965,43.87553
06,Alpes-Maritimes,1,31,6.74897,43.87155
06,Alpes-Maritimes,1,32,6.78183,43.88348
06,Alpes-Maritimes,1,33,6.80409,43.91133
06,Alpes-Maritimes,1,34,6.83218,43.91856
06,Alpes-Maritimes,1,35,6.86556,43.90591
06,Alpes-Maritimes,1,36,6.88464,43.88891
06,Alpes-Maritimes,1,37,6.93287,43.89469
06,Alpes-Maritimes,1,38,6.9334,43.90771
06,Alpes-Maritimes,1,39,6.9122,43.92833
06,Alpes-Maritimes,1,40,6.89471,43.92797
06,Alpes-Maritimes,1,41,6.86821,43.95437
06,Alpes-Maritimes,1,42,6.85178,43.95473
06,Alpes-Maritimes,1,43,6.83854,43.98981
06,Alpes-Maritimes,1,44,6.79826,44.00536
06,Alpes-Maritimes,1,45,6.78395,44.02272
06,Alpes-Maritimes,1,46,6.74579,44.04297
06,Alpes-Maritimes,1,47,6.75427,44.07769
06,Alpes-Maritimes,1,48,6.73996,44.09903
06,Alpes-Maritimes,1,49,6.7071,44.12579
06,Alpes-Maritimes,1,50,6.68643,44.16847
06,Alpes-Maritimes,1,51,6.72459,44.22561
06,Alpes-Maritimes,1,52,6.72406,44.24984
06,Alpes-Maritimes,1,53,6.75851,44.26503
06,Alpes-Maritimes,1,54,6.76275,44.27914
06,Alpes-Maritimes,1,55,6.7866,44.28782
06,Alpes-Maritimes,1,56,6.80674,44.32615
06,Alpes-Maritimes,1,57,6.83801,44.34496
06,Alpes-Maritimes,1,58,6.86291,44.34677
06,Alpes-Maritimes,1,59,6.88729,44.36123
06,Alpes-Maritimes,1,60,6.92174,44.35147
06,Alpes-Maritimes,1,61,6.92651,44.33483
06,Alpes-Maritimes,1,62,6.96043,44.31132
06,Alpes-Maritimes,1,63,6.95566,44.29758
06,Alpes-Maritimes,1,64,6.99382,44.28058
06,Alpes-Maritimes,1,65,6.997,44.25237
06,Alpes-Maritimes,1,66,7.0076,44.23682
06,Alpes-Maritimes,1,67,7.04311,44.22561
06,Alpes-Maritimes,1,68,7.07014,44.23284
06,Alpes-Maritimes,1,69,7.11784,44.21548
06,Alpes-Maritimes,1,70,7.14221,44.20066
06,Alpes-Maritimes,1,71,7.16341,44.20825
06,Alpes-Maritimes,1,72,7.18885,44.1974
06,Alpes-Maritimes,1,73,7.21959,44.16847
06,Alpes-Maritimes,1,74,7.24503,44.16558
06,Alpes-Maritimes,1,75,7.26252,44.14822
06,Alpes-Maritimes,1,76,7.28107,44.14388
06,Alpes-Maritimes,1,77,7.33142,44.14496
06,Alpes-Maritimes,1,78,7.34679,44.1399
06,Alpes-Maritimes,1,79,7.35686,44.11856
06,Alpes-Maritimes,1,80,7.38654,44.12435
06,Alpes-Maritimes,1,81,7.42734,44.11313
06,Alpes-Maritimes,1,82,7.43582,44.12941
06,Alpes-Maritimes,1,83,7.45808,44.12652
06,Alpes-Maritimes,1,84,7.49995,44.14243
06,Alpes-Maritimes,1,85,7.52645,44.13954
06,Alpes-Maritimes,1,86,7.56567,44.15183
06,Alpes-Maritimes,1,87,7.61443,44.14966
06,Alpes-Maritimes,1,88,7.63616,44.17715
06,Alpes-Maritimes,1,89,7.67379,44.17715
06,Alpes-Maritimes,1,90,7.6775,44.14424
06,Alpes-Maritimes,1,91,7.66796,44.12941
06,Alpes-Maritimes,1,92,7.71618,44.08167
06,Alpes-Maritimes,1,93,7.69339,44.04008
06,Alpes-Maritimes,1,94,7.66637,44.0314
06,Alpes-Maritimes,1,95,7.67061,43.99849
06,Alpes-Maritimes,1,96,7.63245,43.96486
06,Alpes-Maritimes,1,97,7.58846,43.95545
06,Alpes-Maritimes,1,98,7.56832,43.94207
06,Alpes-Maritimes,1,99,7.5609,43.89867
06,Alpes-Maritimes,1,100,7.50101,43.8748
06,Alpes-Maritimes,1,101,7.49465,43.85563
06,Alpes-Maritimes,1,102,7.50737,43.84081
06,Alpes-Maritimes,1,103,7.51903,43.80247
06,Alpes-Maritimes,1,104,7.51426,43.78294
06,Alpes-Maritimes,1,105,7.47557,43.75112
06,Alpes-Maritimes,1,106,7.45331,43.75871
06,Alpes-Maritimes,1,107,7.4125,43.73484
06,Alpes-Maritimes,1,108,7.40296,43.72074
06,Alpes-Maritimes,1,109,7.35898,43.72218
06,Alpes-Maritimes,1,110,7.29061,43.69217
06,Alpes-Maritimes,1,111,7.26358,43.69434
06,Alpes-Maritimes,1,112,7.23231,43.68095
06,Alpes-Maritimes,1,113,7.22648,43.66287
06,Alpes-Maritimes,1,114,7.15546,43.65274
06,Alpes-Maritimes,1,115,7.13532,43.6296
06,Alpes-Maritimes,1,116,7.12578,43.60862
06,Alpes-Maritimes,1,117,7.12896,43.58114
06,Alpes-Maritimes,1,118,7.13956,43.56848
06,Alpes-Maritimes,1,119,7.0871,43.56992
06,Alpes-Maritimes,1,120,7.04046,43.54135
06,Alpes-Maritimes,1,121,7.02509,43.54931
06,Alpes-Maritimes,1,122,6.98905,43.54895
06,Alpes-Maritimes,1,123,6.95248,43.53593
06,Alpes-Maritimes,1,124,6.93764,43.51459
06,Alpes-Maritimes,1,125,6.95195,43.50157
06,Alpes-Maritimes,1,126,6.9334,43.48023
85,Vendée,1,0,-1.97558,47.02882
85,Vendée,1,1,-1.94272,46.99446
85,Vendée,1,2,-1.91675,46.99229
85,Vendée,1,3,-1.91675,46.97457
85,Vendée,1,4,-1.86958,46.95251
85,Vendée,1,5,-1.83089,46.9536
85,Vendée,1,6,-1.83195,46.93226
85,Vendée,1,7,-1.77631,46.92539
85,Vendée,1,8,-1.75034,46.93045
85,Vendée,1,9,-1.7302,46.88777
85,Vendée,1,10,-1.68674,46.89067
85,Vendée,1,11,-1.66395,46.87475
85,Vendée,1,12,-1.64699,46.87909
85,Vendée,1,13,-1.60565,46.87475
85,Vendée,1,14,-1.54841,46.85993
85,Vendée,1,15,-1.54629,46.87367
85,Vendée,1,16,-1.50337,46.8809
85,Vendée,1,17,-1.50443,46.88994
85,Vendée,1,18,-1.53622,46.91743
85,Vendée,1,19,-1.52086,46.92936
85,Vendée,1,20,-1.55424,46.98108
85,Vendée,1,21,-1.54364,46.99844
85,Vendée,1,22,-1.5553,47.01472
85,Vendée,1,23,-1.52297,47.02412
85,Vendée,1,24,-1.50655,47.0375
85,Vendée,1,25,-1.48429,47.04003
85,Vendée,1,26,-1.46309,46.99663
85,Vendée,1,27,-1.47528,46.97927
85,Vendée,1,28,-1.45726,46.9554
85,Vendée,1,29,-1.47157,46.9337
85,Vendée,1,30,-1.45726,46.92611
85,Vendée,1,31,-1.41168,46.94564
85,Vendée,1,32,-1.36398,46.95794
85,Vendée,1,33,-1.36398,47.00423
85,Vendée,1,34,-1.37882,47.03135
85,Vendée,1,35,-1.34543,47.04582
85,Vendée,1,36,-1.3131,47.03352
85,Vendée,1,37,-1.2972,47.03605
85,Vendée,1,38,-1.29084,47.07041
85,Vendée,1,39,-1.27123,47.08379
85,Vendée,1,40,-1.23096,47.06462
85,Vendée,1,41,-1.20287,47.04184
85,Vendée,1,42,-1.14828,47.02954
85,Vendée,1,43,-1.10535,47.01508
85,Vendée,1,44,-1.01631,47.0035
85,Vendée,1,45,-1.002,47.02159
85,Vendée,1,46,-0.95643,46.99699
85,Vendée,1,47,-0.93364,47.00893
85,Vendée,1,48,-0.90449,46.99482
85,Vendée,1,49,-0.8923,46.97602
85,Vendée,1,50,-0.90343,46.97168
85,Vendée,1,51,-0.82923,46.93334
85,Vendée,1,52,-0.8181,46.90766
85,Vendée,1,53,-0.81863,46.88126
85,Vendée,1,54,-0.76934,46.83606
85,Vendée,1,55,-0.70892,46.82123
85,Vendée,1,56,-0.72694,46.7677
85,Vendée,1,57,-0.71528,46.75179
85,Vendée,1,58,-0.69832,46.75179
85,Vendée,1,59,-0.69461,46.73118
85,Vendée,1,60,-0.67342,46.72177
85,Vendée,1,61,-0.65646,46.70043
85,Vendée,1,62,-0.68084,46.68705
85,Vendée,1,63,-0.64745,46.67042
85,Vendée,1,64,-0.65328,46.64329
85,Vendée,1,65,-0.62625,46.63425
85,Vendée,1,66,-0.61406,46.62159
85,Vendée,1,67,-0.62678,46.60568
85,Vendée,1,68,-0.61141,46.58832
85,Vendée,1,69,-0.62466,46.57747
85,Vendée,1,70,-0.60982,46.55939
85,Vendée,1,71,-0.6024,46.53335
85,Vendée,1,72,-0.64215,46.52503
85,Vendée,1,73,-0.64639,46.51165
85,Vendée,1,74,-0.62519,46.49574
85,Vendée,1,75,-0.60823,46.45415
85,Vendée,1,76,-0.63632,46.43245
85,Vendée,1,77,-0.6342,46.39556
85,Vendée,1,78,-0.60081,46.41219
85,Vendée,1,79,-0.53827,46.38652
85,Vendée,1,80,-0.55894,46.3612
85,Vendée,1,81,-0.60558,46.34746
85,Vendée,1,82,-0.63473,46.33335
85,Vendée,1,83,-0.64321,46.31961
85,Vendée,1,84,-0.67236,46.31635
85,Vendée,1,85,-0.69726,46.32503
85,Vendée,1,86,-0.75026,46.30442
85,Vendée,1,87,-0.7757,46.31852
85,Vendée,1,88,-0.83983,46.34095
85,Vendée,1,89,-0.85944,46.3178
85,Vendée,1,90,-0.887,46.32684
85,Vendée,1,91,-0.9135,46.31382
85,Vendée,1,92,-0.95219,46.31961
85,Vendée,1,93,-0.93046,46.3706
85,Vendée,1,94,-0.9649,46.36518
85,Vendée,1,95,-0.97497,46.35107
85,Vendée,1,96,-1.02638,46.34999
85,Vendée,1,97,-1.05235,46.34239
85,Vendée,1,98,-1.07673,46.32069
85,Vendée,1,99,-1.10535,46.31491
85,Vendée,1,100,-1.11489,46.32901
85,Vendée,1,101,-1.1398,46.31129
85,Vendée,1,102,-1.16736,46.31997
85,Vendée,1,103,-1.20234,46.31635
85,Vendée,1,104,-1.20658,46.26753
85,Vendée,1,105,-1.28024,46.30948
85,Vendée,1,106,-1.31204,46.30478
85,Vendée,1,107,-1.33695,46.33661
85,Vendée,1,108,-1.35921,46.34782
85,Vendée,1,109,-1.38624,46.34095
85,Vendée,1,110,-1.42652,46.34601
85,Vendée,1,111,-1.46627,46.34239
85,Vendée,1,112,-1.49436,46.38941
85,Vendée,1,113,-1.51715,46.40496
85,Vendée,1,114,-1.58604,46.40858
85,Vendée,1,115,-1.65282,46.4216
85,Vendée,1,116,-1.65494,46.43281
85,Vendée,1,117,-1.70476,46.44872
85,Vendée,1,118,-1.75352,46.4744
85,Vendée,1,119,-1.76995,46.48886
85,Vendée,1,120,-1.81393,46.49682
85,Vendée,1,121,-1.82718,46.54022
85,Vendée,1,122,-1.85739,46.61002
85,Vendée,1,123,-1.89184,46.63642
85,Vendée,1,124,-1.93424,46.68488
85,Vendée,1,125,-1.96604,46.69248
85,Vendée,1,126,-1.97982,46.71743
85,Vendée,1,127,-2.05879,46.7753
85,Vendée,1,128,-2.14199,46.81906
85,Vendée,1,129,-2.14835,46.86861
85,Vendée,1,130,-2.15683,46.88705
85,Vendée,1,131,-2.12662,46.8932
85,Vendée,1,132,-2.11867,46.9073
85,Vendée,1,133,-2.05826,46.9507
85,Vendée,1,134,-2.02911,47.00784
85,Vendée,1,135,-1.97558,47.02882
85,Vendée,2,0,-2.3259,46.72033
85,Vendée,2,1,-2.28615,46.69573
85,Vendée,2,2,-2.33597,46.68959
85,Vendée,2,3,-2.38313,46.69971
85,Vendée,2,4,-2.3985,46.72611
85,Vendée,2,5,-2.37465,46.73335
85,Vendée,2,6,-2.3259,46.72033
85,Vendée,3,0,-2.14782,46.89754
85,Vendée,3,1,-2.16637,46.90477
85,Vendée,3,2,-2.17697,46.93117
85,Vendée,3,3,-2.21142,46.96011
85,Vendée,3,4,-2.23898,46.96517
85,Vendée,3,5,-2.2623,46.95938
85,Vendée,3,6,-2.2835,46.98144
85,Vendée,3,7,-2.30205,46.9894
85,Vendée,3,8,-2.29781,47.02593
85,Vendée,3,9,-2.25859,47.0281
85,Vendée,3,10,-2.2252,47.01652
85,Vendée,3,11,-2.21937,46.99736
85,Vendée,3,12,-2.23421,46.99085
85,Vendée,3,13,-2.22944,46.97349
85,Vendée,3,14,-2.15683,46.94998
85,Vendée,3,15,-2.15047,46.93949
85,Vendée,3,16,-2.14782,46.89754
65,Hautes-Pyrénées,1,0,-0.31303,42.8495
65,Hautes-Pyrénées,1,1,-0.30773,42.86759
65,Hautes-Pyrénées,1,2,-0.32681,42.91677
65,Hautes-Pyrénées,1,3,-0.31091,42.91966
65,Hautes-Pyrénées,1,4,-0.2807,42.94317
65,Hautes-Pyrénées,1,5,-0.29236,42.99163
65,Hautes-Pyrénées,1,6,-0.28759,43.00538
65,Hautes-Pyrénées,1,7,-0.26745,43.00827
65,Hautes-Pyrénées,1,8,-0.25579,43.02274
65,Hautes-Pyrénées,1,9,-0.2595,43.0372
65,Hautes-Pyrénées,1,10,-0.21445,43.03612
65,Hautes-Pyrénées,1,11,-0.18212,43.05239
65,Hautes-Pyrénées,1,12,-0.19908,43.06433
65,Hautes-Pyrénées,1,13,-0.18689,43.09073
65,Hautes-Pyrénées,1,14,-0.19113,43.11134
65,Hautes-Pyrénées,1,15,-0.17046,43.11568
65,Hautes-Pyrénées,1,16,-0.1429,43.13304
65,Hautes-Pyrénées,1,17,-0.13866,43.14932
65,Hautes-Pyrénées,1,18,-0.11747,43.18042
65,Hautes-Pyrénées,1,19,-0.09945,43.17282
65,Hautes-Pyrénées,1,20,-0.06818,43.17716
65,Hautes-Pyrénées,1,21,-0.07189,43.2249
65,Hautes-Pyrénées,1,22,-0.04963,43.21731
65,Hautes-Pyrénées,1,23,-0.04009,43.23973
65,Hautes-Pyrénées,1,24,-0.02366,43.25601
65,Hautes-Pyrénées,1,25,-0.02472,43.28024
65,Hautes-Pyrénées,1,26,-0.04433,43.28566
65,Hautes-Pyrénées,1,27,-0.04486,43.30338
65,Hautes-Pyrénées,1,28,-0.02578,43.32978
65,Hautes-Pyrénées,1,29,0.01026,43.32508
65,Hautes-Pyrénées,1,30,0.02987,43.34606
65,Hautes-Pyrénées,1,31,-0.00352,43.3721
65,Hautes-Pyrénées,1,32,-0.00405,43.39344
65,Hautes-Pyrénées,1,33,0.00973,43.42237
65,Hautes-Pyrénées,1,34,-0.01624,43.44407
65,Hautes-Pyrénées,1,35,-0.04433,43.40935
65,Hautes-Pyrénées,1,36,-0.06659,43.43973
65,Hautes-Pyrénées,1,37,-0.065,43.4636
65,Hautes-Pyrénées,1,38,-0.01942,43.46758
65,Hautes-Pyrénées,1,39,-0.04698,43.49832
65,Hautes-Pyrénées,1,40,-0.0438,43.52363
65,Hautes-Pyrénées,1,41,-0.06712,43.5475
65,Hautes-Pyrénées,1,42,-0.08726,43.54244
65,Hautes-Pyrénées,1,43,-0.0968,43.58222
65,Hautes-Pyrénées,1,44,-0.07719,43.59018
65,Hautes-Pyrénées,1,45,-0.07401,43.60645
65,Hautes-Pyrénées,1,46,-0.01518,43.60537
65,Hautes-Pyrénées,1,47,-0.00246,43.56559
65,Hautes-Pyrénées,1,48,0.01556,43.54352
65,Hautes-Pyrénées,1,49,0.02934,43.54497
65,Hautes-Pyrénées,1,50,0.05372,43.51821
65,Hautes-Pyrénées,1,51,0.08075,43.52436
65,Hautes-Pyrénées,1,52,0.08976,43.51025
65,Hautes-Pyrénées,1,53,0.11202,43.51748
65,Hautes-Pyrénées,1,54,0.12739,43.49868
65,Hautes-Pyrénées,1,55,0.13057,43.47409
65,Hautes-Pyrénées,1,56,0.14965,43.46541
65,Hautes-Pyrénées,1,57,0.16607,43.44226
65,Hautes-Pyrénées,1,58,0.13799,43.4343
65,Hautes-Pyrénées,1,59,0.15494,43.39922
65,Hautes-Pyrénées,1,60,0.17402,43.40284
65,Hautes-Pyrénées,1,61,0.18197,43.37137
65,Hautes-Pyrénées,1,62,0.23179,43.36776
65,Hautes-Pyrénées,1,63,0.27949,43.38656
65,Hautes-Pyrénées,1,64,0.30069,43.37174
65,Hautes-Pyrénées,1,65,0.32931,43.36378
65,Hautes-Pyrénées,1,66,0.33196,43.34317
65,Hautes-Pyrénées,1,67,0.38973,43.35582
65,Hautes-Pyrénées,1,68,0.39609,43.3334
65,Hautes-Pyrénées,1,69,0.44325,43.32798
65,Hautes-Pyrénées,1,70,0.44484,43.34063
65,Hautes-Pyrénées,1,71,0.49731,43.32617
65,Hautes-Pyrénées,1,72,0.50791,43.33412
65,Hautes-Pyrénées,1,73,0.5466,43.32978
65,Hautes-Pyrénées,1,74,0.60702,43.31098
65,Hautes-Pyrénées,1,75,0.63087,43.3023
65,Hautes-Pyrénées,1,76,0.61179,43.27662
65,Hautes-Pyrénées,1,77,0.5943,43.27192
65,Hautes-Pyrénées,1,78,0.55349,43.23684
65,Hautes-Pyrénées,1,79,0.57416,43.22056
65,Hautes-Pyrénées,1,80,0.5519,43.20935
65,Hautes-Pyrénées,1,81,0.51745,43.21261
65,Hautes-Pyrénées,1,82,0.51798,43.19489
65,Hautes-Pyrénées,1,83,0.49784,43.17282
65,Hautes-Pyrénées,1,84,0.45968,43.14896
65,Hautes-Pyrénées,1,85,0.44166,43.13087
65,Hautes-Pyrénées,1,86,0.46498,43.11134
65,Hautes-Pyrénées,1,87,0.48936,43.11532
65,Hautes-Pyrénées,1,88,0.50261,43.09579
65,Hautes-Pyrénées,1,89,0.56409,43.07445
65,Hautes-Pyrénées,1,90,0.5625,43.03576
65,Hautes-Pyrénées,1,91,0.53812,43.04154
65,Hautes-Pyrénées,1,92,0.52699,43.00899
65,Hautes-Pyrénées,1,93,0.5413,43.0014
65,Hautes-Pyrénées,1,94,0.57045,43.02165
65,Hautes-Pyrénées,1,95,0.59165,43.02274
65,Hautes-Pyrénées,1,96,0.62716,43.00031
65,Hautes-Pyrénées,1,97,0.61444,42.98729
65,Hautes-Pyrénées,1,98,0.61868,42.97247
65,Hautes-Pyrénées,1,99,0.64518,42.96198
65,Hautes-Pyrénées,1,100,0.62663,42.94173
65,Hautes-Pyrénées,1,101,0.60543,42.93413
65,Hautes-Pyrénées,1,102,0.57575,42.87084
65,Hautes-Pyrénées,1,103,0.55402,42.86035
65,Hautes-Pyrénées,1,104,0.47717,42.87844
65,Hautes-Pyrénées,1,105,0.45597,42.81659
65,Hautes-Pyrénées,1,106,0.46339,42.80466
65,Hautes-Pyrénées,1,107,0.45544,42.77609
65,Hautes-Pyrénées,1,108,0.46392,42.75945
65,Hautes-Pyrénées,1,109,0.45491,42.72799
65,Hautes-Pyrénées,1,110,0.48459,42.71026
65,Hautes-Pyrénées,1,111,0.4777,42.70014
65,Hautes-Pyrénées,1,112,0.42789,42.69037
65,Hautes-Pyrénées,1,113,0.40192,42.69616
65,Hautes-Pyrénées,1,114,0.39291,42.71316
65,Hautes-Pyrénées,1,115,0.35846,42.72003
65,Hautes-Pyrénées,1,116,0.33037,42.70665
65,Hautes-Pyrénées,1,117,0.31924,42.68386
65,Hautes-Pyrénées,1,118,0.29274,42.67555
65,Hautes-Pyrénées,1,119,0.27207,42.69254
65,Hautes-Pyrénées,1,120,0.26041,42.71605
65,Hautes-Pyrénées,1,121,0.22543,42.7175
65,Hautes-Pyrénées,1,122,0.20635,42.72943
65,Hautes-Pyrénées,1,123,0.17614,42.7363
65,Hautes-Pyrénées,1,124,0.1613,42.7269
65,Hautes-Pyrénées,1,125,0.10566,42.71026
65,Hautes-Pyrénées,1,126,0.07651,42.71352
65,Hautes-Pyrénées,1,127,0.05796,42.69761
65,Hautes-Pyrénées,1,128,0.0251,42.70231
65,Hautes-Pyrénées,1,129,0.00072,42.68531
65,Hautes-Pyrénées,1,130,-0.06341,42.69616
65,Hautes-Pyrénées,1,131,-0.06818,42.71786
65,Hautes-Pyrénées,1,132,-0.10157,42.72184
65,Hautes-Pyrénées,1,133,-0.15509,42.78947
65,Hautes-Pyrénées,1,134,-0.18,42.78585
65,Hautes-Pyrénées,1,135,-0.23883,42.80972
65,Hautes-Pyrénées,1,136,-0.27699,42.83576
65,Hautes-Pyrénées,1,137,-0.31303,42.8495
65,Hautes-Pyrénées,2,0,-0.13866,43.26577
65,Hautes-Pyrénées,2,1,-0.1376,43.28566
65,Hautes-Pyrénées,2,2,-0.11217,43.30953
65,Hautes-Pyrénées,2,3,-0.09203,43.30085
65,Hautes-Pyrénées,2,4,-0.09627,43.28566
65,Hautes-Pyrénées,2,5,-0.07984,43.26324
65,Hautes-Pyrénées,2,6,-0.10316,43.24299
65,Hautes-Pyrénées,2,7,-0.12224,43.24371
65,Hautes-Pyrénées,2,8,-0.13866,43.26577
65,Hautes-Pyrénées,3,0,-0.06818,43.32834
65,Hautes-Pyrénées,3,1,-0.07507,43.307
65,Hautes-Pyrénées,3,2,-0.10369,43.31279
65,Hautes-Pyrénées,3,3,-0.10846,43.3381
65,Hautes-Pyrénées,3,4,-0.08779,43.33376
65,Hautes-Pyrénées,3,5,-0.09309,43.37391
65,Hautes-Pyrénées,3,6,-0.065,43.35474
65,Hautes-Pyrénées,3,7,-0.06818,43.32834
84,Vaucluse,1,0,4.73928,43.92399
84,Vaucluse,1,1,4.77744,43.93701
84,Vaucluse,1,2,4.81454,43.96522
84,Vaucluse,1,3,4.81295,43.98764
84,Vaucluse,1,4,4.84422,43.98945
84,Vaucluse,1,5,4.84263,44.01115
84,Vaucluse,1,6,4.81984,44.0173
84,Vaucluse,1,7,4.81666,44.0314
84,Vaucluse,1,8,4.78963,44.05165
84,Vaucluse,1,9,4.78486,44.06757
84,Vaucluse,1,10,4.76207,44.07516
84,Vaucluse,1,11,4.752,44.08818
84,Vaucluse,1,12,4.73027,44.07914
84,Vaucluse,1,13,4.70589,44.10771
84,Vaucluse,1,14,4.71914,44.14677
84,Vaucluse,1,15,4.72232,44.18727
84,Vaucluse,1,16,4.70483,44.19632
84,Vaucluse,1,17,4.70218,44.21585
84,Vaucluse,1,18,4.68098,44.21223
84,Vaucluse,1,19,4.67356,44.23972
84,Vaucluse,1,20,4.65395,44.25454
84,Vaucluse,1,21,4.64971,44.27046
84,Vaucluse,1,22,4.65077,44.32977
84,Vaucluse,1,23,4.67886,44.32073
84,Vaucluse,1,24,4.71808,44.32687
84,Vaucluse,1,25,4.76313,44.32543
84,Vaucluse,1,26,4.80288,44.29794
84,Vaucluse,1,27,4.81454,44.23212
84,Vaucluse,1,28,4.82673,44.2285
84,Vaucluse,1,29,4.87231,44.25816
84,Vaucluse,1,30,4.89668,44.26431
84,Vaucluse,1,31,4.93325,44.26214
84,Vaucluse,1,32,4.98519,44.28601
84,Vaucluse,1,33,5.0048,44.28637
84,Vaucluse,1,34,5.06045,44.30807
84,Vaucluse,1,35,5.07688,44.28384
84,Vaucluse,1,36,5.10762,44.28094
84,Vaucluse,1,37,5.16645,44.31494
84,Vaucluse,1,38,5.16751,44.28999
84,Vaucluse,1,39,5.14843,44.28094
84,Vaucluse,1,40,5.16168,44.24586
84,Vaucluse,1,41,5.15426,44.23212
84,Vaucluse,1,42,5.17598,44.22055
84,Vaucluse,1,43,5.23799,44.21331
84,Vaucluse,1,44,5.25654,44.22995
84,Vaucluse,1,45,5.29788,44.20753
84,Vaucluse,1,46,5.33657,44.20355
84,Vaucluse,1,47,5.35777,44.21295
84,Vaucluse,1,48,5.3848,44.20102
84,Vaucluse,1,49,5.38321,44.15545
84,Vaucluse,1,50,5.41554,44.15545
84,Vaucluse,1,51,5.44786,44.137
84,Vaucluse,1,52,5.45475,44.11928
84,Vaucluse,1,53,5.49874,44.11603
84,Vaucluse,1,54,5.49768,44.07444
84,Vaucluse,1,55,5.50245,44.06359
84,Vaucluse,1,56,5.54485,44.06974
84,Vaucluse,1,57,5.54379,44.02598
84,Vaucluse,1,58,5.51782,43.99162
84,Vaucluse,1,59,5.50828,43.95871
84,Vaucluse,1,60,5.51252,43.94533
84,Vaucluse,1,61,5.54485,43.93882
84,Vaucluse,1,62,5.5687,43.94243
84,Vaucluse,1,63,5.5846,43.91712
84,Vaucluse,1,64,5.60792,43.91495
84,Vaucluse,1,65,5.57029,43.86214
84,Vaucluse,1,66,5.54856,43.85166
84,Vaucluse,1,67,5.54485,43.81766
84,Vaucluse,1,68,5.5793,43.8296
84,Vaucluse,1,69,5.62276,43.83032
84,Vaucluse,1,70,5.65456,43.82526
84,Vaucluse,1,71,5.69484,43.78403
84,Vaucluse,1,72,5.71286,43.78113
84,Vaucluse,1,73,5.71657,43.75582
84,Vaucluse,1,74,5.74836,43.74135
84,Vaucluse,1,75,5.75737,43.72942
84,Vaucluse,1,76,5.75366,43.72471
84,Vaucluse,1,77,5.7171,43.69361
84,Vaucluse,1,78,5.66569,43.68963
84,Vaucluse,1,79,5.64396,43.67336
84,Vaucluse,1,80,5.60686,43.65889
84,Vaucluse,1,81,5.57506,43.66215
84,Vaucluse,1,82,5.53213,43.65925
84,Vaucluse,1,83,5.43886,43.68095
84,Vaucluse,1,84,5.406,43.69614
84,Vaucluse,1,85,5.33922,43.72037
84,Vaucluse,1,86,5.31643,43.73629
84,Vaucluse,1,87,5.25654,43.74641
84,Vaucluse,1,88,5.22898,43.7475
84,Vaucluse,1,89,5.18764,43.7352
84,Vaucluse,1,90,5.17333,43.73882
84,Vaucluse,1,91,5.04985,43.78873
84,Vaucluse,1,92,5.03077,43.8267
84,Vaucluse,1,93,4.99738,43.84515
84,Vaucluse,1,94,4.97565,43.86685
84,Vaucluse,1,95,4.9253,43.88674
84,Vaucluse,1,96,4.90251,43.88818
84,Vaucluse,1,97,4.85323,43.91133
84,Vaucluse,1,98,4.82143,43.91278
84,Vaucluse,1,99,4.73928,43.92399
84,Vaucluse,2,0,4.94597,44.41512
84,Vaucluse,2,1,4.9889,44.42308
84,Vaucluse,2,2,5.01381,44.40355
84,Vaucluse,2,3,5.01593,44.3927
84,Vaucluse,2,4,5.07052,44.37642
84,Vaucluse,2,5,5.05462,44.36485
84,Vaucluse,2,6,5.02759,44.36304
84,Vaucluse,2,7,5.01381,44.32579
84,Vaucluse,2,8,4.99155,44.31205
84,Vaucluse,2,9,4.98095,44.2965
84,Vaucluse,2,10,4.92212,44.30879
84,Vaucluse,2,11,4.88927,44.30409
84,Vaucluse,2,12,4.88185,44.3247
84,Vaucluse,2,13,4.89562,44.33809
84,Vaucluse,2,14,4.87337,44.35111
84,Vaucluse,2,15,4.90887,44.37678
84,Vaucluse,2,16,4.91841,44.40789
84,Vaucluse,2,17,4.94597,44.41512
971,Guadeloupe,1,0,-4.18454,45.59593
971,Guadeloupe,1,1,-4.16493,45.61727
971,Guadeloupe,1,2,-4.14532,45.61835
971,Guadeloupe,1,3,-4.11723,45.60642
971,Guadeloupe,1,4,-4.13949,45.57966
971,Guadeloupe,1,5,-4.15221,45.57496
971,Guadeloupe,1,6,-4.18401,45.58364
971,Guadeloupe,1,7,-4.18454,45.59593
971,Guadeloupe,2,0,-4.33982,45.74385
971,Guadeloupe,2,1,-4.34671,45.77025
971,Guadeloupe,2,2,-4.36155,45.78761
971,Guadeloupe,2,3,-4.37851,45.79231
971,Guadeloupe,2,4,-4.43681,45.83029
971,Guadeloupe,2,5,-4.45059,45.86247
971,Guadeloupe,2,6,-4.49935,45.90406
971,Guadeloupe,2,7,-4.49829,45.9518
971,Guadeloupe,2,8,-4.51207,45.95614
971,Guadeloupe,2,9,-4.51949,46.00858
971,Guadeloupe,2,10,-4.53486,46.05415
971,Guadeloupe,2,11,-4.53751,46.07838
971,Guadeloupe,2,12,-4.55553,46.08417
971,Guadeloupe,2,13,-4.55553,46.1037
971,Guadeloupe,2,14,-4.57302,46.16482
971,Guadeloupe,2,15,-4.61117,46.18941
971,Guadeloupe,2,16,-4.62442,46.21509
971,Guadeloupe,2,17,-4.62336,46.29538
971,Guadeloupe,2,18,-4.58309,46.35577
971,Guadeloupe,2,19,-4.55553,46.36952
971,Guadeloupe,2,20,-4.50677,46.38181
971,Guadeloupe,2,21,-4.4755,46.37892
971,Guadeloupe,2,22,-4.43522,46.35107
971,Guadeloupe,2,23,-4.39653,46.34927
971,Guadeloupe,2,24,-4.32127,46.33154
971,Guadeloupe,2,25,-4.29372,46.33444
971,Guadeloupe,2,26,-4.23701,46.3084
971,Guadeloupe,2,27,-4.19832,46.31563
971,Guadeloupe,2,28,-4.19832,46.30116
971,Guadeloupe,2,29,-4.22164,46.28019
971,Guadeloupe,2,30,-4.20362,46.26247
971,Guadeloupe,2,31,-4.16281,46.25668
971,Guadeloupe,2,32,-4.13684,46.265
971,Guadeloupe,2,33,-4.13101,46.28417
971,Guadeloupe,2,34,-4.09497,46.29357
971,Guadeloupe,2,35,-4.06211,46.28019
971,Guadeloupe,2,36,-4.05893,46.23245
971,Guadeloupe,2,37,-4.03932,46.20641
971,Guadeloupe,2,38,-4.05522,46.19665
971,Guadeloupe,2,39,-4.07377,46.21292
971,Guadeloupe,2,40,-4.11935,46.21328
971,Guadeloupe,2,41,-4.13525,46.18182
971,Guadeloupe,2,42,-4.11988,46.16084
971,Guadeloupe,2,43,-4.13366,46.14095
971,Guadeloupe,2,44,-4.11352,46.09574
971,Guadeloupe,2,45,-4.09497,46.08091
971,Guadeloupe,2,46,-4.09232,46.05668
971,Guadeloupe,2,47,-4.06158,46.05343
971,Guadeloupe,2,48,-4.07218,46.01943
971,Guadeloupe,2,49,-4.04515,45.99014
971,Guadeloupe,2,50,-4.03879,45.93661
971,Guadeloupe,2,51,-4.02767,45.92432
971,Guadeloupe,2,52,-4.05575,45.87405
971,Guadeloupe,2,53,-4.11087,45.83897
971,Guadeloupe,2,54,-4.14108,45.80967
971,Guadeloupe,2,55,-4.14797,45.79087
971,Guadeloupe,2,56,-4.17023,45.77712
971,Guadeloupe,2,57,-4.19673,45.7764
971,Guadeloupe,2,58,-4.24549,45.76736
971,Guadeloupe,2,59,-4.26775,45.74747
971,Guadeloupe,2,60,-4.3112,45.73589
971,Guadeloupe,2,61,-4.33982,45.74385
971,Guadeloupe,3,0,-4.08967,45.60678
971,Guadeloupe,3,1,-4.05681,45.6198
971,Guadeloupe,3,2,-4.0282,45.6538
971,Guadeloupe,3,3,-4.01866,45.6415
971,Guadeloupe,3,4,-4.0319,45.61763
971,Guadeloupe,3,5,-4.06476,45.60063
971,Guadeloupe,3,6,-4.08967,45.60678
971,Guadeloupe,4,0,-3.4998,45.71636
971,Guadeloupe,4,1,-3.52153,45.77965
971,Guadeloupe,4,2,-3.49344,45.7934
971,Guadeloupe,4,3,-3.48549,45.82233
971,Guadeloupe,4,4,-3.46271,45.84222
971,Guadeloupe,4,5,-3.44575,45.87188
971,Guadeloupe,4,6,-3.43091,45.88453
971,Guadeloupe,4,7,-3.38109,45.88562
971,Guadeloupe,4,8,-3.34717,45.87188
971,Guadeloupe,4,9,-3.30901,45.86356
971,Guadeloupe,4,10,-3.27986,45.83065
971,Guadeloupe,4,11,-3.22209,45.80135
971,Guadeloupe,4,12,-3.2099,45.78182
971,Guadeloupe,4,13,-3.21308,45.75181
971,Guadeloupe,4,14,-3.22262,45.733
971,Guadeloupe,4,15,-3.2523,45.71998
971,Guadeloupe,4,16,-3.29841,45.68707
971,Guadeloupe,4,17,-3.37526,45.66935
971,Guadeloupe,4,18,-3.46324,45.68526
971,Guadeloupe,4,19,-3.48231,45.69575
971,Guadeloupe,4,20,-3.4998,45.71636
971,Guadeloupe,5,0,-4.00011,46.1905
971,Guadeloupe,5,1,-4.05204,46.23715
971,Guadeloupe,5,2,-4.05098,46.24728
971,Guadeloupe,5,3,-4.06529,46.30225
971,Guadeloupe,5,4,-4.06158,46.31599
971,Guadeloupe,5,5,-4.03667,46.3395
971,Guadeloupe,5,6,-4.04303,46.36988
971,Guadeloupe,5,7,-4.02767,46.38435
971,Guadeloupe,5,8,-3.99958,46.39049
971,Guadeloupe,5,9,-3.95718,46.4093
971,Guadeloupe,5,10,-3.96778,46.44872
971,Guadeloupe,5,11,-4.02555,46.46861
971,Guadeloupe,5,12,-4.04197,46.48019
971,Guadeloupe,5,13,-4.07271,46.53733
971,Guadeloupe,5,14,-4.07006,46.56554
971,Guadeloupe,5,15,-4.04303,46.58579
971,Guadeloupe,5,16,-4.007,46.6046
971,Guadeloupe,5,17,-4.00435,46.61581
971,Guadeloupe,5,18,-3.97202,46.63027
971,Guadeloupe,5,19,-3.94552,46.66138
971,Guadeloupe,5,20,-3.91637,46.64655
971,Guadeloupe,5,21,-3.88086,46.64582
971,Guadeloupe,5,22,-3.83687,46.61942
971,Guadeloupe,5,23,-3.795,46.60351
971,Guadeloupe,5,24,-3.79076,46.58941
971,Guadeloupe,5,25,-3.76002,46.54311
971,Guadeloupe,5,26,-3.76903,46.48959
971,Guadeloupe,5,27,-3.75366,46.45487
971,Guadeloupe,5,28,-3.69537,46.4093
971,Guadeloupe,5,29,-3.63866,46.39881
971,Guadeloupe,5,30,-3.62647,46.40388
971,Guadeloupe,5,31,-3.48814,46.38869
971,Guadeloupe,5,32,-3.42561,46.36518
971,Guadeloupe,5,33,-3.3954,46.32612
971,Guadeloupe,5,34,-3.35618,46.30984
971,Guadeloupe,5,35,-3.29735,46.29502
971,Guadeloupe,5,36,-3.26237,46.29646
971,Guadeloupe,5,37,-3.25336,46.28597
971,Guadeloupe,5,38,-3.32332,46.28959
971,Guadeloupe,5,39,-3.40547,46.29031
971,Guadeloupe,5,40,-3.42614,46.27983
971,Guadeloupe,5,41,-3.45953,46.2773
971,Guadeloupe,5,42,-3.47966,46.26681
971,Guadeloupe,5,43,-3.53743,46.25704
971,Guadeloupe,5,44,-3.58513,46.2556
971,Guadeloupe,5,45,-3.63919,46.24041
971,Guadeloupe,5,46,-3.67205,46.22088
971,Guadeloupe,5,47,-3.69643,46.22051
971,Guadeloupe,5,48,-3.75049,46.19628
971,Guadeloupe,5,49,-3.80136,46.18905
971,Guadeloupe,5,50,-3.82521,46.17386
971,Guadeloupe,5,51,-3.87132,46.16771
971,Guadeloupe,5,52,-3.90524,46.17567
971,Guadeloupe,5,53,-3.95559,46.17639
971,Guadeloupe,5,54,-3.96513,46.1905
971,Guadeloupe,5,55,-4.00011,46.1905
971,Guadeloupe,6,0,-3.06363,46.36699
971,Guadeloupe,6,1,-3.06787,46.38579
971,Guadeloupe,6,2,-3.04826,46.40026
971,Guadeloupe,6,3,-3.02653,46.40279
971,Guadeloupe,6,4,-2.89775,46.46825
971,Guadeloupe,6,5,-2.87496,46.465
971,Guadeloupe,6,6,-2.86277,46.44908
971,Guadeloupe,6,7,-2.911,46.42883
971,Guadeloupe,6,8,-2.95922,46.39917
971,Guadeloupe,6,9,-3.00851,46.38832
971,Guadeloupe,6,10,-3.06363,46.36699
977,Saint-Barthélemy,1,0,1.83021,41.53596
977,Saint-Barthélemy,1,1,1.89275,41.51824
977,Saint-Barthélemy,1,2,1.95741,41.51065
977,Saint-Barthélemy,1,3,2.01094,41.53234
977,Saint-Barthélemy,1,4,2.0862,41.53885
977,Saint-Barthélemy,1,5,2.13972,41.55802
977,Saint-Barthélemy,1,6,2.19325,41.64518
977,Saint-Barthélemy,1,7,2.24095,41.66724
977,Saint-Barthélemy,1,8,2.30243,41.6535
977,Saint-Barthélemy,1,9,2.42061,41.56815
977,Saint-Barthélemy,1,10,2.5017,41.54102
977,Saint-Barthélemy,1,11,2.57643,41.55621
977,Saint-Barthélemy,1,12,2.61194,41.59274
977,Saint-Barthélemy,1,13,2.62678,41.57068
977,Saint-Barthélemy,1,14,2.62095,41.51499
977,Saint-Barthélemy,1,15,2.58067,41.44953
977,Saint-Barthélemy,1,16,2.53827,41.42421
977,Saint-Barthélemy,1,17,2.4593,41.41444
977,Saint-Barthélemy,1,18,2.32893,41.36164
977,Saint-Barthélemy,1,19,2.3125,41.34826
977,Saint-Barthélemy,1,20,2.30349,41.31752
977,Saint-Barthélemy,1,21,2.09521,41.28172
977,Saint-Barthélemy,1,22,2.0544,41.24844
977,Saint-Barthélemy,1,23,1.91501,41.21481
977,Saint-Barthélemy,1,24,1.79736,41.28714
977,Saint-Barthélemy,1,25,1.73058,41.3432
977,Saint-Barthélemy,1,26,1.69507,41.36671
977,Saint-Barthélemy,1,27,1.63412,41.41878
977,Saint-Barthélemy,1,28,1.63677,41.4347
977,Saint-Barthélemy,1,29,1.66009,41.43795
977,Saint-Barthélemy,1,30,1.68235,41.42421
977,Saint-Barthélemy,1,31,1.69136,41.43578
977,Saint-Barthélemy,1,32,1.67069,41.45567
977,Saint-Barthélemy,1,33,1.55886,41.55115
977,Saint-Barthélemy,1,34,1.48361,41.58262
977,Saint-Barthélemy,1,35,1.41577,41.62818
977,Saint-Barthélemy,1,36,1.36595,41.6875
977,Saint-Barthélemy,1,37,1.37602,41.73957
977,Saint-Barthélemy,1,38,1.43061,41.74319
977,Saint-Barthélemy,1,39,1.61451,41.6875
977,Saint-Barthélemy,1,40,1.77139,41.61046
977,Saint-Barthélemy,1,41,1.83021,41.53596
978,Saint-Martin,1,0,3.78372,41.37973
978,Saint-Martin,1,1,3.77154,41.34211
978,Saint-Martin,1,2,3.73126,41.34501
978,Saint-Martin,1,3,3.70423,41.37213
978,Saint-Martin,1,4,3.64116,41.39962
978,Saint-Martin,1,5,3.63904,41.413
978,Saint-Martin,1,6,3.66236,41.4394
978,Saint-Martin,1,7,3.67296,41.4611
978,Saint-Martin,1,8,3.72013,41.4658
978,Saint-Martin,1,9,3.79803,41.44844
978,Saint-Martin,1,10,3.82665,41.44663
978,Saint-Martin,1,11,3.85792,41.45314
978,Saint-Martin,1,12,3.90562,41.4752
978,Saint-Martin,1,13,3.92576,41.45965
978,Saint-Martin,1,14,3.90827,41.4347
978,Saint-Martin,1,15,3.92364,41.41553
978,Saint-Martin,1,16,3.98035,41.39275
978,Saint-Martin,1,17,4.05719,41.3913
978,Saint-Martin,1,18,4.0662,41.37502
978,Saint-Martin,1,19,4.04395,41.36851
978,Saint-Martin,1,20,3.98565,41.37177
978,Saint-Martin,1,21,3.96286,41.36707
978,Saint-Martin,1,22,3.9565,41.38153
978,Saint-Martin,1,23,3.91675,41.40685
978,Saint-Martin,1,24,3.88654,41.41878
978,Saint-Martin,1,25,3.85951,41.42095
978,Saint-Martin,1,26,3.824,41.4083
978,Saint-Martin,1,27,3.80333,41.3866
978,Saint-Martin,1,28,3.78372,41.37973
978,Saint-Martin,2,0,4.22149,41.33126
978,Saint-Martin,2,1,4.1987,41.31861
978,Saint-Martin,2,2,4.11973,41.30161
978,Saint-Martin,2,3,4.07733,41.32367
978,Saint-Martin,2,4,4.12238,41.37611
978,Saint-Martin,2,5,4.13404,41.41336
978,Saint-Martin,2,6,4.05878,41.39817
978,Saint-Martin,2,7,4.16796,41.47629
978,Saint-Martin,2,8,4.18015,41.49437
978,Saint-Martin,2,9,4.17167,41.5526
978,Saint-Martin,2,10,4.20294,41.58406
978,Saint-Martin,2,11,4.21778,41.58298
978,Saint-Martin,2,12,4.31795,41.62167
978,Saint-Martin,2,13,4.39638,41.67267
978,Saint-Martin,2,14,4.39903,41.68099
978,Saint-Martin,2,15,4.45362,41.7233
978,Saint-Martin,2,16,4.5363,41.76055
978,Saint-Martin,2,17,4.60838,41.76815
978,Saint-Martin,2,18,4.65501,41.7497
978,Saint-Martin,2,19,4.65872,41.70088
978,Saint-Martin,2,20,4.62215,41.59347
978,Saint-Martin,2,21,4.63434,41.56236
978,Saint-Martin,2,22,4.65607,41.53922
978,Saint-Martin,2,23,4.67727,41.4875
978,Saint-Martin,2,24,4.64812,41.45242
978,Saint-Martin,2,25,4.61314,41.46761
978,Saint-Martin,2,26,4.58824,41.45748
978,Saint-Martin,2,27,4.59672,41.43289
978,Saint-Martin,2,28,4.61791,41.43397
978,Saint-Martin,2,29,4.66773,41.41444
978,Saint-Martin,2,30,4.70483,41.4177
978,Saint-Martin,2,31,4.71119,41.4083
978,Saint-Martin,2,32,4.71437,41.362
978,Saint-Martin,2,33,4.69635,41.33958
978,Saint-Martin,2,34,4.6725,41.34609
978,Saint-Martin,2,35,4.50503,41.36164
978,Saint-Martin,2,36,4.45945,41.37105
978,Saint-Martin,2,37,4.40168,41.40215
978,Saint-Martin,2,38,4.33331,41.40142
978,Saint-Martin,2,39,4.30576,41.39021
978,Saint-Martin,2,40,4.28403,41.36454
978,Saint-Martin,2,41,4.24958,41.36164
978,Saint-Martin,2,42,4.22944,41.3526
978,Saint-Martin,2,43,4.22149,41.33126
972,Martinique,1,0,-3.95665,44.64803
972,Martinique,1,1,-3.95453,44.66611
972,Martinique,1,2,-3.96725,44.68636
972,Martinique,1,3,-4.00435,44.69757
972,Martinique,1,4,-4.00011,44.71168
972,Martinique,1,5,-3.96566,44.7464
972,Martinique,1,6,-3.9275,44.76231
972,Martinique,1,7,-3.91425,44.78039
972,Martinique,1,8,-3.89464,44.77678
972,Martinique,1,9,-3.87397,44.75616
972,Martinique,1,10,-3.848,44.75038
972,Martinique,1,11,-3.79235,44.7464
972,Martinique,1,12,-3.76691,44.75074
972,Martinique,1,13,-3.77168,44.7898
972,Martinique,1,14,-3.79076,44.81186
972,Martinique,1,15,-3.83157,44.83428
972,Martinique,1,16,-3.8109,44.85815
972,Martinique,1,17,-3.82574,44.87225
972,Martinique,1,18,-3.84694,44.87696
972,Martinique,1,19,-3.88828,44.86394
972,Martinique,1,20,-3.89305,44.84477
972,Martinique,1,21,-3.90948,44.83645
972,Martinique,1,22,-3.93651,44.83754
972,Martinique,1,23,-3.95082,44.84983
972,Martinique,1,24,-4.00541,44.83898
972,Martinique,1,25,-4.02714,44.86249
972,Martinique,1,26,-4.05681,44.88057
972,Martinique,1,27,-4.10345,44.88744
972,Martinique,1,28,-4.15327,44.92036
972,Martinique,1,29,-4.20733,44.96773
972,Martinique,1,30,-4.23118,44.99956
972,Martinique,1,31,-4.22376,45.06032
972,Martinique,1,32,-4.27146,45.08925
972,Martinique,1,33,-4.28577,45.10335
972,Martinique,1,34,-4.31491,45.11312
972,Martinique,1,35,-4.34512,45.14675
972,Martinique,1,36,-4.35307,45.17424
972,Martinique,1,37,-4.34406,45.1963
972,Martinique,1,38,-4.31597,45.23681
972,Martinique,1,39,-4.27782,45.25163
972,Martinique,1,40,-4.26139,45.26393
972,Martinique,1,41,-4.22906,45.26972
972,Martinique,1,42,-4.16705,45.27369
972,Martinique,1,43,-4.09868,45.26212
972,Martinique,1,44,-4.0425,45.24332
972,Martinique,1,45,-4.02873,45.23464
972,Martinique,1,46,-3.97573,45.21691
972,Martinique,1,47,-3.954,45.22342
972,Martinique,1,48,-3.90736,45.20426
972,Martinique,1,49,-3.89729,45.18943
972,Martinique,1,50,-3.87556,45.18147
972,Martinique,1,51,-3.84323,45.15652
972,Martinique,1,52,-3.76691,45.10697
972,Martinique,1,53,-3.75525,45.08346
972,Martinique,1,54,-3.74201,45.07768
972,Martinique,1,55,-3.71657,45.1124
972,Martinique,1,56,-3.67735,45.12288
972,Martinique,1,57,-3.66463,45.11891
972,Martinique,1,58,-3.6164,45.14241
972,Martinique,1,59,-3.61534,45.12614
972,Martinique,1,60,-3.59785,45.09287
972,Martinique,1,61,-3.63283,45.08455
972,Martinique,1,62,-3.64449,45.09612
972,Martinique,1,63,-3.68265,45.10444
972,Martinique,1,64,-3.70279,45.10118
972,Martinique,1,65,-3.71498,45.06285
972,Martinique,1,66,-3.70279,45.0444
972,Martinique,1,67,-3.67258,45.03428
972,Martinique,1,68,-3.6217,45.02885
972,Martinique,1,69,-3.63124,45.01656
972,Martinique,1,70,-3.68583,44.99558
972,Martinique,1,71,-3.69484,44.97894
972,Martinique,1,72,-3.65668,44.94712
972,Martinique,1,73,-3.63707,44.96846
972,Martinique,1,74,-3.56446,44.9728
972,Martinique,1,75,-3.5687,44.95544
972,Martinique,1,76,-3.60898,44.94603
972,Martinique,1,77,-3.58301,44.92976
972,Martinique,1,78,-3.58513,44.90336
972,Martinique,1,79,-3.56499,44.89974
972,Martinique,1,80,-3.52418,44.87587
972,Martinique,1,81,-3.51729,44.85887
972,Martinique,1,82,-3.48072,44.86177
972,Martinique,1,83,-3.4643,44.84441
972,Martinique,1,84,-3.47966,44.82669
972,Martinique,1,85,-3.44893,44.81547
972,Martinique,1,86,-3.43038,44.79305
972,Martinique,1,87,-3.43674,44.78039
972,Martinique,1,88,-3.43091,44.75074
972,Martinique,1,89,-3.41024,44.74278
972,Martinique,1,90,-3.39858,44.7124
972,Martinique,1,91,-3.37102,44.69251
972,Martinique,1,92,-3.39381,44.67515
972,Martinique,1,93,-3.37791,44.6596
972,Martinique,1,94,-3.39328,44.64188
972,Martinique,1,95,-3.3954,44.62018
972,Martinique,1,96,-3.42455,44.60788
972,Martinique,1,97,-3.44575,44.61692
972,Martinique,1,98,-3.44045,44.57714
972,Martinique,1,99,-3.45317,44.554
972,Martinique,1,100,-3.49609,44.55255
972,Martinique,1,101,-3.53372,44.58763
972,Martinique,1,102,-3.49609,44.64224
972,Martinique,1,103,-3.47595,44.64477
972,Martinique,1,104,-3.47436,44.66285
972,Martinique,1,105,-3.51464,44.66756
972,Martinique,1,106,-3.55651,44.62886
972,Martinique,1,107,-3.57559,44.64224
972,Martinique,1,108,-3.58566,44.65996
972,Martinique,1,109,-3.62965,44.64767
972,Martinique,1,110,-3.67258,44.65092
972,Martinique,1,111,-3.71869,44.6596
972,Martinique,1,112,-3.74572,44.65707
972,Martinique,1,113,-3.75896,44.64441
972,Martinique,1,114,-3.79924,44.65128
972,Martinique,1,115,-3.82203,44.66322
972,Martinique,1,116,-3.87291,44.64441
972,Martinique,1,117,-3.88828,44.61946
972,Martinique,1,118,-3.91054,44.61656
972,Martinique,1,119,-3.94446,44.63356
972,Martinique,1,120,-3.95665,44.64803
973,Guyane,1,0,-3.43197,43.13268
973,Guyane,1,1,-3.47648,43.11279
973,Guyane,1,2,-3.48867,43.1023
973,Guyane,1,3,-3.52153,43.10049
973,Guyane,1,4,-3.57188,43.1117
973,Guyane,1,5,-3.59891,43.11315
973,Guyane,1,6,-3.61428,43.1316
973,Guyane,1,7,-3.63283,43.11134
973,Guyane,1,8,-3.66145,43.10881
973,Guyane,1,9,-3.66887,43.09398
973,Guyane,1,10,-3.70597,43.07409
973,Guyane,1,11,-3.73247,43.07011
973,Guyane,1,12,-3.74572,43.04841
973,Guyane,1,13,-3.7791,43.05673
973,Guyane,1,14,-3.81302,43.05022
973,Guyane,1,15,-3.89782,43.06505
973,Guyane,1,16,-3.93015,43.08133
973,Guyane,1,17,-3.90736,43.13051
973,Guyane,1,18,-3.88298,43.1363
973,Guyane,1,19,-3.86072,43.15944
973,Guyane,1,20,-3.84959,43.19272
973,Guyane,1,21,-3.8321,43.22165
973,Guyane,1,22,-3.81567,43.23322
973,Guyane,1,23,-3.80136,43.26469
973,Guyane,1,24,-3.80295,43.31242
973,Guyane,1,25,-3.82362,43.34425
973,Guyane,1,26,-3.81938,43.36306
973,Guyane,1,27,-3.79765,43.38765
973,Guyane,1,28,-3.76956,43.40429
973,Guyane,1,29,-3.7685,43.42526
973,Guyane,1,30,-3.75525,43.43394
973,Guyane,1,31,-3.75419,43.48132
973,Guyane,1,32,-3.74519,43.49145
973,Guyane,1,33,-3.78917,43.51025
973,Guyane,1,34,-3.78864,43.5211
973,Guyane,1,35,-3.80984,43.54497
973,Guyane,1,36,-3.83846,43.54533
973,Guyane,1,37,-3.88033,43.5815
973,Guyane,1,38,-3.8904,43.60175
973,Guyane,1,39,-3.9169,43.61766
973,Guyane,1,40,-3.90365,43.64153
973,Guyane,1,41,-3.93651,43.66106
973,Guyane,1,42,-3.93704,43.70446
973,Guyane,1,43,-3.95241,43.7088
973,Guyane,1,44,-3.96937,43.75546
973,Guyane,1,45,-3.95771,43.76197
973,Guyane,1,46,-3.96566,43.81368
973,Guyane,1,47,-3.98368,43.81875
973,Guyane,1,48,-3.99004,43.86178
973,Guyane,1,49,-3.97997,43.88204
973,Guyane,1,50,-3.9752,43.92001
973,Guyane,1,51,-3.95771,43.93122
973,Guyane,1,52,-3.9222,43.98004
973,Guyane,1,53,-3.87503,44.01006
973,Guyane,1,54,-3.82203,44.07299
973,Guyane,1,55,-3.8321,44.09252
973,Guyane,1,56,-3.81196,44.1276
973,Guyane,1,57,-3.77645,44.13266
973,Guyane,1,58,-3.74413,44.12977
973,Guyane,1,59,-3.69325,44.1088
973,Guyane,1,60,-3.65933,44.09903
973,Guyane,1,61,-3.54962,44.07986
973,Guyane,1,62,-3.50457,44.07552
973,Guyane,1,63,-3.44151,44.05816
973,Guyane,1,64,-3.4113,44.06106
973,Guyane,1,65,-3.30901,44.02489
973,Guyane,1,66,-3.25442,43.9974
973,Guyane,1,67,-3.23852,43.9833
973,Guyane,1,68,-3.14525,43.93665
973,Guyane,1,69,-3.12193,43.92182
973,Guyane,1,70,-3.09649,43.93194
973,Guyane,1,71,-3.07264,43.9088
973,Guyane,1,72,-3.0154,43.87697
973,Guyane,1,73,-2.99261,43.85527
973,Guyane,1,74,-2.97247,43.85527
973,Guyane,1,75,-2.94279,43.81875
973,Guyane,1,76,-2.93007,43.86214
973,Guyane,1,77,-2.89934,43.85527
973,Guyane,1,78,-2.87814,43.84225
973,Guyane,1,79,-2.85535,43.788
973,Guyane,1,80,-2.83415,43.77426
973,Guyane,1,81,-2.83203,43.75329
973,Guyane,1,82,-2.79599,43.72146
973,Guyane,1,83,-2.80341,43.67987
973,Guyane,1,84,-2.8527,43.65021
973,Guyane,1,85,-2.85694,43.62707
973,Guyane,1,86,-2.8951,43.59416
973,Guyane,1,87,-2.90411,43.57535
973,Guyane,1,88,-2.92689,43.56016
973,Guyane,1,89,-2.92689,43.54569
973,Guyane,1,90,-2.96558,43.49904
973,Guyane,1,91,-3.01487,43.42635
973,Guyane,1,92,-3.03872,43.41984
973,Guyane,1,93,-3.0419,43.4032
973,Guyane,1,94,-3.05992,43.39127
973,Guyane,1,95,-3.04879,43.37463
973,Guyane,1,96,-3.10126,43.28349
973,Guyane,1,97,-3.11875,43.24299
973,Guyane,1,98,-3.12405,43.20574
973,Guyane,1,99,-3.14843,43.18874
973,Guyane,1,100,-3.16539,43.15727
973,Guyane,1,101,-3.24011,43.12509
973,Guyane,1,102,-3.25707,43.09832
973,Guyane,1,103,-3.29099,43.08856
973,Guyane,1,104,-3.35141,43.1023
973,Guyane,1,105,-3.38957,43.0929
973,Guyane,1,106,-3.3954,43.10809
973,Guyane,1,107,-3.43197,43.13268
974,La Réunion,1,0,-2.88821,42.09725
974,La Réunion,1,1,-2.91629,42.10087
974,La Réunion,1,2,-2.94597,42.11642
974,La Réunion,1,3,-2.97141,42.11787
974,La Réunion,1,4,-3.00215,42.13089
974,La Réunion,1,5,-3.02759,42.15331
974,La Réunion,1,6,-3.06045,42.16235
974,La Réunion,1,7,-3.11981,42.16633
974,La Réunion,1,8,-3.14207,42.19418
974,La Réunion,1,9,-3.17758,42.21624
974,La Réunion,1,10,-3.20619,42.22673
974,La Réunion,1,11,-3.22792,42.2647
974,La Réunion,1,12,-3.22421,42.28423
974,La Réunion,1,13,-3.23799,42.32438
974,La Réunion,1,14,-3.25389,42.33016
974,La Réunion,1,15,-3.25866,42.35186
974,La Réunion,1,16,-3.28887,42.3779
974,La Réunion,1,17,-3.32809,42.39779
974,La Réunion,1,18,-3.34929,42.41804
974,La Réunion,1,19,-3.34717,42.44662
974,La Réunion,1,20,-3.36148,42.46759
974,La Réunion,1,21,-3.33498,42.49363
974,La Réunion,1,22,-3.31537,42.49255
974,La Réunion,1,23,-3.28834,42.5052
974,La Réunion,1,24,-3.26555,42.53088
974,La Réunion,1,25,-3.26502,42.55909
974,La Réunion,1,26,-3.27509,42.57609
974,La Réunion,1,27,-3.26926,42.6137
974,La Réunion,1,28,-3.25707,42.62057
974,La Réunion,1,29,-3.21732,42.61623
974,La Réunion,1,30,-3.17016,42.63106
974,La Réunion,1,31,-3.15267,42.64697
974,La Réunion,1,32,-3.09702,42.68314
974,La Réunion,1,33,-3.05144,42.69905
974,La Réunion,1,34,-3.00268,42.70231
974,La Réunion,1,35,-2.96929,42.6911
974,La Réunion,1,36,-2.91788,42.69724
974,La Réunion,1,37,-2.83468,42.68603
974,La Réunion,1,38,-2.82302,42.6911
974,La Réunion,1,39,-2.77002,42.68856
974,La Réunion,1,40,-2.7202,42.67301
974,La Réunion,1,41,-2.68734,42.67157
974,La Réunion,1,42,-2.64653,42.65891
974,La Réunion,1,43,-2.61262,42.6354
974,La Réunion,1,44,-2.58665,42.60936
974,La Réunion,1,45,-2.5787,42.59273
974,La Réunion,1,46,-2.57446,42.55873
974,La Réunion,1,47,-2.56068,42.53052
974,La Réunion,1,48,-2.5469,42.5269
974,La Réunion,1,49,-2.51722,42.50448
974,La Réunion,1,50,-2.51669,42.49001
974,La Réunion,1,51,-2.49443,42.46904
974,La Réunion,1,52,-2.44779,42.43577
974,La Réunion,1,53,-2.42023,42.41117
974,La Réunion,1,54,-2.39903,42.41117
974,La Réunion,1,55,-2.34975,42.38767
974,La Réunion,1,56,-2.33279,42.3468
974,La Réunion,1,57,-2.34604,42.33667
974,La Réunion,1,58,-2.34498,42.31642
974,La Réunion,1,59,-2.36829,42.28242
974,La Réunion,1,60,-2.37412,42.23432
974,La Réunion,1,61,-2.36246,42.20503
974,La Réunion,1,62,-2.36511,42.18695
974,La Réunion,1,63,-2.35505,42.14752
974,La Réunion,1,64,-2.36776,42.12691
974,La Réunion,1,65,-2.41334,42.10051
974,La Réunion,1,66,-2.478,42.09147
974,La Réunion,1,67,-2.49867,42.08315
974,La Réunion,1,68,-2.55591,42.08026
974,La Réunion,1,69,-2.57817,42.0676
974,La Réunion,1,70,-2.6052,42.06109
974,La Réunion,1,71,-2.62216,42.06507
974,La Réunion,1,72,-2.66561,42.0582
974,La Réunion,1,73,-2.7149,42.07375
974,La Réunion,1,74,-2.73981,42.06905
974,La Réunion,1,75,-2.82567,42.08532
974,La Réunion,1,76,-2.85111,42.09328
974,La Réunion,1,77,-2.88821,42.09725
975,Saint-Pierre-et-Miquelon,1,0,-0.93735,41.38985
975,Saint-Pierre-et-Miquelon,1,1,-0.93576,41.379
975,Saint-Pierre-et-Miquelon,1,2,-0.96967,41.36345
975,Saint-Pierre-et-Miquelon,1,3,-1.02161,41.35477
975,Saint-Pierre-et-Miquelon,1,4,-1.055,41.36237
975,Saint-Pierre-et-Miquelon,1,5,-1.06083,41.37285
975,Saint-Pierre-et-Miquelon,1,6,-1.12072,41.35947
975,Saint-Pierre-et-Miquelon,1,7,-1.12867,41.34609
975,Saint-Pierre-et-Miquelon,1,8,-1.15358,41.34971
975,Saint-Pierre-et-Miquelon,1,9,-1.17849,41.37466
975,Saint-Pierre-et-Miquelon,1,10,-1.13821,41.44591
975,Saint-Pierre-et-Miquelon,1,11,-1.10429,41.48497
975,Saint-Pierre-et-Miquelon,1,12,-1.06984,41.51896
975,Saint-Pierre-et-Miquelon,1,13,-1.02373,41.53198
975,Saint-Pierre-et-Miquelon,1,14,-0.98769,41.53632
975,Saint-Pierre-et-Miquelon,1,15,-0.96332,41.52186
975,Saint-Pierre-et-Miquelon,1,16,-0.95537,41.48641
975,Saint-Pierre-et-Miquelon,1,17,-0.9914,41.44121
975,Saint-Pierre-et-Miquelon,1,18,-1.00518,41.41806
975,Saint-Pierre-et-Miquelon,1,19,-0.96543,41.39781
975,Saint-Pierre-et-Miquelon,1,20,-0.93735,41.38985
975,Saint-Pierre-et-Miquelon,2,0,-0.96914,41.56417
975,Saint-Pierre-et-Miquelon,2,1,-1.002,41.55368
975,Saint-Pierre-et-Miquelon,2,2,-1.00147,41.56887
975,Saint-Pierre-et-Miquelon,2,3,-0.96914,41.56417
975,Saint-Pierre-et-Miquelon,3,0,-1.5198,41.4224
975,Saint-Pierre-et-Miquelon,3,1,-1.52562,41.44591
975,Saint-Pierre-et-Miquelon,3,2,-1.55954,41.46038
975,Saint-Pierre-et-Miquelon,3,3,-1.57809,41.4517
975,Saint-Pierre-et-Miquelon,3,4,-1.59505,41.45965
975,Saint-Pierre-et-Miquelon,3,5,-1.58816,41.52584
975,Saint-Pierre-et-Miquelon,3,6,-1.59081,41.53741
975,Saint-Pierre-et-Miquelon,3,7,-1.6136,41.54934
975,Saint-Pierre-et-Miquelon,3,8,-1.64328,41.54934
975,Saint-Pierre-et-Miquelon,3,9,-1.67137,41.54139
975,Saint-Pierre-et-Miquelon,3,10,-1.6931,41.56345
975,Saint-Pierre-et-Miquelon,3,11,-1.69363,41.57394
975,Saint-Pierre-et-Miquelon,3,12,-1.65865,41.60431
975,Saint-Pierre-et-Miquelon,3,13,-1.63586,41.63361
975,Saint-Pierre-et-Miquelon,3,14,-1.61413,41.64844
975,Saint-Pierre-et-Miquelon,3,15,-1.57067,41.66327
975,Saint-Pierre-et-Miquelon,3,16,-1.54364,41.67845
975,Saint-Pierre-et-Miquelon,3,17,-1.52615,41.70413
975,Saint-Pierre-et-Miquelon,3,18,-1.5235,41.73704
975,Saint-Pierre-et-Miquelon,3,19,-1.49171,41.79129
975,Saint-Pierre-et-Miquelon,3,20,-1.49224,41.85169
975,Saint-Pierre-et-Miquelon,3,21,-1.50072,41.89617
975,Saint-Pierre-et-Miquelon,3,22,-1.51503,41.9421
975,Saint-Pierre-et-Miquelon,3,23,-1.53993,42.0025
975,Saint-Pierre-et-Miquelon,3,24,-1.59028,42.09038
975,Saint-Pierre-et-Miquelon,3,25,-1.61731,42.12257
975,Saint-Pierre-et-Miquelon,3,26,-1.6613,42.14029
975,Saint-Pierre-et-Miquelon,3,27,-1.6772,42.15367
975,Saint-Pierre-et-Miquelon,3,28,-1.69469,42.19924
975,Saint-Pierre-et-Miquelon,3,29,-1.70158,42.24264
975,Saint-Pierre-et-Miquelon,3,30,-1.71112,42.26579
975,Saint-Pierre-et-Miquelon,3,31,-1.69734,42.30412
975,Saint-Pierre-et-Miquelon,3,32,-1.70582,42.35512
975,Saint-Pierre-et-Miquelon,3,33,-1.71801,42.39201
975,Saint-Pierre-et-Miquelon,3,34,-1.74557,42.4213
975,Saint-Pierre-et-Miquelon,3,35,-1.75299,42.45964
975,Saint-Pierre-et-Miquelon,3,36,-1.73815,42.4958
975,Saint-Pierre-et-Miquelon,3,37,-1.69151,42.51786
975,Saint-Pierre-et-Miquelon,3,38,-1.6666,42.52293
975,Saint-Pierre-et-Miquelon,3,39,-1.60565,42.56198
975,Saint-Pierre-et-Miquelon,3,40,-1.59823,42.5298
975,Saint-Pierre-et-Miquelon,3,41,-1.62261,42.51569
975,Saint-Pierre-et-Miquelon,3,42,-1.65812,42.48531
975,Saint-Pierre-et-Miquelon,3,43,-1.68886,42.47302
975,Saint-Pierre-et-Miquelon,3,44,-1.70529,42.45819
975,Saint-Pierre-et-Miquelon,3,45,-1.70105,42.43794
975,Saint-Pierre-et-Miquelon,3,46,-1.66183,42.40177
975,Saint-Pierre-et-Miquelon,3,47,-1.70211,42.39562
975,Saint-Pierre-et-Miquelon,3,48,-1.70317,42.36597
975,Saint-Pierre-et-Miquelon,3,49,-1.69257,42.32474
975,Saint-Pierre-et-Miquelon,3,50,-1.63798,42.40503
975,Saint-Pierre-et-Miquelon,3,51,-1.61678,42.41407
975,Saint-Pierre-et-Miquelon,3,52,-1.58233,42.40647
975,Saint-Pierre-et-Miquelon,3,53,-1.55477,42.39345
975,Saint-Pierre-et-Miquelon,3,54,-1.51662,42.36705
975,Saint-Pierre-et-Miquelon,3,55,-1.48429,42.35186
975,Saint-Pierre-et-Miquelon,3,56,-1.43341,42.33595
975,Saint-Pierre-et-Miquelon,3,57,-1.35921,42.32221
975,Saint-Pierre-et-Miquelon,3,58,-1.31681,42.30557
975,Saint-Pierre-et-Miquelon,3,59,-1.30462,42.24626
975,Saint-Pierre-et-Miquelon,3,60,-1.30621,42.22492
975,Saint-Pierre-et-Miquelon,3,61,-1.33589,42.15114
975,Saint-Pierre-et-Miquelon,3,62,-1.34702,42.10955
975,Saint-Pierre-et-Miquelon,3,63,-1.37511,42.08134
975,Saint-Pierre-et-Miquelon,3,64,-1.41539,42.07194
975,Saint-Pierre-et-Miquelon,3,65,-1.42864,42.11389
975,Saint-Pierre-et-Miquelon,3,66,-1.45779,42.11208
975,Saint-Pierre-et-Miquelon,3,67,-1.48641,42.09906
975,Saint-Pierre-et-Miquelon,3,68,-1.58657,42.11244
975,Saint-Pierre-et-Miquelon,3,69,-1.58869,42.09291
975,Saint-Pierre-et-Miquelon,3,70,-1.55477,42.03541
975,Saint-Pierre-et-Miquelon,3,71,-1.53728,42.01877
975,Saint-Pierre-et-Miquelon,3,72,-1.50814,42.01733
975,Saint-Pierre-et-Miquelon,3,73,-1.47051,42.05132
975,Saint-Pierre-et-Miquelon,3,74,-1.44401,42.03035
975,Saint-Pierre-et-Miquelon,3,75,-1.47263,41.98333
975,Saint-Pierre-et-Miquelon,3,76,-1.48747,41.91751
975,Saint-Pierre-et-Miquelon,3,77,-1.48906,41.86977
975,Saint-Pierre-et-Miquelon,3,78,-1.47422,41.8195
975,Saint-Pierre-et-Miquelon,3,79,-1.44719,41.7884
975,Saint-Pierre-et-Miquelon,3,80,-1.35762,41.7667
975,Saint-Pierre-et-Miquelon,3,81,-1.32158,41.77646
975,Saint-Pierre-et-Miquelon,3,82,-1.24526,41.72945
975,Saint-Pierre-et-Miquelon,3,83,-1.21453,41.6846
975,Saint-Pierre-et-Miquelon,3,84,-1.21506,41.65422
975,Saint-Pierre-et-Miquelon,3,85,-1.22354,41.62384
975,Saint-Pierre-et-Miquelon,3,86,-1.26063,41.58659
975,Saint-Pierre-et-Miquelon,3,87,-1.31575,41.54645
975,Saint-Pierre-et-Miquelon,3,88,-1.35391,41.53271
975,Saint-Pierre-et-Miquelon,3,89,-1.37829,41.51065
975,Saint-Pierre-et-Miquelon,3,90,-1.43394,41.47701
975,Saint-Pierre-et-Miquelon,3,91,-1.45726,41.44736
975,Saint-Pierre-et-Miquelon,3,92,-1.50231,41.4177
975,Saint-Pierre-et-Miquelon,3,93,-1.5198,41.4224
976,Mayotte,1,0,0.2514,41.23542
976,Mayotte,1,1,0.22649,41.22674
976,Mayotte,1,2,0.21324,41.23289
976,Mayotte,1,3,0.21006,41.25676
976,Mayotte,1,4,0.18727,41.25785
976,Mayotte,1,5,0.16819,41.24049
976,Mayotte,1,6,0.15706,41.24627
976,Mayotte,1,7,0.16289,41.30522
976,Mayotte,1,8,0.14647,41.30739
976,Mayotte,1,9,0.11361,41.28823
976,Mayotte,1,10,0.08605,41.29944
976,Mayotte,1,11,0.13428,41.33307
976,Mayotte,1,12,0.14435,41.36526
976,Mayotte,1,13,0.12474,41.3837
976,Mayotte,1,14,0.10354,41.37466
976,Mayotte,1,15,0.08075,41.38949
976,Mayotte,1,16,0.04418,41.43976
976,Mayotte,1,17,0.11308,41.4441
976,Mayotte,1,18,0.13693,41.43108
976,Mayotte,1,19,0.13746,41.40179
976,Mayotte,1,20,0.14435,41.39166
976,Mayotte,1,21,0.23444,41.36056
976,Mayotte,1,22,0.26518,41.36273
976,Mayotte,1,23,0.29221,41.38804
976,Mayotte,1,24,0.25882,41.44772
976,Mayotte,1,25,0.24027,41.46435
976,Mayotte,1,26,0.19575,41.48461
976,Mayotte,1,27,0.16819,41.5139
976,Mayotte,1,28,0.13587,41.52656
976,Mayotte,1,29,0.11255,41.54283
976,Mayotte,1,30,0.12792,41.56562
976,Mayotte,1,31,0.15653,41.56887
976,Mayotte,1,32,0.18515,41.58045
976,Mayotte,1,33,0.12315,41.59274
976,Mayotte,1,34,0.13163,41.64193
976,Mayotte,1,35,0.11679,41.66471
976,Mayotte,1,36,0.10407,41.70196
976,Mayotte,1,37,0.12421,41.73126
976,Mayotte,1,38,0.11997,41.74572
976,Mayotte,1,39,0.03941,41.74572
976,Mayotte,1,40,-0.00723,41.77791
976,Mayotte,1,41,-0.03638,41.77032
976,Mayotte,1,42,-0.05864,41.78261
976,Mayotte,1,43,-0.01677,41.82999
976,Mayotte,1,44,-0.05016,41.85494
976,Mayotte,1,45,-0.03903,41.8893
976,Mayotte,1,46,-0.00405,41.89111
976,Mayotte,1,47,0.02033,41.911
976,Mayotte,1,48,0.01874,41.93125
976,Mayotte,1,49,0.04153,41.93451
976,Mayotte,1,50,0.06538,41.97284
976,Mayotte,1,51,0.09453,41.99237
976,Mayotte,1,52,0.10672,41.98297
976,Mayotte,1,53,0.08393,41.96923
976,Mayotte,1,54,0.13905,41.92981
976,Mayotte,1,55,0.14594,41.91028
976,Mayotte,1,56,0.17614,41.89979
976,Mayotte,1,57,0.17826,41.87592
976,Mayotte,1,58,0.19999,41.8506
976,Mayotte,1,59,0.18621,41.83686
976,Mayotte,1,60,0.22225,41.82601
976,Mayotte,1,61,0.24822,41.83686
976,Mayotte,1,62,0.262,41.82239
976,Mayotte,1,63,0.28426,41.82167
976,Mayotte,1,64,0.30917,41.83758
976,Mayotte,1,65,0.32719,41.84048
976,Mayotte,1,66,0.42524,41.83433
976,Mayotte,1,67,0.45597,41.8101
976,Mayotte,1,68,0.48459,41.80684
976,Mayotte,1,69,0.52593,41.76959
976,Mayotte,1,70,0.50685,41.75983
976,Mayotte,1,71,0.49413,41.73921
976,Mayotte,1,72,0.51056,41.73379
976,Mayotte,1,73,0.50473,41.71534
976,Mayotte,1,74,0.46975,41.69003
976,Mayotte,1,75,0.45809,41.67086
976,Mayotte,1,76,0.4263,41.65495
976,Mayotte,1,77,0.39874,41.60576
976,Mayotte,1,78,0.37542,41.58768
976,Mayotte,1,79,0.39821,41.57828
976,Mayotte,1,80,0.40987,41.55947
976,Mayotte,1,81,0.44696,41.53162
976,Mayotte,1,82,0.4883,41.51318
976,Mayotte,1,83,0.46551,41.47737
976,Mayotte,1,84,0.42418,41.45821
976,Mayotte,1,85,0.41252,41.43578
976,Mayotte,1,86,0.41305,41.40793
976,Mayotte,1,87,0.39079,41.4101
976,Mayotte,1,88,0.34044,41.34609
976,Mayotte,1,89,0.33779,41.33343
976,Mayotte,1,90,0.36588,41.29727
976,Mayotte,1,91,0.38814,41.28714
976,Mayotte,1,92,0.4459,41.27774
976,Mayotte,1,93,0.41888,41.25495
976,Mayotte,1,94,0.37807,41.25351
976,Mayotte,1,95,0.31712,41.27557
976,Mayotte,1,96,0.30281,41.26146
976,Mayotte,1,97,0.30917,41.24266
976,Mayotte,1,98,0.28055,41.21626
976,Mayotte,1,99,0.26359,41.21698
976,Mayotte,1,100,0.2514,41.23542
976,Mayotte,2,0,-0.13177,42.01263
976,Mayotte,2,1,-0.12171,42.03577
976,Mayotte,2,2,-0.08249,42.01624
976,Mayotte,2,3,-0.09256,42.00069
976,Mayotte,2,4,-0.1127,41.99346
976,Mayotte,2,5,-0.13177,42.01263
976,Mayotte,3,0,0.58052,41.71751
976,Mayotte,3,1,0.60649,41.70956
976,Mayotte,3,2,0.63299,41.7139
976,Mayotte,3,3,0.65048,41.7573
976,Mayotte,3,4,0.67115,41.77176
976,Mayotte,3,5,0.68705,41.75802
976,Mayotte,3,6,0.70295,41.71932
976,Mayotte,3,7,0.66956,41.67375
976,Mayotte,3,8,0.65048,41.67194
976,Mayotte,3,9,0.62875,41.6969
976,Mayotte,3,10,0.58052,41.71751
